userId,movieId,rating
1,3,5.0
1,8,3.0
1,10,5.0
1,12,4.0
1,19,5.0
1,21,5.0
1,22,5.0
1,26,4.0
1,27,4.0
1,29,5.0
1,39,5.0
1,41,5.0
1,43,4.0
1,47,5.0
1,49,5.0
1,52,2.0
1,63,5.0
1,67,3.0
1,71,4.0
1,92,4.0
1,94,4.0
1,95,5.0
1,100,5.0
1,101,5.0
1,105,5.0
1,107,4.0
1,114,5.0
1,117,5.0
1,144,5.0
1,146,4.0
1,161,5.0
1,169,5.0
1,219,5.0
1,223,5.0
1,231,5.0
1,233,5.0
1,235,5.0
1,241,4.0
1,266,5.0
1,287,5.0
1,304,5.0
1,353,5.0
1,360,5.0
1,368,4.0
1,373,4.0
1,375,5.0
1,376,5.0
1,410,5.0
1,490,5.0
1,494,5.0
1,507,5.0
1,526,4.0
1,536,4.0
1,565,5.0
1,611,5.0
1,618,5.0
1,619,5.0
1,629,4.0
1,649,5.0
1,695,4.0
1,719,4.0
1,750,5.0
1,762,5.0
1,777,4.0
1,784,5.0
1,792,3.0
1,797,5.0
1,811,5.0
1,837,4.0
1,840,5.0
1,847,3.0
1,860,4.0
1,861,5.0
1,870,5.0
1,874,5.0
1,939,4.0
1,944,5.0
1,945,5.0
1,959,4.0
1,972,5.0
1,977,5.0
2,0,3.0
2,2,4.5
2,9,4.0
2,18,3.0
2,41,4.0
2,42,4.0
2,44,4.0
2,61,3.5
2,64,3.5
2,93,4.5
2,97,4.5
2,140,5.0
2,145,4.0
2,152,4.0
2,215,5.0
2,238,5.0
2,628,2.5
2,782,3.5
3,3,0.5
3,96,0.5
3,153,4.0
3,248,0.5
3,539,0.5
3,696,0.5
4,4,5.0
4,8,1.0
4,10,2.0
4,19,4.0
4,21,1.0
4,22,5.0
4,27,5.0
4,52,4.0
4,53,5.0
4,55,4.0
4,60,2.0
4,63,3.0
4,72,4.0
4,95,5.0
4,97,1.0
4,118,4.0
4,120,5.0
4,144,4.0
4,157,4.0
4,161,2.0
4,167,5.0
4,168,4.0
4,169,5.0
4,172,5.0
4,178,5.0
4,220,4.0
4,223,4.0
4,231,5.0
4,235,5.0
4,243,5.0
4,262,5.0
4,274,5.0
4,353,5.0
4,360,4.0
4,367,4.0
4,372,4.0
4,373,4.0
4,374,2.0
4,385,3.0
4,394,3.0
4,412,5.0
4,491,4.0
4,504,5.0
4,508,4.0
4,512,2.0
4,527,5.0
4,533,5.0
4,535,2.0
4,552,5.0
4,592,5.0
4,610,4.0
4,611,4.0
4,618,2.0
4,649,5.0
4,695,2.0
4,696,5.0
4,700,5.0
4,728,4.0
4,745,2.0
4,773,5.0
4,785,4.0
4,804,3.0
4,805,4.0
4,837,4.0
4,854,4.0
4,856,5.0
4,874,5.0
4,896,2.0
4,931,4.0
4,961,3.0
4,972,3.0
4,977,5.0
4,983,5.0
5,0,3.0
5,3,5.0
5,8,5.0
5,28,3.0
5,47,4.0
5,48,3.0
5,92,4.0
5,107,4.0
5,231,3.0
5,262,5.0
5,368,5.0
5,372,4.0
5,385,5.0
5,547,5.0
5,602,4.0
5,649,4.0
5,675,3.0
5,786,3.0
5,970,5.0
6,0,5.0
6,3,3.0
6,8,2.0
6,12,5.0
6,27,4.0
6,28,3.0
6,47,1.0
6,48,5.0
6,92,5.0
6,94,4.0
6,146,5.0
6,155,4.0
6,231,3.0
6,262,4.0
6,368,5.0
6,372,5.0
6,374,4.0
6,385,5.0
6,573,5.0
6,602,4.0
6,611,3.0
6,618,5.0
6,649,5.0
6,675,4.0
6,779,3.0
6,786,4.0
6,810,5.0
6,817,4.0
6,824,4.0
6,856,3.0
6,966,3.0
6,970,4.0
6,977,3.0
6,985,3.0
6,987,4.0
7,5,4.0
7,11,4.5
7,12,5.0
7,14,4.5
7,22,4.0
7,27,5.0
7,28,2.5
7,39,5.0
7,41,1.5
7,42,1.0
7,47,4.5
7,52,5.0
7,71,4.0
7,74,4.0
7,95,4.0
7,98,4.0
7,107,4.5
7,114,4.0
7,141,2.0
7,146,5.0
7,148,3.0
7,157,4.5
7,158,4.5
7,161,3.0
7,167,3.0
7,216,4.5
7,219,5.0
7,221,4.0
7,233,4.5
7,234,1.5
7,242,4.0
7,362,4.0
7,363,3.5
7,364,4.5
7,372,3.0
7,375,3.0
7,385,3.5
7,482,2.5
7,490,4.5
7,495,4.0
7,510,4.5
7,637,4.0
7,648,4.5
7,673,4.5
7,763,4.0
7,769,4.0
7,786,4.5
7,807,3.5
7,816,3.0
7,821,0.5
7,838,3.5
7,865,2.5
7,931,4.0
7,935,4.0
7,949,4.0
7,953,1.0
7,966,4.0
8,0,5.0
8,3,5.0
8,8,4.0
8,12,3.0
8,27,4.0
8,47,5.0
8,48,5.0
8,92,3.0
8,146,4.0
8,368,5.0
8,374,3.0
8,649,3.0
8,695,3.0
8,778,3.0
8,786,4.0
9,11,5.0
9,14,5.0
9,39,5.0
9,63,5.0
9,83,4.0
9,117,5.0
9,613,3.0
9,683,4.0
9,830,3.0
9,834,4.0
9,844,5.0
9,847,4.0
9,949,4.0
10,2,4.5
10,5,4.0
10,8,1.0
10,10,0.5
10,11,4.0
10,12,3.5
10,14,4.0
10,18,0.5
10,21,0.5
10,41,4.0
10,53,4.0
10,61,5.0
10,95,1.0
10,109,4.0
10,140,1.0
10,141,5.0
10,157,0.5
10,158,4.0
10,160,3.5
10,214,0.5
10,228,3.0
10,278,3.5
10,362,2.5
10,364,5.0
10,370,3.0
10,372,4.0
10,379,3.0
10,380,5.0
10,388,3.5
10,475,2.5
10,495,4.5
10,506,1.0
10,603,3.0
10,605,5.0
10,609,4.0
10,642,5.0
10,659,3.5
10,664,0.5
10,672,4.0
10,764,1.0
10,793,3.5
10,807,3.5
10,821,3.5
10,832,3.0
10,865,1.0
10,937,3.0
10,961,4.0
10,969,5.0
10,978,2.5
11,0,4.0
11,12,5.0
11,26,5.0
11,27,5.0
11,28,4.0
11,92,5.0
11,94,5.0
11,97,4.0
11,114,4.0
11,146,4.0
11,398,4.0
11,473,5.0
11,649,5.0
11,786,5.0
11,792,5.0
11,821,5.0
11,966,3.0
12,167,4.5
12,373,3.5
12,473,5.0
12,573,3.0
12,602,4.5
12,603,5.0
12,605,5.0
12,854,4.5
12,997,5.0
13,21,5.0
13,41,5.0
13,63,5.0
13,151,5.0
13,473,4.0
13,491,4.0
14,0,3.0
14,3,3.0
14,8,3.0
14,12,4.0
14,27,4.0
14,92,5.0
14,146,3.0
14,368,4.0
14,374,4.0
14,618,4.0
14,778,3.0
14,786,4.0
14,810,5.0
14,824,3.0
14,985,3.0
14,987,3.0
15,0,5.0
15,1,4.0
15,2,2.0
15,3,5.0
15,8,4.0
15,9,3.5
15,10,2.5
15,11,3.5
15,12,5.0
15,14,3.5
15,18,4.0
15,21,4.0
15,22,5.0
15,26,3.5
15,28,5.0
15,29,5.0
15,38,4.5
15,39,5.0
15,41,5.0
15,43,5.0
15,48,3.0
15,49,4.5
15,60,1.5
15,61,2.0
15,63,4.0
15,64,1.0
15,68,5.0
15,78,3.5
15,95,4.0
15,96,4.0
15,107,2.5
15,109,3.5
15,114,5.0
15,152,3.0
15,157,3.0
15,158,5.0
15,160,3.0
15,213,4.5
15,214,2.0
15,215,2.0
15,219,4.0
15,221,5.0
15,226,3.0
15,232,4.5
15,242,3.5
15,257,4.0
15,348,1.5
15,351,4.0
15,352,2.0
15,358,2.0
15,361,3.0
15,362,2.5
15,372,3.0
15,373,3.5
15,377,3.0
15,475,3.0
15,478,4.5
15,480,2.0
15,495,3.0
15,500,3.0
15,502,3.5
15,506,4.0
15,613,5.0
15,622,4.5
15,635,5.0
15,638,3.5
15,646,4.0
15,652,3.0
15,654,4.0
15,655,1.5
15,669,4.5
15,767,4.0
15,782,2.0
15,802,4.5
15,932,3.5
15,940,3.0
15,941,3.5
15,949,4.0
15,953,5.0
15,955,5.0
16,0,4.0
16,1,2.5
16,2,4.5
16,3,4.0
16,4,4.0
16,5,3.5
16,8,3.0
16,9,3.0
16,10,3.5
16,11,3.5
16,12,3.5
16,14,3.5
16,19,3.5
16,20,4.0
16,21,3.5
16,22,3.0
16,27,3.0
16,43,4.0
16,47,4.0
16,49,3.5
16,52,3.0
16,53,3.5
16,55,3.5
16,60,4.5
16,61,4.5
16,63,3.5
16,71,4.0
16,74,4.5
16,78,4.0
16,85,3.0
16,95,3.5
16,96,4.0
16,97,3.5
16,99,4.0
16,100,4.0
16,103,3.5
16,105,4.5
16,109,4.0
16,112,4.5
16,117,3.5
16,149,4.5
16,151,3.0
16,157,3.5
16,161,3.5
16,165,4.0
16,166,4.5
16,169,4.0
16,217,4.5
16,231,4.5
16,253,4.0
16,306,3.5
16,353,4.0
16,356,3.5
16,379,4.0
16,396,4.0
16,413,4.0
16,512,5.0
16,544,4.0
16,692,4.0
16,843,4.0
16,864,4.0
16,944,1.5
17,0,5.0
17,1,5.0
17,2,4.5
17,3,4.5
17,5,4.5
17,6,4.5
17,8,5.0
17,9,4.5
17,10,4.5
17,11,4.5
17,12,5.0
17,14,5.0
17,19,4.5
17,20,4.5
17,21,5.0
17,22,5.0
17,26,4.5
17,27,4.5
17,28,4.5
17,29,4.5
17,39,4.5
17,42,4.0
17,47,4.5
17,49,4.5
17,54,3.5
17,55,4.0
17,60,4.0
17,63,4.5
17,67,4.0
17,74,4.5
17,78,3.5
17,92,4.5
17,93,4.0
17,95,4.0
17,96,4.5
17,100,4.0
17,101,5.0
17,105,4.5
17,107,4.5
17,112,4.0
17,114,5.0
17,118,3.5
17,122,4.0
17,128,3.5
17,141,4.0
17,144,4.0
17,146,4.5
17,149,4.0
17,154,4.0
17,157,4.0
17,165,4.5
17,166,4.0
17,172,3.5
17,217,3.5
17,219,5.0
17,220,4.0
17,223,5.0
17,241,4.5
17,248,4.0
17,254,4.5
17,353,3.5
17,368,4.5
17,398,3.0
17,481,4.5
17,503,3.5
17,521,3.5
17,623,4.0
17,634,4.0
17,660,3.5
17,700,4.0
17,762,4.0
17,786,3.5
17,805,3.0
17,945,4.5
17,956,4.0
17,960,4.0
18,0,5.0
18,1,4.0
18,2,4.0
18,3,4.5
18,4,5.0
18,5,4.5
18,6,5.0
18,8,4.0
18,9,4.5
18,10,4.5
18,11,4.5
18,12,4.5
18,14,3.5
18,18,4.5
18,19,4.5
18,20,4.5
18,21,4.5
18,22,4.0
18,26,4.0
18,27,4.5
18,28,4.5
18,29,4.0
18,38,4.5
18,39,4.0
18,41,4.5
18,42,4.5
18,43,4.0
18,44,4.5
18,46,4.5
18,47,5.0
18,48,3.0
18,49,4.0
18,52,4.5
18,54,5.0
18,55,4.5
18,58,4.0
18,60,4.5
18,61,4.0
18,63,4.0
18,64,4.0
18,71,3.5
18,75,4.0
18,84,4.5
18,92,4.5
18,93,3.5
18,94,4.0
18,96,4.5
18,97,4.0
18,98,4.0
18,99,4.5
18,100,4.0
18,101,4.5
18,102,4.0
18,103,4.0
18,105,4.5
18,106,4.5
18,107,3.5
18,109,4.0
18,112,4.0
18,114,4.5
18,117,5.0
18,120,4.0
18,122,4.5
18,140,3.0
18,141,4.5
18,144,4.0
18,145,4.5
18,146,3.5
18,148,3.0
18,149,4.0
18,151,4.5
18,152,3.5
18,154,4.0
18,155,4.5
18,157,4.5
18,158,4.5
18,160,4.0
18,161,4.0
18,162,4.5
18,165,4.0
18,166,4.0
18,169,4.5
18,178,4.0
18,212,3.0
18,214,4.0
18,216,4.5
18,217,4.0
18,219,4.0
18,221,4.0
18,223,4.5
18,226,3.5
18,229,4.0
18,230,4.5
18,231,4.5
18,232,3.5
18,233,4.0
18,234,4.0
18,235,4.0
18,237,3.5
18,239,4.5
18,240,4.5
18,242,4.0
18,253,4.0
18,257,3.5
18,272,4.5
18,283,4.5
18,348,4.5
18,349,4.5
18,350,3.5
18,351,4.5
18,352,3.5
18,358,4.0
18,362,3.5
18,363,3.5
18,365,4.0
18,368,4.0
18,371,4.5
18,372,3.5
18,374,4.0
18,375,3.0
18,377,3.5
18,379,4.5
18,385,3.0
18,388,4.0
18,413,4.0
18,442,4.5
18,473,4.0
18,475,4.0
18,476,3.0
18,478,3.5
18,480,4.0
18,481,3.5
18,482,3.5
18,486,4.0
18,493,3.75
18,495,4.0
18,496,4.0
18,499,4.0
18,501,3.0
18,502,3.5
18,503,4.0
18,506,3.0
18,507,4.0
18,511,4.0
18,521,3.5
18,522,4.0
18,604,3.0
18,606,4.0
18,613,3.5
18,627,3.5
18,628,4.0
18,630,4.0
18,631,3.5
18,634,3.5
18,635,4.0
18,636,3.5
18,645,3.0
18,649,3.5
18,655,3.5
18,656,4.5
18,659,3.5
18,661,3.5
18,669,3.5
18,672,4.0
18,695,4.5
18,752,3.5
18,764,4.0
18,766,4.5
18,767,4.0
18,769,4.0
18,770,3.0
18,777,4.0
18,778,3.5
18,779,3.5
18,780,4.0
18,782,4.5
18,784,3.5
18,799,3.5
18,800,4.5
18,805,4.0
18,807,4.0
18,810,4.0
18,816,4.0
18,820,4.0
18,821,3.5
18,824,4.0
18,827,4.5
18,834,4.0
18,835,3.75
18,837,4.0
18,838,4.0
18,847,4.0
18,848,4.5
18,859,4.0
18,898,3.0
18,920,4.0
18,931,3.5
18,933,3.5
18,935,3.5
18,937,3.5
18,940,3.5
18,941,4.5
18,942,4.5
18,949,4.0
18,950,4.0
18,951,4.0
18,958,4.0
18,959,4.0
18,965,4.5
18,966,4.0
18,971,4.5
18,991,4.5
19,10,5.0
19,12,2.0
19,20,4.0
19,21,4.0
19,22,4.0
19,28,5.0
19,39,4.0
19,41,3.0
19,43,4.0
19,48,3.0
19,52,4.0
19,55,5.0
19,63,5.0
19,67,2.0
19,68,3.0
19,95,4.0
19,98,3.0
19,100,3.0
19,107,4.0
19,114,3.0
19,116,5.0
19,122,4.0
19,135,2.0
19,144,5.0
19,146,2.0
19,157,4.0
19,161,4.0
19,169,3.0
19,172,4.0
19,178,4.0
19,217,4.0
19,219,4.0
19,220,3.0
19,223,3.0
19,353,5.0
19,358,3.0
19,372,3.0
19,373,4.0
19,374,4.0
19,376,4.0
19,387,2.0
19,413,5.0
19,494,5.0
19,510,2.0
19,514,5.0
19,517,3.0
19,527,3.0
19,538,3.0
19,544,3.0
19,552,4.0
19,560,4.0
19,579,4.0
19,610,2.0
19,611,4.0
19,613,2.0
19,619,4.0
19,636,5.0
19,646,3.0
19,649,4.0
19,664,2.0
19,669,4.0
19,688,3.0
19,695,4.0
19,704,4.0
19,728,3.0
19,750,4.0
19,762,4.0
19,773,2.0
19,778,3.0
19,784,4.0
19,797,3.0
19,811,5.0
19,821,2.0
19,832,3.0
19,837,4.0
19,847,3.0
19,848,5.0
19,922,2.0
19,932,2.0
19,939,3.0
19,940,5.0
19,945,2.0
19,952,3.0
19,959,3.0
19,961,3.0
19,964,2.0
19,966,3.0
19,977,2.0
19,981,3.0
19,987,2.0
20,11,5.0
20,14,5.0
20,41,4.5
20,48,5.0
20,60,3.5
20,118,4.0
20,135,2.5
20,158,5.0
20,221,4.5
20,235,5.0
20,242,4.0
20,249,4.5
20,266,4.5
20,372,5.0
20,375,3.0
20,385,5.0
20,491,4.5
20,493,3.0
20,494,5.0
20,495,5.0
20,510,5.0
20,514,5.0
20,538,5.0
20,611,5.0
20,632,4.0
20,638,3.5
20,664,4.5
20,696,4.5
20,762,5.0
20,778,3.0
20,789,3.5
20,804,4.0
20,811,5.0
20,854,4.5
20,874,4.5
20,924,5.0
20,931,4.5
20,932,1.0
20,949,4.5
20,955,3.5
20,957,4.0
20,961,5.0
20,970,5.0
20,977,4.25
20,981,3.5
20,984,4.0
21,1,2.5
21,2,3.5
21,5,1.5
21,6,2.5
21,8,3.5
21,9,3.5
21,10,2.0
21,11,1.5
21,12,4.5
21,14,2.0
21,18,3.0
21,21,4.0
21,22,4.5
21,28,3.5
21,39,5.0
21,41,2.5
21,43,1.5
21,48,4.0
21,58,3.0
21,61,3.5
21,63,4.0
21,64,3.5
21,68,2.0
21,95,2.0
21,97,3.5
21,107,3.5
21,109,4.5
21,112,4.0
21,114,4.5
21,140,3.0
21,141,3.5
21,144,4.0
21,146,4.0
21,152,1.5
21,153,0.5
21,154,3.5
21,157,0.5
21,162,2.5
21,214,3.5
21,215,3.5
21,216,4.0
21,217,3.5
21,219,3.5
21,221,3.5
21,224,4.0
21,226,3.5
21,229,3.0
21,232,4.0
21,242,3.5
21,250,3.5
21,251,2.0
21,306,4.0
21,347,3.5
21,348,4.0
21,349,2.5
21,352,3.5
21,355,1.0
21,358,4.0
21,359,2.5
21,361,4.0
21,362,3.5
21,363,3.0
21,364,3.0
21,372,4.0
21,373,3.5
21,375,4.0
21,377,1.5
21,380,3.5
21,382,3.5
21,388,4.0
21,396,2.5
21,473,3.5
21,475,4.0
21,476,4.0
21,478,4.5
21,480,4.0
21,482,4.0
21,493,4.0
21,495,4.0
21,499,3.5
21,502,3.5
21,506,3.5
21,510,3.5
21,514,0.5
21,603,1.5
21,609,3.5
21,613,5.0
21,619,3.5
21,623,3.0
21,635,4.0
21,642,4.0
21,643,3.0
21,648,4.0
21,655,3.5
21,659,3.0
21,662,4.0
21,679,3.5
21,764,4.0
21,765,4.0
21,769,4.5
21,770,3.5
21,778,2.5
21,781,3.0
21,795,1.0
21,802,4.0
21,803,2.5
21,807,4.0
21,814,2.0
21,840,4.5
21,931,4.0
21,937,3.5
21,939,3.25
21,940,2.5
21,942,2.5
21,949,4.5
21,951,3.5
21,953,4.5
21,954,3.0
21,959,3.5
21,966,3.5
22,0,5.0
22,1,3.0
22,2,3.0
22,5,1.0
22,10,3.5
22,11,1.0
22,12,5.0
22,20,5.0
22,38,4.0
22,41,4.0
22,42,2.5
22,60,3.0
22,78,2.0
22,93,4.0
22,96,0.5
22,103,3.5
22,109,2.0
22,141,2.5
22,143,4.0
22,147,4.0
22,152,4.0
22,158,3.5
22,160,3.5
22,162,0.5
22,165,1.5
22,216,2.5
22,217,5.0
22,226,1.5
22,242,3.5
22,255,2.0
22,278,0.5
22,356,1.5
22,357,4.0
22,362,4.0
22,364,5.0
22,371,0.5
22,377,5.0
22,382,0.5
22,388,2.5
22,475,3.5
22,480,0.5
22,481,0.5
22,493,3.5
22,495,3.0
22,502,0.5
22,503,4.0
22,653,5.0
22,656,1.0
22,676,4.0
22,766,0.5
22,767,0.5
22,770,0.5
22,775,2.0
22,788,2.5
22,796,4.0
22,804,2.5
22,816,2.0
22,836,4.5
22,838,2.0
22,844,3.5
22,865,3.5
22,934,3.5
22,957,3.5
22,965,1.0
23,1,3.5
23,4,3.0
23,6,3.5
23,8,3.5
23,19,3.0
23,20,3.5
23,43,4.0
23,47,4.0
23,53,3.5
23,55,3.5
23,58,3.0
23,60,4.5
23,67,5.0
23,68,3.0
23,71,4.0
23,74,3.0
23,94,4.0
23,96,5.0
23,98,4.0
23,100,4.0
23,101,4.0
23,105,5.0
23,117,4.0
23,152,3.0
23,154,3.0
23,161,3.5
23,166,4.5
23,168,4.0
23,169,3.0
23,175,3.5
23,217,5.0
23,231,3.5
23,239,4.0
23,252,2.0
23,259,5.0
23,266,3.5
23,272,5.0
23,275,4.0
23,362,3.0
23,374,3.5
23,377,3.0
23,385,3.5
23,386,4.0
23,387,3.0
23,413,4.0
23,430,3.0
23,434,5.0
23,511,3.0
23,512,4.0
23,530,4.0
23,545,5.0
23,562,3.0
23,634,3.0
23,653,3.0
23,804,3.0
23,859,3.5
23,871,3.0
23,991,5.0
24,0,4.5
24,2,4.0
24,8,4.0
24,9,4.0
24,12,4.5
24,21,4.0
24,26,4.0
24,27,4.5
24,29,4.5
24,41,4.0
24,47,4.0
24,61,4.0
24,63,4.5
24,93,3.0
24,94,4.5
24,97,4.0
24,102,4.0
24,148,3.5
24,158,3.5
24,162,4.0
24,231,4.0
24,232,4.0
24,234,4.0
24,350,3.0
24,351,4.0
24,353,4.0
24,364,3.5
24,373,4.5
24,374,3.5
24,388,4.0
24,478,3.5
24,481,4.0
24,490,3.5
24,493,4.0
24,502,4.0
24,627,4.0
24,635,3.5
24,642,3.5
24,648,4.0
24,649,3.5
24,669,3.0
24,764,4.0
24,774,4.5
24,804,4.0
24,808,4.0
24,821,4.0
24,831,4.0
24,937,4.0
24,940,4.0
24,949,3.0
24,966,3.5
25,2,5.0
25,3,5.0
25,5,5.0
25,9,5.0
25,11,5.0
25,14,5.0
25,21,5.0
25,26,5.0
25,41,5.0
25,61,5.0
25,63,5.0
25,78,5.0
25,93,5.0
25,109,5.0
25,145,4.5
25,230,5.0
25,346,4.0
25,349,5.0
25,480,4.0
25,484,4.5
25,501,5.0
25,938,5.0
26,8,4.0
26,12,3.0
26,27,4.0
26,649,4.0
26,786,3.0
26,966,4.0
27,12,5.0
27,22,4.0
27,39,5.0
27,48,4.0
27,63,5.0
27,68,1.0
27,98,2.0
27,99,5.0
27,105,1.0
27,107,3.0
27,114,4.0
27,146,4.0
27,167,4.0
27,170,5.0
27,211,2.0
27,249,5.0
27,253,4.0
27,265,5.0
27,274,4.0
27,353,5.0
27,368,4.0
27,375,4.0
27,379,2.0
27,385,4.0
27,394,3.0
27,413,4.0
27,473,5.0
27,494,5.0
27,510,4.0
27,517,5.0
27,700,4.0
27,707,5.0
27,860,4.0
27,861,4.0
27,871,3.0
27,879,4.0
27,939,1.0
27,961,4.0
28,0,3.5
28,1,4.5
28,2,3.5
28,3,3.0
28,5,3.5
28,6,4.0
28,8,4.5
28,10,3.5
28,11,3.0
28,12,4.0
28,14,3.5
28,19,4.0
28,21,4.0
28,22,4.0
28,26,3.5
28,27,2.5
28,28,4.5
28,29,2.5
28,38,1.5
28,41,4.0
28,42,2.5
28,43,3.5
28,46,3.0
28,47,3.5
28,49,2.5
28,54,3.0
28,60,3.5
28,63,2.5
28,68,4.0
28,71,3.0
28,78,4.0
28,92,3.5
28,94,3.5
28,95,4.0
28,96,2.0
28,97,3.0
28,98,3.0
28,100,3.0
28,101,2.5
28,103,2.5
28,105,4.0
28,114,4.0
28,118,2.0
28,122,3.0
28,141,4.5
28,143,4.5
28,146,2.5
28,147,3.0
28,148,1.5
28,151,3.5
28,152,4.0
28,154,2.0
28,155,2.5
28,157,3.0
28,158,3.0
28,161,3.0
28,162,3.0
28,168,4.5
28,169,3.5
28,216,2.0
28,217,4.0
28,219,4.5
28,221,3.5
28,223,4.0
28,231,3.0
28,237,3.5
28,239,3.5
28,253,3.5
28,255,4.0
28,257,4.0
28,262,4.0
28,278,4.0
28,353,2.5
28,356,4.0
28,360,2.5
28,362,3.5
28,363,3.5
28,364,3.5
28,366,3.0
28,368,4.0
28,370,3.0
28,374,3.5
28,377,4.0
28,381,4.5
28,382,4.0
28,388,4.0
28,391,3.0
28,396,2.0
28,398,4.0
28,406,4.0
28,475,5.0
28,480,4.5
28,481,3.5
28,486,3.0
28,493,3.75
28,496,4.0
28,498,2.0
28,500,3.0
28,502,4.5
28,503,3.0
28,504,3.0
28,512,2.0
28,521,3.0
28,535,3.0
28,536,2.5
28,547,3.0
28,603,2.0
28,618,3.0
28,619,1.5
28,621,1.0
28,627,4.5
28,631,2.0
28,634,3.5
28,637,3.5
28,638,3.5
28,641,2.5
28,643,4.0
28,646,3.0
28,648,3.5
28,649,3.0
28,650,3.5
28,652,3.0
28,656,2.5
28,657,2.5
28,661,4.5
28,666,2.0
28,669,3.5
28,670,2.0
28,672,2.5
28,673,3.5
28,676,2.5
28,686,3.0
28,691,3.0
28,700,4.5
28,702,3.25
28,706,5.0
28,715,1.5
28,722,3.0
28,732,4.0
28,750,4.0
28,763,2.0
28,766,2.0
28,771,4.5
28,777,3.0
28,784,2.0
28,787,3.5
28,789,2.0
28,796,2.5
28,800,3.5
28,803,2.0
28,804,3.5
28,805,3.0
28,807,3.5
28,810,3.5
28,812,2.0
28,816,3.0
28,824,3.5
28,827,3.0
28,829,2.0
28,831,2.5
28,834,3.0
28,835,3.5
28,836,4.0
28,837,2.5
28,839,3.5
28,848,2.5
28,849,2.5
28,854,4.0
28,859,3.5
28,861,3.5
28,865,3.0
28,932,4.0
28,933,4.0
28,934,3.5
28,937,4.5
28,939,3.0
28,940,4.5
28,944,3.5
28,945,2.0
28,949,3.5
28,953,4.0
28,958,4.0
28,959,2.0
28,965,3.0
28,971,4.0
28,986,3.0
28,992,3.0
29,0,4.5
29,1,4.5
29,8,3.5
29,12,4.5
29,19,4.0
29,26,5.0
29,35,5.0
29,39,4.0
29,41,5.0
29,42,4.5
29,46,5.0
29,47,3.5
29,54,4.5
29,55,4.5
29,63,4.5
29,64,4.5
29,71,4.0
29,74,4.5
29,98,5.0
29,105,4.0
29,111,4.5
29,143,4.0
29,161,5.0
29,169,4.0
29,170,4.5
29,266,3.5
29,273,4.5
29,274,5.0
29,284,4.0
29,380,4.0
29,478,4.0
29,499,4.5
29,500,4.5
29,502,4.0
29,522,4.5
29,539,5.0
29,652,5.0
29,678,4.0
29,696,4.0
29,722,4.5
29,766,4.0
29,771,4.0
29,786,4.0
29,792,5.0
29,802,4.0
29,816,4.5
29,835,4.0
29,861,4.0
29,902,4.5
29,960,5.0
29,966,4.0
30,0,5.0
30,2,5.0
30,5,5.0
30,9,5.0
30,11,5.0
30,14,5.0
30,18,5.0
30,21,5.0
30,22,5.0
30,28,3.5
30,61,5.0
30,63,5.0
30,68,3.0
30,78,5.0
30,92,5.0
30,109,5.0
30,114,5.0
30,141,5.0
30,144,5.0
30,154,4.0
30,219,3.5
30,348,5.0
30,352,5.0
30,478,5.0
30,480,5.0
30,481,5.0
30,489,5.0
30,662,5.0
30,795,4.0
30,814,4.0
31,22,4.0
31,39,4.0
31,43,4.0
31,53,5.0
31,63,4.0
31,68,3.0
31,107,5.0
31,154,5.0
31,169,3.0
31,219,4.0
31,234,3.0
31,353,5.0
31,372,5.0
31,373,2.0
31,376,5.0
31,611,4.0
31,690,3.0
31,817,3.0
31,874,5.0
31,966,4.0
31,987,4.0
32,0,5.0
32,3,4.0
32,8,5.0
32,22,4.0
32,27,5.0
32,47,5.0
32,53,5.0
32,63,5.0
32,94,3.0
32,107,3.0
32,154,5.0
32,178,4.0
32,231,5.0
32,353,5.0
32,374,4.0
32,534,5.0
32,611,5.0
32,618,3.0
32,779,3.0
32,810,3.0
32,856,4.0
32,983,4.0
32,987,4.0
33,0,4.0
33,3,5.0
33,8,5.0
33,12,5.0
33,19,3.0
33,21,5.0
33,26,5.0
33,27,5.0
33,28,4.0
33,47,5.0
33,92,5.0
33,97,5.0
33,107,3.0
33,114,5.0
33,148,4.0
33,157,4.0
33,161,5.0
33,231,4.0
33,235,5.0
33,239,4.0
33,262,4.0
33,372,5.0
33,374,3.0
33,398,4.0
33,473,4.0
33,487,5.0
33,507,2.0
33,602,4.0
33,641,5.0
33,649,5.0
33,669,5.0
33,696,5.0
33,697,2.0
33,777,4.0
33,786,3.0
33,810,5.0
33,817,4.0
33,821,2.0
33,824,3.0
33,829,3.0
33,834,4.0
33,847,4.0
33,859,5.0
33,952,3.0
33,987,1.0
33,997,4.0
34,0,4.0
34,10,4.0
34,12,4.0
34,14,1.0
34,21,3.0
34,28,3.5
34,60,4.5
34,92,0.5
34,148,2.5
34,152,5.0
34,154,2.5
34,157,3.0
34,216,5.0
34,375,4.0
34,377,4.5
34,473,0.5
34,495,3.5
34,796,5.0
34,935,2.0
34,940,4.5
34,955,4.0
35,47,5.0
35,368,5.0
35,385,3.0
35,602,5.0
35,695,4.0
35,786,5.0
36,0,4.0
36,55,3.5
36,97,3.0
36,105,2.5
36,120,3.5
36,122,4.0
36,158,1.0
36,161,4.5
36,166,2.0
36,170,4.0
36,178,3.5
36,235,1.5
36,241,2.5
36,376,2.5
36,384,2.5
36,398,2.5
36,491,4.5
36,634,2.5
36,816,1.5
36,952,1.5
37,0,4.0
37,8,5.0
37,12,4.0
37,27,5.0
37,368,4.0
37,611,4.0
37,649,4.0
37,786,5.0
37,966,5.0
38,0,5.0
38,3,5.0
38,8,3.0
38,12,3.0
38,27,3.0
38,47,5.0
38,48,2.0
38,92,5.0
38,146,3.0
38,368,4.0
38,372,3.0
38,385,4.0
38,486,2.0
38,514,4.0
38,649,5.0
38,695,4.0
38,778,3.0
38,786,4.0
38,810,3.0
38,817,3.0
38,824,3.0
38,847,5.0
38,985,3.0
39,1,4.0
39,6,5.0
39,8,5.0
39,19,4.0
39,21,5.0
39,22,5.0
39,27,5.0
39,28,4.0
39,39,4.0
39,43,5.0
39,47,5.0
39,48,4.0
39,52,5.0
39,63,4.0
39,67,5.0
39,68,5.0
39,95,5.0
39,98,2.0
39,100,5.0
39,114,5.0
39,120,3.0
39,144,5.0
39,154,4.0
39,157,5.0
39,161,2.0
39,169,4.0
39,211,5.0
39,231,5.0
39,233,2.0
39,253,4.0
39,265,4.0
39,353,5.0
39,372,4.0
39,374,3.0
39,375,4.0
39,384,5.0
39,430,5.0
39,494,4.0
39,536,5.0
39,610,5.0
39,611,3.0
39,649,4.0
39,704,5.0
39,792,4.0
39,811,4.0
39,837,5.0
39,840,3.0
39,874,1.0
39,940,2.0
39,961,2.0
39,970,3.0
39,977,3.0
40,0,5.0
40,8,5.0
40,48,5.0
40,92,4.0
40,107,5.0
40,149,5.0
40,368,4.0
40,372,4.0
40,385,3.0
40,511,5.0
40,514,3.0
40,618,5.0
40,649,3.0
40,675,3.0
40,695,4.0
40,786,5.0
40,810,5.0
40,817,5.0
40,847,5.0
40,966,4.0
40,977,4.0
41,8,5.0
41,9,0.5
41,10,4.0
41,12,2.0
41,14,2.0
41,19,2.0
41,21,2.0
41,26,2.0
41,27,4.0
41,38,3.0
41,41,4.0
41,42,3.5
41,43,0.5
41,44,4.0
41,46,4.0
41,47,3.0
41,49,4.0
41,52,4.0
41,60,4.0
41,61,1.0
41,64,4.0
41,67,5.0
41,68,2.0
41,71,2.0
41,72,4.5
41,74,2.0
41,93,4.0
41,95,4.0
41,96,4.0
41,97,3.0
41,98,2.0
41,100,2.0
41,101,5.0
41,102,2.0
41,103,4.0
41,105,2.0
41,109,4.0
41,110,4.0
41,143,5.0
41,148,3.0
41,149,2.0
41,151,3.0
41,152,5.0
41,160,4.0
41,165,3.0
41,167,3.0
41,212,5.0
41,213,3.0
41,214,3.5
41,215,2.5
41,216,3.0
41,217,2.0
41,220,5.0
41,221,4.0
41,223,4.0
41,226,4.0
41,231,4.0
41,237,4.0
41,239,4.0
41,243,2.0
41,255,4.0
41,275,4.0
41,283,4.0
41,350,4.0
41,352,0.5
41,355,3.5
41,356,5.0
41,357,5.0
41,359,3.0
41,362,3.0
41,365,4.0
41,367,4.0
41,370,3.5
41,373,3.0
41,377,5.0
41,380,3.0
41,381,4.0
41,385,4.0
41,388,3.5
41,473,5.0
41,493,2.0
41,494,3.0
41,495,3.0
41,496,4.5
41,498,2.0
41,503,3.0
41,509,3.5
41,521,1.0
41,523,1.5
41,604,3.5
41,612,4.0
41,624,4.0
41,628,4.0
41,631,4.0
41,637,0.5
41,638,5.0
41,656,2.0
41,763,2.0
41,767,3.5
41,769,3.0
41,770,3.0
41,775,4.0
41,777,2.5
41,782,0.5
41,790,4.0
41,796,3.5
41,799,3.0
41,804,4.0
41,808,3.5
41,812,4.0
41,819,4.0
41,821,4.0
41,832,3.5
41,937,2.0
41,955,3.5
41,957,2.5
41,978,4.0
41,984,3.0
41,992,3.5
42,0,4.0
42,1,5.0
42,3,4.0
42,6,5.0
42,8,5.0
42,10,3.0
42,12,5.0
42,19,5.0
42,21,5.0
42,22,3.0
42,26,5.0
42,27,5.0
42,39,4.0
42,41,3.0
42,47,5.0
42,48,4.0
42,49,5.0
42,53,5.0
42,92,4.0
42,97,5.0
42,98,5.0
42,100,5.0
42,102,5.0
42,105,5.0
42,114,5.0
42,148,3.0
42,154,4.0
42,155,5.0
42,161,2.0
42,168,3.0
42,234,5.0
42,241,5.0
42,353,5.0
42,365,4.0
42,366,4.0
42,368,4.0
42,373,5.0
42,486,5.0
42,487,5.0
42,494,4.0
42,538,4.0
42,610,4.0
42,613,4.0
42,618,5.0
42,619,3.0
42,629,2.0
42,634,4.0
42,636,4.0
42,638,4.0
42,649,4.0
42,669,5.0
42,690,5.0
42,773,5.0
42,777,4.0
42,778,2.0
42,779,2.0
42,783,5.0
42,784,4.0
42,786,5.0
42,804,4.0
42,805,4.0
42,811,4.0
42,821,5.0
42,832,4.0
42,837,4.0
42,847,5.0
42,848,4.0
42,859,5.0
42,894,3.0
42,932,4.0
42,944,4.0
42,945,5.0
42,952,4.0
42,959,5.0
42,966,2.0
42,987,3.0
43,0,4.0
43,8,3.0
43,12,5.0
43,28,5.0
43,48,5.0
43,92,3.0
43,107,5.0
43,146,4.0
43,368,4.0
43,372,5.0
43,385,5.0
43,573,5.0
43,602,5.0
43,611,5.0
43,618,4.0
43,649,5.0
43,786,5.0
43,856,5.0
43,966,5.0
43,970,5.0
43,977,5.0
43,987,5.0
44,94,3.0
44,107,3.0
44,114,5.0
45,1,5.0
45,6,4.0
45,8,5.0
45,10,5.0
45,11,5.0
45,12,5.0
45,19,5.0
45,21,5.0
45,22,5.0
45,26,5.0
45,27,4.0
45,28,5.0
45,29,5.0
45,39,3.5
45,41,5.0
45,47,5.0
45,48,5.0
45,49,5.0
45,63,4.0
45,67,5.0
45,72,4.0
45,92,5.0
45,94,4.0
45,95,5.0
45,97,5.0
45,98,4.0
45,107,4.0
45,114,5.0
45,116,4.0
45,144,5.0
45,146,4.0
45,148,4.0
45,151,5.0
45,154,3.0
45,157,5.0
45,160,5.0
45,169,5.0
45,216,5.0
45,217,3.0
45,219,3.0
45,220,3.0
45,221,5.0
45,223,5.0
45,226,5.0
45,234,5.0
45,235,3.0
45,239,4.0
45,242,5.0
45,249,5.0
45,353,5.0
45,365,4.0
45,368,4.0
45,372,5.0
45,373,3.0
45,374,4.5
45,385,5.0
45,388,4.5
45,447,4.0
45,473,4.0
45,491,3.0
45,493,5.0
45,494,5.0
45,495,5.0
45,510,5.0
45,514,3.0
45,538,3.0
45,602,3.0
45,610,4.0
45,611,4.0
45,613,3.0
45,619,4.0
45,632,3.0
45,636,5.0
45,638,5.0
45,649,4.0
45,664,4.0
45,669,4.0
45,678,5.0
45,697,4.0
45,741,3.0
45,762,3.0
45,769,5.0
45,773,4.0
45,777,5.0
45,778,3.0
45,786,5.0
45,807,5.0
45,811,4.0
45,821,4.0
45,832,3.0
45,837,4.0
45,840,4.0
45,847,5.0
45,848,3.0
45,861,3.0
45,874,5.0
45,924,5.0
45,931,4.0
45,939,2.0
45,940,4.0
45,945,5.0
45,949,4.0
45,952,3.0
45,953,5.0
45,957,3.0
45,966,5.0
45,970,4.0
45,977,5.0
45,987,3.0
46,0,4.0
46,27,5.0
46,47,5.0
46,48,5.0
46,92,5.0
46,107,5.0
46,149,4.0
46,368,5.0
46,372,5.0
46,374,4.0
46,385,5.0
46,649,5.0
46,966,4.0
47,0,4.0
47,4,2.5
47,10,2.0
47,12,4.5
47,26,4.0
47,27,2.0
47,29,5.0
47,44,5.0
47,96,1.0
47,140,3.5
47,157,3.0
47,213,2.0
47,218,3.0
47,220,3.0
47,221,2.0
47,228,3.5
47,237,4.0
47,246,2.5
47,255,4.0
47,278,3.0
47,350,0.5
47,355,1.5
47,356,0.5
47,365,4.0
47,368,3.5
47,370,2.5
47,373,2.0
47,381,3.0
47,382,4.0
47,473,3.5
47,475,2.5
47,494,4.0
47,503,3.5
47,505,4.0
47,506,3.5
47,507,2.5
47,605,3.5
47,606,3.0
47,610,2.5
47,623,3.5
47,625,3.0
47,628,2.5
47,638,3.0
47,654,3.5
47,660,4.0
47,665,4.0
47,672,3.5
47,770,0.5
47,786,3.0
47,789,3.5
47,790,3.5
47,799,1.5
47,802,2.0
47,812,4.5
47,819,3.5
47,824,4.0
47,838,3.5
47,950,3.5
47,954,4.0
47,975,4.0
47,984,3.0
48,20,3.0
48,21,5.0
48,43,4.0
48,242,5.0
48,634,4.0
48,669,4.5
48,773,2.5
48,784,4.5
48,940,4.0
48,949,4.5
49,0,4.0
49,3,4.5
49,9,4.5
49,12,4.0
49,18,4.5
49,21,4.5
49,26,4.5
49,43,4.0
49,68,4.5
49,92,4.0
49,160,4.0
49,229,4.5
49,350,4.5
49,370,4.5
49,494,4.5
49,502,4.0
49,638,4.5
49,645,4.0
49,969,4.0
50,0,3.5
50,1,4.0
50,2,3.0
50,8,4.0
50,9,2.5
50,10,3.0
50,12,3.0
50,18,2.5
50,21,2.5
50,27,3.5
50,38,2.5
50,44,2.5
50,58,3.5
50,60,3.0
50,63,3.5
50,64,3.0
50,67,4.0
50,71,4.5
50,72,3.5
50,74,4.0
50,75,3.5
50,85,3.5
50,96,3.0
50,98,4.5
50,101,4.0
50,107,3.0
50,111,4.5
50,112,2.0
50,116,4.0
50,117,4.0
50,118,4.0
50,123,3.0
50,140,3.0
50,141,2.5
50,144,3.0
50,145,2.5
50,148,2.5
50,149,4.0
50,152,3.5
50,154,3.5
50,160,3.0
50,166,4.0
50,169,4.0
50,211,3.0
50,214,3.0
50,215,3.0
50,216,3.0
50,217,4.0
50,223,3.5
50,226,3.0
50,231,4.0
50,237,2.5
50,238,2.5
50,242,3.0
50,244,2.5
50,248,3.5
50,259,4.0
50,271,4.0
50,306,3.0
50,346,3.0
50,349,2.5
50,350,2.5
50,352,1.5
50,357,4.0
50,361,2.5
50,362,3.0
50,364,2.5
50,370,2.0
50,374,3.0
50,376,3.5
50,377,3.5
50,382,2.5
50,386,4.0
50,396,3.5
50,473,3.0
50,475,2.0
50,482,3.0
50,495,2.0
50,506,2.0
50,510,3.0
50,512,4.0
50,598,2.5
50,606,3.0
50,610,2.5
50,612,2.5
50,614,3.5
50,631,3.0
50,642,2.5
50,655,2.0
50,664,3.0
50,684,4.0
50,696,3.0
50,702,3.0
50,761,3.0
50,770,1.0
50,795,2.5
50,796,3.0
50,799,3.0
50,802,1.5
50,809,3.5
50,819,2.5
50,820,2.0
50,840,3.5
50,855,3.0
50,879,3.5
50,885,3.0
50,931,2.5
50,951,2.5
50,966,3.0
50,977,2.0
51,1,3.5
51,2,4.0
51,3,3.0
51,22,5.0
51,27,5.0
51,28,5.0
51,35,5.0
51,43,5.0
51,53,3.0
51,68,5.0
51,96,5.0
51,98,5.0
51,102,5.0
51,149,5.0
51,157,5.0
51,210,5.0
51,235,2.0
51,241,3.0
51,242,4.0
51,253,5.0
51,265,3.5
51,356,4.0
51,371,4.0
51,377,5.0
51,388,1.5
51,394,5.0
51,410,5.0
51,486,4.5
51,498,5.0
51,500,5.0
51,507,4.0
51,514,5.0
51,539,5.0
51,541,5.0
51,544,4.0
51,605,5.0
51,613,3.5
51,634,5.0
51,703,4.0
51,773,4.0
51,783,4.5
51,788,5.0
51,796,4.5
51,797,5.0
51,812,2.5
51,821,5.0
51,831,4.5
51,835,4.0
51,836,5.0
51,888,4.0
51,925,5.0
51,937,5.0
51,941,4.5
51,952,5.0
51,964,4.25
51,987,4.0
52,0,5.0
52,2,5.0
52,5,5.0
52,9,5.0
52,10,4.5
52,12,5.0
52,21,5.0
52,22,4.0
52,42,4.0
52,48,5.0
52,63,3.5
52,78,4.0
52,97,5.0
52,103,3.5
52,109,4.0
52,114,5.0
52,145,4.5
52,152,4.5
52,162,5.0
52,215,5.0
52,226,4.0
52,232,5.0
52,250,5.0
52,278,5.0
52,348,5.0
52,351,5.0
52,352,5.0
52,358,5.0
52,361,5.0
52,362,4.0
52,364,5.0
52,370,4.0
52,372,5.0
52,377,4.5
52,381,5.0
52,382,5.0
52,388,5.0
52,397,3.5
52,475,4.5
52,481,5.0
52,493,5.0
52,496,5.0
52,498,5.0
52,500,3.5
52,502,5.0
52,621,5.0
52,622,5.0
52,630,3.5
52,635,5.0
52,642,3.0
52,643,4.0
52,656,4.0
52,661,4.5
52,679,4.5
52,763,5.0
52,764,4.0
52,770,5.0
52,771,4.0
52,774,5.0
52,786,4.0
52,787,5.0
52,788,4.0
52,793,4.0
52,807,5.0
52,821,4.0
52,827,4.0
52,902,4.0
52,933,4.0
52,934,4.0
52,937,5.0
52,951,4.0
52,969,4.0
52,971,5.0
52,975,5.0
52,986,4.5
53,83,5.0
53,403,5.0
53,410,5.0
53,750,5.0
53,798,5.0
54,0,4.0
54,8,3.0
54,12,4.0
54,27,4.0
54,28,3.0
54,47,3.0
54,92,3.0
54,107,3.0
54,146,3.0
54,368,3.0
54,372,3.0
54,374,3.0
54,385,3.0
54,649,3.0
54,778,2.0
54,786,3.0
54,817,3.0
55,42,5.0
55,151,5.0
55,388,4.0
55,407,4.0
55,762,2.0
55,800,5.0
55,812,4.5
55,827,4.5
55,944,0.5
55,997,0.5
56,0,4.0
56,8,4.0
56,12,5.0
56,27,5.0
56,28,4.0
56,48,5.0
56,92,4.0
56,146,5.0
56,649,4.0
56,966,3.0
57,1,5.0
57,3,5.0
57,6,5.0
57,8,3.0
57,12,4.0
57,20,4.0
57,21,5.0
57,22,4.0
57,26,5.0
57,27,5.0
57,28,4.0
57,39,4.0
57,41,4.0
57,43,3.0
57,47,5.0
57,48,4.0
57,53,5.0
57,55,5.0
57,63,5.0
57,68,4.0
57,71,4.0
57,74,5.0
57,83,4.0
57,92,4.0
57,94,3.0
57,95,5.0
57,97,3.0
57,98,5.0
57,101,4.0
57,105,4.0
57,107,5.0
57,111,5.0
57,114,4.0
57,116,4.0
57,117,5.0
57,118,5.0
57,120,5.0
57,122,5.0
57,128,4.0
57,144,4.0
57,146,5.0
57,148,4.0
57,153,3.0
57,154,4.0
57,157,5.0
57,161,5.0
57,166,5.0
57,167,4.0
57,168,4.0
57,169,5.0
57,193,4.0
57,217,5.0
57,219,4.0
57,231,4.0
57,233,4.0
57,239,4.0
57,253,5.0
57,265,5.0
57,266,4.0
57,272,5.0
57,274,5.0
57,284,4.0
57,306,5.0
57,353,5.0
57,360,3.0
57,367,3.0
57,368,3.0
57,372,4.0
57,373,5.0
57,374,4.0
57,375,4.0
57,376,4.0
57,385,5.0
57,386,3.0
57,394,5.0
57,412,5.0
57,413,5.0
57,430,5.0
57,473,2.0
57,487,4.0
57,490,4.0
57,507,4.0
57,508,5.0
57,510,4.0
57,511,4.0
57,514,4.0
57,517,4.0
57,525,5.0
57,538,4.0
57,545,5.0
57,560,4.0
57,564,4.0
57,565,4.0
57,610,4.0
57,618,4.0
57,619,5.0
57,629,3.0
57,634,4.0
57,636,5.0
57,649,5.0
57,657,4.0
57,664,4.0
57,669,5.0
57,675,4.0
57,678,4.0
57,695,5.0
57,717,5.0
57,722,3.0
57,727,4.0
57,750,5.0
57,762,3.0
57,773,5.0
57,777,4.0
57,786,3.0
57,797,4.0
57,803,4.0
57,811,3.0
57,821,4.0
57,836,4.0
57,837,4.0
57,840,4.0
57,848,5.0
57,870,4.0
57,874,4.0
57,879,4.0
57,909,5.0
57,924,3.0
57,939,3.0
57,940,4.0
57,952,2.0
57,959,5.0
57,960,5.0
57,961,4.0
57,970,4.0
57,987,5.0
58,0,5.0
58,3,5.0
58,8,5.0
58,12,4.0
58,28,4.0
58,47,5.0
58,48,4.0
58,92,5.0
58,146,4.0
58,262,5.0
58,368,3.0
58,372,5.0
58,374,5.0
58,385,5.0
58,486,3.0
58,514,5.0
58,573,5.0
58,602,4.0
58,611,5.0
58,649,5.0
58,786,4.0
58,810,5.0
58,824,5.0
58,847,3.0
58,966,4.0
58,970,5.0
58,977,5.0
58,987,5.0
59,1,5.0
59,3,5.0
59,6,4.0
59,21,1.0
59,22,4.0
59,26,5.0
59,27,5.0
59,28,4.0
59,52,5.0
59,53,5.0
59,55,5.0
59,58,5.0
59,71,5.0
59,74,5.0
59,83,4.0
59,92,2.0
59,98,5.0
59,105,5.0
59,114,3.0
59,116,5.0
59,146,3.0
59,149,5.0
59,161,4.0
59,166,5.0
59,178,4.0
59,217,5.0
59,231,5.0
59,241,4.0
59,248,5.0
59,264,4.0
59,272,5.0
59,274,5.0
59,276,5.0
59,287,5.0
59,357,5.0
59,360,4.0
59,379,5.0
59,413,5.0
59,494,5.0
59,525,5.0
59,530,5.0
59,560,5.0
59,688,5.0
59,692,5.0
59,703,5.0
59,784,5.0
59,785,5.0
59,811,1.0
59,836,5.0
59,861,5.0
59,879,5.0
59,944,5.0
59,982,4.0
59,985,4.0
60,0,4.0
60,1,5.0
60,2,5.0
60,3,5.0
60,4,3.0
60,47,3.0
60,360,4.0
60,387,4.0
60,525,3.0
60,678,4.0
60,818,4.0
60,977,4.0
61,0,5.0
61,5,4.5
61,11,4.5
61,14,4.5
61,19,4.0
61,27,4.0
61,43,4.5
61,47,4.5
61,60,4.5
61,67,4.0
61,71,4.5
61,96,4.5
61,100,4.5
61,103,4.0
61,151,4.5
61,152,4.0
61,155,4.0
61,241,4.0
61,255,4.5
61,356,4.0
61,374,4.5
61,377,4.0
61,394,5.0
61,486,4.5
61,666,4.0
61,669,4.5
61,695,4.0
62,0,4.0
62,1,5.0
62,2,5.0
62,3,4.5
62,4,5.0
62,5,5.0
62,6,5.0
62,8,4.5
62,9,5.0
62,10,5.0
62,11,5.0
62,12,5.0
62,14,5.0
62,18,5.0
62,20,4.0
62,21,5.0
62,22,4.5
62,26,4.0
62,27,5.0
62,29,5.0
62,38,5.0
62,39,4.5
62,41,4.5
62,42,4.5
62,44,4.0
62,46,4.5
62,49,4.5
62,61,5.0
62,63,4.5
62,64,5.0
62,78,4.5
62,92,4.5
62,93,4.0
62,94,4.5
62,96,4.5
62,97,5.0
62,100,5.0
62,102,5.0
62,103,4.5
62,109,5.0
62,114,4.5
62,140,4.0
62,141,5.0
62,143,5.0
62,144,4.5
62,145,4.0
62,148,4.5
62,151,4.5
62,152,5.0
62,157,4.5
62,158,4.5
62,162,5.0
62,165,4.5
62,212,3.0
62,213,4.0
62,214,5.0
62,215,4.0
62,216,4.0
62,221,4.5
62,223,4.5
62,224,4.5
62,229,5.0
62,234,4.5
62,239,4.5
62,346,4.0
62,348,4.0
62,349,4.5
62,350,4.0
62,352,4.5
62,356,4.0
62,358,4.0
62,362,4.5
62,363,4.5
62,364,4.5
62,365,5.0
62,366,4.5
62,370,5.0
62,373,4.0
62,377,5.0
62,380,5.0
62,381,4.5
62,406,4.0
62,473,4.0
62,475,4.0
62,476,4.0
62,478,4.0
62,480,3.5
62,482,4.5
62,484,4.0
62,489,5.0
62,494,4.5
62,495,1.0
62,499,4.0
62,506,4.5
62,510,3.0
62,536,4.0
62,609,4.5
62,612,5.0
62,613,5.0
62,615,4.0
62,624,4.5
62,627,4.5
62,628,4.5
62,630,4.5
62,635,4.0
62,642,4.5
62,645,4.0
62,647,4.5
62,648,4.0
62,650,4.0
62,652,2.0
62,655,4.0
62,659,5.0
62,669,5.0
62,765,4.5
62,766,4.5
62,767,4.5
62,769,4.5
62,770,4.0
62,778,4.0
62,781,4.5
62,782,4.0
62,787,4.5
62,790,4.0
62,791,4.5
62,820,4.5
62,931,4.5
62,933,4.5
62,934,4.0
62,937,4.5
62,938,4.0
62,941,4.0
62,946,4.0
62,949,4.0
62,953,4.5
62,958,4.5
62,977,3.0
62,990,4.5
63,0,5.0
63,1,4.0
63,2,5.0
63,3,4.0
63,4,4.0
63,5,4.0
63,6,4.0
63,8,5.0
63,9,3.5
63,10,5.0
63,11,4.0
63,12,3.5
63,14,3.5
63,19,4.0
63,20,4.0
63,21,3.5
63,22,5.0
63,26,3.5
63,28,4.0
63,35,4.0
63,38,3.5
63,39,5.0
63,41,3.0
63,42,4.5
63,43,2.5
63,47,5.0
63,48,4.0
63,49,4.0
63,53,4.0
63,60,3.5
63,61,5.0
63,63,5.0
63,68,2.5
63,71,5.0
63,78,4.0
63,92,2.5
63,95,5.0
63,96,5.0
63,97,3.5
63,98,3.5
63,100,3.0
63,102,2.5
63,103,5.0
63,105,2.5
63,107,5.0
63,109,4.0
63,112,4.0
63,114,4.5
63,122,2.5
63,128,4.0
63,141,3.5
63,144,4.0
63,145,4.0
63,146,2.5
63,148,3.5
63,149,3.0
63,151,3.5
63,152,3.5
63,154,4.0
63,158,4.0
63,161,4.0
63,169,5.0
63,170,4.0
63,211,3.0
63,216,4.0
63,221,4.0
63,223,0.5
63,226,2.5
63,231,4.5
63,232,5.0
63,239,4.0
63,242,3.5
63,273,2.5
63,348,4.0
63,356,3.0
63,358,3.5
63,363,5.0
63,364,4.0
63,372,4.0
63,373,3.0
63,374,3.0
63,376,3.0
63,377,2.5
63,380,4.5
63,385,3.0
63,388,4.0
63,413,4.0
63,478,4.0
63,481,3.5
63,486,2.5
63,490,5.0
63,491,2.5
63,493,4.0
63,494,2.5
63,495,2.5
63,496,5.0
63,498,5.0
63,499,3.5
63,500,5.0
63,508,5.0
63,543,5.0
63,549,4.0
63,610,4.0
63,611,3.0
63,619,5.0
63,621,5.0
63,628,4.0
63,636,3.5
63,638,3.0
63,642,3.5
63,655,4.0
63,662,5.0
63,685,2.0
63,754,4.0
63,769,4.0
63,771,4.0
63,773,4.0
63,778,2.5
63,780,4.5
63,786,3.0
63,795,5.0
63,804,1.0
63,807,3.0
63,814,5.0
63,816,4.0
63,837,3.0
63,856,4.0
63,874,4.0
63,879,3.0
63,931,1.5
63,932,4.0
63,940,3.5
63,941,2.5
63,948,3.5
63,949,4.0
63,957,4.0
63,959,3.0
63,966,4.0
63,977,5.0
64,0,5.0
64,1,5.0
64,3,5.0
64,4,5.0
64,5,4.5
64,6,5.0
64,8,4.5
64,10,4.5
64,11,4.5
64,12,4.0
64,14,4.5
64,19,5.0
64,20,5.0
64,21,4.0
64,22,3.5
64,26,4.0
64,27,5.0
64,28,4.0
64,29,4.0
64,43,3.5
64,47,3.0
64,48,4.0
64,49,4.0
64,60,4.5
64,67,3.5
64,71,5.0
64,72,4.0
64,92,4.0
64,94,4.5
64,95,2.5
64,96,4.0
64,97,4.5
64,98,1.0
64,99,4.0
64,100,4.0
64,102,3.5
64,103,4.5
64,105,4.0
64,107,4.0
64,111,5.0
64,114,3.5
64,120,4.0
64,141,4.0
64,146,4.0
64,148,4.0
64,149,4.0
64,151,4.5
64,152,4.0
64,154,3.0
64,155,5.0
64,157,4.5
64,160,5.0
64,161,4.0
64,168,3.5
64,169,4.0
64,171,4.5
64,175,5.0
64,211,5.0
64,216,4.0
64,219,3.5
64,223,5.0
64,231,4.0
64,235,4.0
64,239,5.0
64,241,5.0
64,242,4.0
64,248,4.5
64,253,4.0
64,254,4.0
64,255,3.5
64,265,4.5
64,266,5.0
64,274,5.0
64,275,5.0
64,353,4.5
64,356,4.0
64,360,4.5
64,362,3.5
64,363,4.5
64,365,4.0
64,367,4.0
64,368,5.0
64,371,4.0
64,372,4.0
64,373,4.0
64,374,4.0
64,377,4.0
64,384,5.0
64,385,3.5
64,398,4.0
64,407,5.0
64,449,3.5
64,482,3.5
64,486,4.0
64,487,4.5
64,491,4.0
64,493,3.5
64,494,4.5
64,495,3.5
64,498,5.0
64,503,3.5
64,507,4.0
64,508,4.5
64,510,4.0
64,526,4.0
64,536,4.0
64,538,5.0
64,610,3.5
64,611,4.0
64,618,4.0
64,631,4.5
64,634,4.5
64,636,3.5
64,637,3.0
64,638,3.5
64,646,4.5
64,657,4.0
64,664,4.0
64,666,4.0
64,672,4.0
64,685,4.5
64,687,3.5
64,762,4.0
64,763,3.5
64,765,4.0
64,771,5.0
64,774,3.5
64,777,4.0
64,778,3.0
64,779,4.5
64,783,4.0
64,784,3.0
64,788,4.0
64,789,4.0
64,792,5.0
64,796,4.0
64,797,3.5
64,804,4.0
64,805,4.0
64,811,4.0
64,812,2.5
64,821,3.0
64,836,3.0
64,837,4.0
64,844,4.5
64,847,3.0
64,874,3.5
64,894,4.0
64,915,4.5
64,931,3.5
64,932,5.0
64,935,3.5
64,940,3.5
64,941,3.0
64,944,5.0
64,945,4.5
64,949,4.0
64,952,3.5
64,955,3.5
64,957,4.0
64,958,4.5
64,961,4.0
64,972,5.0
64,977,4.0
64,988,4.5
65,0,4.0
65,2,4.5
65,3,4.0
65,5,4.0
65,9,4.5
65,10,4.5
65,11,3.5
65,18,4.5
65,26,4.0
65,29,4.5
65,38,4.5
65,49,4.5
65,60,4.0
65,145,4.5
65,148,4.5
65,154,3.0
65,162,4.5
65,234,4.0
65,237,5.0
65,238,4.0
65,257,4.5
65,349,4.5
65,352,3.0
65,406,4.0
65,478,4.0
65,790,3.0
66,0,4.5
66,4,4.5
66,5,5.0
66,8,5.0
66,10,5.0
66,11,5.0
66,12,5.0
66,14,5.0
66,19,3.5
66,21,5.0
66,22,4.0
66,26,4.5
66,27,4.0
66,28,4.0
66,35,4.0
66,39,3.0
66,41,3.5
66,43,4.0
66,47,4.0
66,53,4.5
66,60,5.0
66,63,3.0
66,67,4.0
66,68,5.0
66,83,5.0
66,92,5.0
66,95,5.0
66,97,5.0
66,100,4.0
66,101,5.0
66,103,4.5
66,105,4.5
66,107,4.0
66,114,3.0
66,116,4.5
66,146,3.0
66,148,4.5
66,149,4.5
66,152,5.0
66,153,5.0
66,154,4.0
66,157,5.0
66,160,4.5
66,166,4.5
66,168,5.0
66,169,5.0
66,175,5.0
66,216,3.5
66,217,5.0
66,219,4.0
66,220,3.5
66,231,4.0
66,234,4.5
66,235,3.5
66,241,4.0
66,242,4.5
66,244,4.0
66,304,4.0
66,353,4.0
66,362,4.0
66,365,4.0
66,366,4.5
66,368,4.5
66,371,5.0
66,373,3.5
66,374,5.0
66,377,5.0
66,379,5.0
66,391,4.0
66,398,5.0
66,418,4.0
66,486,3.5
66,493,5.0
66,495,5.0
66,498,5.0
66,507,3.5
66,508,5.0
66,514,3.5
66,545,5.0
66,610,4.0
66,611,4.5
66,613,3.0
66,619,3.5
66,621,4.0
66,634,4.0
66,636,4.0
66,646,4.0
66,648,4.5
66,649,3.0
66,653,5.0
66,657,4.0
66,678,4.0
66,719,5.0
66,777,3.5
66,778,3.0
66,779,4.0
66,784,4.5
66,796,5.0
66,804,4.0
66,807,5.0
66,810,4.0
66,811,4.0
66,816,5.0
66,821,5.0
66,841,5.0
66,843,5.0
66,844,5.0
66,847,3.5
66,877,5.0
66,940,3.0
66,945,5.0
66,949,3.5
66,952,3.5
66,955,3.5
66,956,4.5
66,959,3.5
67,0,4.5
67,5,2.0
67,8,4.5
67,9,4.0
67,10,4.5
67,11,2.0
67,12,4.5
67,14,2.0
67,21,4.5
67,26,4.5
67,28,3.5
67,39,4.5
67,49,3.0
67,64,4.0
67,78,3.5
67,93,4.0
67,95,4.0
67,144,3.5
67,151,4.5
67,154,4.0
67,160,4.0
67,216,4.5
67,242,4.5
67,361,4.0
67,493,3.0
67,495,3.5
67,613,4.0
67,940,5.0
68,0,3.0
68,1,4.0
68,2,5.0
68,3,4.0
68,5,4.5
68,6,3.0
68,8,2.0
68,9,5.0
68,10,2.5
68,11,4.5
68,12,3.5
68,14,4.0
68,19,3.5
68,20,3.0
68,21,4.5
68,22,5.0
68,26,4.0
68,27,3.5
68,28,3.5
68,29,3.5
68,35,2.5
68,38,3.5
68,39,3.0
68,41,4.25
68,42,3.5
68,43,1.5
68,46,4.0
68,47,3.0
68,48,4.5
68,49,2.5
68,52,4.5
68,53,4.5
68,60,4.0
68,61,4.0
68,63,5.0
68,64,2.5
68,67,3.5
68,68,2.5
68,71,3.0
68,78,4.5
68,92,2.5
68,93,4.5
68,94,4.0
68,95,5.0
68,96,3.0
68,97,4.5
68,98,1.5
68,99,3.0
68,100,3.5
68,101,3.0
68,102,5.0
68,103,4.5
68,105,2.5
68,107,2.5
68,109,3.0
68,112,3.5
68,114,5.0
68,117,3.0
68,122,3.5
68,140,3.0
68,141,2.5
68,143,3.5
68,144,5.0
68,145,3.0
68,146,3.5
68,148,4.5
68,151,3.0
68,152,3.0
68,153,3.0
68,154,3.0
68,155,3.5
68,157,2.5
68,158,3.5
68,160,4.5
68,161,3.5
68,162,3.0
68,165,4.5
68,167,5.0
68,169,3.5
68,172,2.5
68,210,1.5
68,211,3.5
68,214,3.5
68,215,5.0
68,216,5.0
68,217,2.0
68,219,4.0
68,221,3.5
68,223,0.5
68,224,4.5
68,226,4.0
68,228,4.5
68,229,4.0
68,231,2.5
68,233,3.5
68,235,3.0
68,237,2.5
68,238,3.0
68,240,4.5
68,241,2.5
68,242,4.5
68,249,2.0
68,250,5.0
68,253,3.5
68,254,2.0
68,265,2.5
68,278,3.5
68,346,3.5
68,348,4.5
68,349,3.5
68,350,3.0
68,351,5.0
68,352,4.0
68,353,5.0
68,355,3.5
68,356,2.5
68,358,4.5
68,361,3.0
68,362,3.5
68,363,5.0
68,364,5.0
68,365,2.5
68,366,3.5
68,367,2.0
68,368,4.0
68,372,3.5
68,373,2.5
68,375,2.0
68,376,4.0
68,377,3.0
68,380,3.0
68,381,3.0
68,382,4.5
68,385,4.5
68,388,4.0
68,473,3.0
68,475,5.0
68,476,3.5
68,478,4.5
68,480,4.5
68,481,4.0
68,482,5.0
68,486,2.0
68,487,3.0
68,490,3.0
68,491,3.5
68,493,4.25
68,494,1.5
68,495,5.0
68,496,4.0
68,498,4.0
68,499,3.0
68,500,3.5
68,502,4.0
68,503,2.0
68,507,3.0
68,510,3.0
68,513,2.5
68,514,2.0
68,521,4.0
68,525,3.0
68,531,2.5
68,536,4.5
68,538,2.0
68,544,2.25
68,602,2.0
68,603,4.0
68,604,3.0
68,605,3.0
68,610,3.0
68,611,0.5
68,613,1.0
68,616,2.5
68,618,3.0
68,619,2.0
68,621,4.0
68,622,2.0
68,623,3.5
68,628,4.5
68,629,3.5
68,630,4.5
68,631,3.0
68,632,2.5
68,634,3.5
68,635,4.5
68,636,4.0
68,637,4.0
68,638,2.0
68,639,3.5
68,642,4.5
68,643,5.0
68,648,4.5
68,649,4.5
68,656,3.5
68,657,3.0
68,659,3.0
68,660,4.0
68,661,4.5
68,664,2.5
68,669,2.5
68,679,4.5
68,680,3.5
68,685,4.5
68,691,3.0
68,697,3.0
68,762,3.0
68,763,4.0
68,764,4.0
68,765,5.0
68,766,3.0
68,767,4.0
68,769,3.5
68,770,4.5
68,771,4.0
68,773,4.0
68,774,4.5
68,775,3.0
68,777,4.0
68,778,1.0
68,779,3.5
68,780,5.0
68,781,5.0
68,784,2.0
68,786,3.0
68,787,4.5
68,788,2.0
68,789,4.5
68,790,3.5
68,792,5.0
68,793,4.0
68,796,5.0
68,797,3.5
68,798,3.0
68,799,1.5
68,800,3.5
68,802,3.0
68,804,2.0
68,805,3.5
68,807,3.5
68,808,2.0
68,810,3.5
68,811,2.5
68,812,3.5
68,814,4.0
68,816,2.0
68,817,3.5
68,821,4.0
68,824,3.0
68,827,4.0
68,831,2.5
68,832,3.5
68,837,4.5
68,838,3.5
68,840,3.5
68,847,1.0
68,865,4.0
68,874,3.5
68,924,3.0
68,931,5.0
68,932,3.0
68,933,3.5
68,934,3.5
68,937,4.0
68,939,3.0
68,940,3.0
68,941,2.5
68,942,4.0
68,944,3.5
68,945,5.0
68,946,4.5
68,948,4.0
68,949,3.0
68,951,3.5
68,952,3.0
68,953,3.0
68,954,4.5
68,955,3.0
68,957,2.5
68,959,3.5
68,960,3.5
68,966,3.5
68,969,3.0
68,970,3.0
68,971,5.0
68,972,1.5
68,977,3.0
68,978,3.0
68,981,3.0
68,983,2.5
68,987,2.0
68,990,3.5
68,992,2.5
69,0,5.0
69,8,5.0
69,12,4.0
69,20,5.0
69,21,5.0
69,22,5.0
69,27,5.0
69,28,4.0
69,47,5.0
69,67,5.0
69,98,5.0
69,114,5.0
69,157,5.0
69,168,5.0
69,217,5.0
69,375,4.0
69,473,4.0
69,618,5.0
69,638,4.0
69,769,3.0
69,797,5.0
69,804,5.0
70,0,4.5
70,1,5.0
70,3,5.0
70,12,4.0
70,20,5.0
70,29,2.5
70,35,5.0
70,39,4.0
70,46,4.0
70,95,4.0
70,97,4.5
70,103,4.5
70,114,5.0
70,143,4.0
70,148,3.5
70,158,4.5
70,220,4.5
70,233,4.5
70,234,5.0
70,274,4.5
70,382,5.0
70,394,4.0
70,399,4.0
70,400,5.0
70,407,5.0
70,494,4.5
70,495,4.0
70,508,4.0
70,536,4.5
70,539,4.0
70,541,4.0
70,560,3.5
70,610,4.0
70,636,3.5
70,674,3.5
70,684,4.5
70,702,4.0
70,722,4.5
70,767,4.0
70,786,4.0
70,824,4.5
70,946,4.5
71,28,3.0
71,107,5.0
71,114,3.0
71,154,4.0
71,219,4.0
71,231,2.0
71,611,3.0
71,817,1.0
71,966,5.0
71,987,3.0
72,0,5.0
72,1,4.5
72,3,4.5
72,6,4.5
72,8,4.5
72,12,4.0
72,20,4.0
72,21,5.0
72,22,4.5
72,27,4.5
72,28,4.5
72,39,4.0
72,47,4.5
72,49,4.5
72,53,4.5
72,63,4.5
72,92,4.5
72,95,4.5
72,114,4.5
72,368,4.0
72,374,4.5
72,649,4.5
72,786,4.0
72,944,4.5
72,966,4.0
72,997,4.0
73,2,4.5
73,9,2.5
73,18,4.5
73,20,5.0
73,26,5.0
73,60,4.0
73,61,5.0
73,64,5.0
73,93,5.0
73,95,5.0
73,98,4.0
73,101,5.0
73,107,4.5
73,109,4.0
73,112,5.0
73,140,4.5
73,145,4.5
73,148,5.0
73,152,5.0
73,158,4.0
73,160,4.5
73,213,4.0
73,214,5.0
73,216,4.5
73,223,5.0
73,228,4.0
73,232,4.0
73,242,4.0
73,348,5.0
73,352,4.5
73,355,4.0
73,356,5.0
73,358,4.0
73,361,5.0
73,362,4.0
73,364,5.0
73,370,4.0
73,377,4.0
73,475,3.5
73,480,4.0
73,481,5.0
73,483,3.5
73,489,4.0
73,495,2.5
73,499,5.0
73,502,3.5
73,509,3.5
73,605,3.0
73,621,4.5
73,623,4.0
73,627,3.5
73,631,4.0
73,642,5.0
73,655,5.0
73,662,5.0
73,764,4.5
73,766,4.5
73,767,4.0
73,770,3.0
73,775,1.5
73,780,5.0
73,786,2.0
73,790,3.5
73,795,3.5
73,797,4.5
73,799,2.5
73,819,3.5
73,865,2.0
73,873,4.0
73,932,5.0
73,933,5.0
73,934,1.5
73,945,3.0
73,946,4.0
73,951,2.5
73,954,4.5
73,957,5.0
73,969,3.5
74,1,5.0
74,6,5.0
74,8,5.0
74,20,5.0
74,42,5.0
74,46,5.0
74,52,4.5
74,54,4.0
74,57,5.0
74,60,4.0
74,71,5.0
74,75,4.0
74,95,5.0
74,96,5.0
74,101,5.0
74,116,4.5
74,117,5.0
74,119,4.0
74,143,4.5
74,147,4.5
74,149,5.0
74,161,4.5
74,165,4.5
74,166,5.0
74,171,3.5
74,175,4.0
74,182,5.0
74,231,5.0
74,237,4.5
74,248,5.0
74,255,4.0
74,262,5.0
74,272,5.0
74,278,3.5
74,356,4.0
74,357,5.0
74,367,4.0
74,379,4.0
74,387,4.0
74,396,5.0
74,414,5.0
74,418,3.5
74,426,5.0
74,455,5.0
74,487,3.5
74,500,4.0
74,503,4.0
74,522,5.0
74,526,4.0
74,550,3.5
74,553,4.0
74,603,3.5
74,631,5.0
74,653,4.0
74,673,4.0
74,676,4.0
74,683,4.0
74,684,4.0
74,685,3.0
74,691,3.5
74,708,4.0
74,715,5.0
74,766,4.0
74,785,5.0
74,787,4.0
74,788,4.0
74,796,4.0
74,810,4.0
74,828,4.0
74,830,4.5
74,837,4.0
74,839,4.5
74,849,4.0
74,856,5.0
74,871,5.0
74,887,5.0
74,898,5.0
74,957,4.5
74,963,3.5
74,965,4.0
74,971,5.0
74,983,5.0
74,991,3.5
74,994,5.0
75,5,4.0
75,11,5.0
75,14,4.0
75,21,1.0
75,22,4.5
75,28,4.5
75,43,3.75
75,53,4.0
75,63,4.5
75,68,2.5
75,84,4.0
75,98,3.5
75,111,3.5
75,116,1.0
75,120,4.5
75,122,4.5
75,144,4.5
75,154,4.0
75,162,4.5
75,167,3.0
75,168,4.0
75,217,4.0
75,219,4.0
75,241,1.0
75,276,4.5
75,362,4.0
75,375,1.5
75,473,2.5
75,495,4.0
75,503,1.0
75,512,2.5
75,661,4.0
75,669,2.0
75,675,2.0
75,702,4.0
75,848,2.0
75,888,4.0
75,949,2.0
75,953,0.5
75,977,5.0
76,0,3.0
76,1,5.0
76,2,3.0
76,5,3.0
76,6,4.5
76,8,4.5
76,9,4.0
76,10,4.5
76,12,1.0
76,14,3.0
76,19,5.0
76,21,4.0
76,22,4.0
76,27,3.5
76,28,3.5
76,35,2.0
76,43,4.0
76,60,4.5
76,64,4.0
76,67,3.5
76,71,4.0
76,74,3.0
76,93,4.0
76,95,4.0
76,100,4.5
76,101,4.5
76,107,0.5
76,117,1.5
76,143,3.0
76,145,4.0
76,146,2.0
76,147,3.5
76,148,2.5
76,149,3.0
76,152,3.5
76,157,4.0
76,160,0.5
76,169,5.0
76,216,2.0
76,217,3.5
76,223,4.0
76,231,4.0
76,239,4.5
76,255,4.0
76,274,3.0
76,356,2.5
76,362,0.5
76,372,0.5
76,376,4.0
76,379,2.0
76,490,1.5
76,496,4.0
76,508,4.0
76,514,0.5
76,618,3.5
76,623,3.0
76,628,3.0
76,636,3.0
76,648,2.0
76,661,5.0
76,765,3.0
76,769,3.5
76,770,3.0
76,773,4.0
76,797,1.5
76,820,2.0
76,846,4.5
76,934,3.0
76,935,5.0
76,937,3.0
76,941,3.0
76,945,4.0
76,949,3.5
76,953,4.5
77,2,5.0
77,5,5.0
77,9,2.5
77,11,5.0
77,14,5.0
77,18,4.0
77,21,5.0
77,22,5.0
77,41,5.0
77,60,2.5
77,63,5.0
77,103,2.0
77,114,5.0
77,141,5.0
77,216,4.0
77,221,2.0
77,356,1.0
77,362,5.0
77,377,2.0
77,388,3.0
77,493,2.5
78,0,4.5
78,8,4.0
78,12,3.0
78,21,4.5
78,27,3.0
78,28,4.5
78,39,4.0
78,63,4.5
78,68,3.0
78,107,4.0
78,144,4.0
78,146,4.0
78,154,5.0
78,219,5.0
78,231,2.0
78,368,2.0
78,374,3.5
78,480,3.0
78,481,4.0
78,619,4.5
78,773,5.0
78,786,4.0
78,959,4.0
78,966,3.0
79,1,5.0
79,6,5.0
79,21,4.0
79,22,5.0
79,26,5.0
79,28,5.0
79,41,2.0
79,68,4.0
79,94,4.0
79,105,4.0
79,114,5.0
79,144,5.0
79,146,5.0
79,211,5.0
79,219,4.0
79,233,4.0
79,353,4.0
79,490,5.0
79,649,4.0
79,676,4.0
79,678,5.0
79,773,3.0
79,785,4.0
79,840,5.0
79,843,5.0
79,848,4.0
79,860,4.0
79,861,4.0
79,944,2.0
79,959,4.0
80,0,5.0
80,1,4.0
80,2,5.0
80,6,4.0
80,9,4.5
80,10,5.0
80,21,4.5
80,27,5.0
80,29,4.0
80,38,5.0
80,42,4.0
80,43,5.0
80,47,4.5
80,60,5.0
80,67,4.0
80,68,4.5
80,141,5.0
80,145,4.5
80,152,4.5
80,158,4.5
80,162,4.0
80,165,4.5
80,216,4.0
80,221,4.5
80,242,4.0
80,355,4.0
80,356,5.0
80,364,4.5
80,374,4.0
80,377,4.5
80,381,4.0
80,388,5.0
80,475,4.0
80,480,4.5
80,493,5.0
80,500,4.0
80,502,4.5
80,507,4.0
80,511,4.0
80,628,5.0
80,629,4.0
80,632,4.0
80,642,4.5
80,643,5.0
80,656,4.0
80,763,4.5
80,769,4.5
80,770,4.0
80,774,5.0
80,784,4.5
80,786,4.0
80,789,4.5
80,800,5.0
80,807,5.0
80,827,5.0
80,932,5.0
80,933,4.0
80,935,4.5
80,937,4.5
80,940,4.0
80,942,4.0
80,949,4.5
80,955,4.0
80,958,5.0
81,0,3.0
81,8,3.0
81,12,2.0
81,28,5.0
81,48,2.0
81,92,3.0
81,146,4.0
81,372,2.0
81,374,5.0
81,649,4.0
81,786,3.0
81,966,3.0
82,1,3.5
82,5,4.0
82,6,3.0
82,11,4.0
82,12,4.5
82,21,4.0
82,22,4.0
82,26,3.5
82,28,4.5
82,39,4.0
82,41,4.5
82,43,3.5
82,48,3.5
82,63,4.5
82,68,3.5
82,92,4.5
82,94,3.5
82,100,3.5
82,107,2.5
82,114,4.0
82,144,4.5
82,146,4.0
82,154,4.0
82,160,3.5
82,211,2.0
82,216,4.5
82,242,1.5
82,368,3.5
82,372,2.5
82,385,3.0
82,473,2.5
82,495,4.0
82,613,4.0
82,638,2.5
82,810,2.5
82,811,3.5
82,940,4.0
82,949,3.0
82,959,4.5
82,966,4.0
82,992,2.5
83,0,5.0
83,2,5.0
83,5,4.5
83,9,5.0
83,11,4.0
83,12,4.5
83,14,3.5
83,26,5.0
83,29,3.5
83,39,3.5
83,41,5.0
83,48,3.5
83,52,1.5
83,58,3.0
83,60,4.5
83,67,5.0
83,72,5.0
83,74,3.5
83,92,4.0
83,95,3.5
83,98,5.0
83,101,4.0
83,105,5.0
83,109,4.5
83,111,3.0
83,117,3.5
83,144,1.0
83,146,3.0
83,148,5.0
83,152,0.5
83,154,2.5
83,157,4.0
83,158,3.0
83,162,4.0
83,165,3.5
83,216,3.5
83,217,4.5
83,224,3.0
83,234,5.0
83,241,1.5
83,250,2.5
83,274,3.0
83,278,3.5
83,377,0.5
83,380,4.0
83,385,3.5
83,403,5.0
83,446,4.5
83,475,4.5
83,493,0.5
83,495,3.0
83,498,3.0
83,500,5.0
83,502,3.5
83,512,2.5
83,513,2.5
83,526,3.0
83,603,4.5
83,638,3.0
83,648,3.5
83,669,3.5
83,685,2.0
83,769,3.0
83,771,4.0
83,778,1.5
83,854,4.0
83,871,3.5
83,874,4.5
83,898,5.0
83,937,1.5
83,941,3.5
83,942,3.5
83,955,0.5
84,0,5.0
84,1,4.0
84,3,5.0
84,4,4.0
84,8,4.0
84,12,5.0
84,19,3.0
84,20,4.0
84,22,4.0
84,27,5.0
84,35,3.0
84,39,3.0
84,43,3.0
84,47,4.0
84,52,4.0
84,53,4.0
84,55,4.0
84,63,4.0
84,67,4.0
84,68,4.0
84,71,5.0
84,72,4.0
84,83,4.0
84,94,4.0
84,99,4.0
84,106,3.0
84,114,4.0
84,117,4.0
84,118,4.0
84,120,4.0
84,122,4.0
84,123,3.0
84,144,3.0
84,146,3.0
84,154,3.0
84,167,4.0
84,168,4.0
84,169,4.0
84,172,3.0
84,175,4.0
84,182,5.0
84,211,4.0
84,220,4.0
84,231,5.0
84,234,4.0
84,235,5.0
84,241,4.0
84,248,4.0
84,249,5.0
84,253,5.0
84,254,4.0
84,256,3.0
84,262,4.0
84,304,4.0
84,333,5.0
84,353,4.0
84,368,4.0
84,373,3.0
84,379,5.0
84,394,4.0
84,396,4.0
84,403,3.0
84,407,4.0
84,490,3.0
84,494,3.0
84,504,5.0
84,508,4.0
84,514,3.0
84,531,5.0
84,534,4.0
84,539,5.0
84,541,3.0
84,544,5.0
84,559,3.0
84,560,4.0
84,573,3.0
84,602,4.0
84,611,4.0
84,649,4.0
84,664,4.0
84,675,4.0
84,678,5.0
84,690,4.0
84,692,5.0
84,695,3.0
84,696,4.0
84,703,4.0
84,717,4.0
84,727,4.0
84,778,3.0
84,779,4.0
84,786,5.0
84,792,4.0
84,817,5.0
84,824,4.0
84,829,4.0
84,832,5.0
84,847,5.0
84,848,3.0
84,894,4.0
84,966,3.0
84,981,3.0
84,983,4.0
84,985,3.0
84,987,3.0
85,3,5.0
85,97,3.0
85,99,5.0
85,398,1.0
85,675,4.0
85,997,5.0
86,0,4.5
86,2,4.5
86,5,4.0
86,9,4.0
86,10,3.5
86,11,4.0
86,12,4.0
86,14,4.0
86,21,4.5
86,22,4.0
86,26,3.5
86,41,4.0
86,60,4.5
86,78,3.0
86,95,4.0
86,103,4.5
86,107,4.0
86,114,4.0
86,141,4.0
86,146,3.0
86,157,4.0
86,160,4.5
86,216,4.0
86,242,4.0
86,365,4.0
86,368,4.0
86,371,4.0
86,372,4.0
86,373,4.0
86,385,4.0
86,473,3.5
86,480,4.0
86,493,4.5
86,494,4.0
86,495,4.0
86,649,4.0
86,769,4.5
86,775,4.5
86,937,1.5
86,949,4.0
86,966,4.0
87,169,5.0
87,264,4.5
87,537,4.0
88,0,5.0
88,2,5.0
88,3,4.0
88,5,5.0
88,9,4.5
88,11,5.0
88,14,5.0
88,20,5.0
88,42,4.0
88,46,4.5
88,47,5.0
88,60,4.0
88,93,4.5
88,102,4.5
88,143,4.5
88,147,4.5
88,152,4.5
88,155,4.5
88,158,4.5
88,162,4.5
88,165,5.0
88,221,4.0
88,223,5.0
88,356,4.5
88,371,3.5
88,377,4.5
88,388,4.5
88,398,4.0
88,491,4.0
88,493,4.5
88,500,4.5
88,503,4.5
88,631,4.0
88,769,4.5
88,784,3.5
88,800,4.5
88,807,4.5
88,847,4.5
88,958,5.0
89,12,0.5
89,39,1.0
89,57,2.0
89,58,1.0
89,74,4.5
89,77,2.0
89,107,3.0
89,118,1.5
89,122,0.5
89,123,2.5
89,148,0.5
89,169,2.5
89,172,1.5
89,181,0.5
89,214,3.5
89,223,2.5
89,226,5.0
89,242,4.5
89,282,3.0
89,304,3.5
89,306,2.0
89,334,2.5
89,353,2.0
89,372,1.0
89,373,1.0
89,376,0.5
89,396,1.5
89,403,3.5
89,414,3.0
89,453,1.0
89,458,2.0
89,495,3.0
89,504,4.0
89,508,3.5
89,510,3.0
89,517,2.5
89,549,0.5
89,560,2.5
89,575,3.0
89,579,3.5
89,619,1.5
89,631,4.0
89,636,1.5
89,639,3.0
89,717,3.0
89,727,3.5
89,750,1.5
89,767,2.5
89,770,3.5
89,773,2.5
89,795,5.0
89,808,2.5
89,811,1.5
89,832,2.5
89,837,3.0
89,934,2.0
89,951,3.5
89,957,1.5
89,972,2.0
89,987,2.0
89,990,3.0
90,107,3.0
90,231,5.0
90,374,4.0
90,398,5.0
90,426,5.0
90,611,4.0
90,817,5.0
90,876,5.0
90,987,4.0
90,997,5.0
91,0,2.0
91,1,5.0
91,5,4.5
91,6,4.0
91,8,4.5
91,10,4.5
91,11,4.5
91,12,3.0
91,14,4.0
91,19,4.0
91,20,4.0
91,21,5.0
91,22,4.5
91,26,4.5
91,27,4.5
91,28,4.0
91,29,2.5
91,39,3.5
91,41,3.5
91,43,5.0
91,47,4.5
91,48,3.5
91,52,5.0
91,53,4.0
91,55,2.5
91,60,4.5
91,63,5.0
91,67,4.5
91,68,5.0
91,71,2.5
91,72,3.0
91,74,5.0
91,92,4.0
91,94,5.0
91,96,3.0
91,97,3.0
91,98,3.5
91,99,3.0
91,100,4.0
91,101,5.0
91,102,3.5
91,107,4.0
91,114,4.0
91,116,4.0
91,117,4.0
91,120,3.0
91,122,4.0
91,144,4.0
91,146,4.5
91,148,4.0
91,149,4.0
91,152,4.0
91,153,5.0
91,154,4.0
91,155,4.5
91,157,4.0
91,161,2.5
91,167,2.5
91,168,4.0
91,169,5.0
91,170,3.5
91,211,5.0
91,216,5.0
91,217,5.0
91,219,4.5
91,220,3.0
91,221,2.5
91,231,3.5
91,233,5.0
91,234,2.0
91,235,3.0
91,239,4.0
91,242,4.0
91,249,2.0
91,253,3.0
91,266,5.0
91,353,5.0
91,356,4.0
91,357,4.5
91,362,4.5
91,365,3.5
91,368,3.5
91,372,3.5
91,373,4.0
91,374,4.0
91,375,4.0
91,376,4.5
91,377,4.0
91,385,3.0
91,386,5.0
91,394,4.0
91,398,3.0
91,410,4.0
91,482,4.5
91,486,3.5
91,490,5.0
91,491,1.5
91,493,4.0
91,494,3.0
91,495,5.0
91,498,5.0
91,507,4.0
91,508,3.5
91,510,4.0
91,512,4.0
91,514,5.0
91,538,3.5
91,610,3.0
91,611,3.0
91,613,2.5
91,618,3.5
91,619,4.5
91,634,3.5
91,636,3.5
91,641,3.0
91,646,4.0
91,649,4.0
91,664,3.0
91,669,4.5
91,675,1.0
91,678,4.0
91,685,5.0
91,695,4.5
91,700,4.0
91,702,3.5
91,712,2.5
91,769,3.5
91,773,4.5
91,777,3.0
91,778,2.0
91,779,3.0
91,783,4.0
91,785,4.0
91,786,3.5
91,792,4.0
91,797,4.5
91,800,4.5
91,803,4.5
91,804,4.0
91,810,1.5
91,811,4.0
91,816,2.5
91,831,4.0
91,832,2.5
91,835,2.5
91,837,3.5
91,840,4.5
91,843,4.5
91,847,3.0
91,848,4.5
91,861,4.0
91,931,4.0
91,932,4.0
91,939,4.5
91,940,4.0
91,945,4.5
91,949,3.5
91,952,1.0
91,955,4.5
91,956,4.0
91,957,2.0
91,959,3.5
91,964,3.0
91,966,3.0
91,970,3.0
91,972,1.0
92,573,4.0
92,697,4.0
92,767,4.0
92,888,3.5
92,937,4.5
92,964,4.0
93,0,4.0
93,3,5.0
93,12,5.0
93,26,5.0
93,27,5.0
93,92,5.0
93,97,5.0
93,107,3.0
93,146,5.0
93,358,3.0
93,368,5.0
93,372,4.0
93,373,5.0
93,473,5.0
93,494,5.0
93,777,5.0
93,786,5.0
93,821,5.0
93,952,4.0
93,977,4.0
94,0,5.0
94,8,4.0
94,12,3.0
94,27,3.0
94,28,4.0
94,48,4.0
94,92,5.0
94,146,4.0
94,368,4.0
94,372,4.0
94,374,5.0
94,649,4.0
94,778,3.0
94,786,4.0
94,810,3.0
94,817,1.0
94,966,4.0
95,6,5.0
95,14,4.5
95,21,5.0
95,22,5.0
95,26,5.0
95,28,4.0
95,39,5.0
95,43,4.0
95,63,5.0
95,68,4.5
95,71,5.0
95,98,5.0
95,100,5.0
95,101,5.0
95,102,5.0
95,103,5.0
95,114,4.5
95,119,4.25
95,144,3.5
95,146,3.5
95,154,5.0
95,161,4.0
95,217,5.0
95,219,5.0
95,231,4.5
95,254,5.0
95,275,5.0
95,356,4.0
95,374,4.0
95,379,4.5
95,386,5.0
95,387,4.5
95,413,4.0
95,493,5.0
95,538,5.0
95,610,4.5
95,629,4.5
95,666,4.5
95,669,5.0
95,769,4.0
95,777,4.0
95,796,4.5
95,816,4.0
95,832,5.0
95,844,5.0
95,848,4.5
95,939,4.0
95,940,5.0
95,949,4.0
95,957,4.0
95,987,3.0
96,1,4.0
96,3,5.0
96,6,4.0
96,8,5.0
96,21,4.0
96,26,4.0
96,28,5.0
96,41,4.0
96,43,5.0
96,47,5.0
96,63,5.0
96,68,5.0
96,92,5.0
96,95,5.0
96,100,5.0
96,107,5.0
96,114,5.0
96,144,4.0
96,146,5.0
96,154,3.0
96,161,5.0
96,211,4.0
96,394,4.0
96,473,2.0
96,490,3.0
96,494,4.0
96,619,5.0
96,646,2.0
96,784,4.0
96,786,5.0
96,840,3.0
96,861,3.0
96,959,3.0
97,1,5.0
97,11,5.0
97,20,4.0
97,21,5.0
97,26,5.0
97,27,5.0
97,41,4.0
97,114,5.0
97,151,5.0
97,365,2.0
97,375,4.0
97,495,5.0
97,638,5.0
97,769,5.0
98,1,3.0
98,5,1.5
98,9,4.0
98,12,5.0
98,18,5.0
98,20,4.5
98,27,4.5
98,39,3.0
98,43,4.5
98,48,3.0
98,52,5.0
98,55,5.0
98,60,4.0
98,67,5.0
98,77,5.0
98,97,4.0
98,99,4.0
98,107,4.5
98,145,5.0
98,154,5.0
98,158,4.0
98,219,1.0
98,226,5.0
98,228,4.0
98,231,4.0
98,232,2.0
98,348,3.0
98,349,5.0
98,351,4.5
98,352,3.5
98,353,5.0
98,362,5.0
98,370,5.0
98,380,5.0
98,476,5.0
98,484,5.0
98,495,5.0
98,506,4.0
98,510,4.5
98,615,4.5
98,631,5.0
98,646,4.5
98,790,5.0
98,793,4.5
98,802,4.5
98,820,4.0
98,938,5.0
98,954,3.5
98,955,5.0
98,981,3.0
99,0,5.0
99,8,5.0
99,372,5.0
99,486,4.0
99,786,5.0
99,810,5.0
99,966,5.0
100,4,4.0
100,8,3.5
100,12,4.0
100,19,3.5
100,26,4.0
100,39,4.0
100,49,4.0
100,72,3.5
100,117,3.5
100,118,4.5
100,155,4.5
100,158,4.0
100,160,4.0
100,167,4.0
100,221,4.5
100,234,4.5
100,235,4.5
100,249,4.0
100,353,3.5
100,365,3.5
100,368,4.0
100,373,3.5
100,375,4.0
100,376,4.5
100,403,4.5
100,486,4.0
100,490,3.0
100,507,4.0
100,508,2.0
100,538,3.5
100,602,4.5
100,610,4.5
100,618,4.5
100,619,3.5
100,646,2.0
100,664,4.5
100,692,3.5
100,695,1.0
100,696,4.0
100,762,4.5
100,817,4.5
100,821,3.5
100,824,4.0
100,832,4.5
100,847,3.5
100,945,4.5
100,970,3.0
101,10,5.0
101,41,4.0
101,95,4.0
101,114,4.0
101,157,4.0
101,367,4.0
101,619,4.0
101,837,5.0
101,846,5.0
101,847,4.0
101,945,3.0
101,972,5.0
102,0,4.0
102,8,5.0
102,12,5.0
102,27,4.0
102,28,4.0
102,48,4.0
102,94,3.0
102,146,3.0
102,368,4.0
102,372,4.0
102,618,4.0
102,649,4.0
102,778,4.0
102,786,3.0
102,847,5.0
102,966,3.0
103,0,5.0
103,1,4.5
103,2,5.0
103,3,3.5
103,5,4.0
103,6,4.5
103,8,5.0
103,9,4.5
103,10,5.0
103,11,4.0
103,12,4.0
103,14,3.5
103,18,4.5
103,19,5.0
103,20,4.5
103,21,4.0
103,22,4.5
103,26,4.0
103,27,5.0
103,35,4.0
103,38,4.5
103,42,4.5
103,47,4.0
103,48,3.0
103,49,5.0
103,53,5.0
103,60,5.0
103,61,4.5
103,63,3.5
103,64,4.5
103,67,4.0
103,71,4.0
103,74,3.5
103,78,4.0
103,92,4.5
103,93,5.0
103,96,5.0
103,97,4.5
103,98,4.0
103,100,4.5
103,101,5.0
103,102,5.0
103,103,4.5
103,105,5.0
103,107,4.0
103,109,3.5
103,112,3.0
103,114,3.5
103,117,4.0
103,141,4.5
103,143,4.5
103,144,4.0
103,146,4.0
103,147,4.5
103,148,4.5
103,149,4.5
103,151,4.0
103,152,4.5
103,155,5.0
103,160,3.5
103,166,4.5
103,167,4.5
103,211,4.0
103,213,4.5
103,214,4.0
103,215,4.0
103,216,4.5
103,223,5.0
103,224,2.0
103,226,4.0
103,228,3.5
103,231,4.0
103,232,3.5
103,233,5.0
103,237,5.0
103,238,4.5
103,242,3.5
103,249,4.0
103,251,4.0
103,254,5.0
103,257,5.0
103,266,3.0
103,273,4.0
103,353,3.5
103,358,3.0
103,362,3.5
103,365,5.0
103,367,5.0
103,368,4.0
103,375,3.5
103,376,5.0
103,377,5.0
103,379,4.5
103,385,3.0
103,396,4.0
103,398,4.0
103,400,5.0
103,407,4.5
103,475,3.0
103,480,1.5
103,482,2.0
103,483,4.0
103,486,5.0
103,495,3.5
103,503,4.5
103,507,4.5
103,508,4.0
103,514,4.0
103,526,4.0
103,536,4.0
103,538,5.0
103,573,4.0
103,606,5.0
103,610,4.0
103,611,4.0
103,615,3.0
103,619,3.5
103,623,4.0
103,632,4.0
103,634,5.0
103,635,2.5
103,636,5.0
103,642,4.0
103,660,5.0
103,664,4.0
103,665,4.5
103,672,4.5
103,697,4.5
103,703,4.5
103,765,4.0
103,770,4.0
103,771,4.0
103,773,3.5
103,778,4.0
103,781,2.0
103,786,4.0
103,796,5.0
103,797,4.0
103,804,5.0
103,805,4.5
103,808,4.5
103,810,4.0
103,829,4.0
103,830,5.0
103,833,3.5
103,837,5.0
103,856,5.0
103,859,5.0
103,865,4.0
103,874,3.5
103,879,4.0
103,890,5.0
103,931,2.5
103,932,4.5
103,946,4.0
103,951,3.0
103,953,2.0
103,954,4.0
103,958,4.5
103,969,4.0
103,977,4.0
103,984,4.0
103,991,4.5
104,1,1.5
104,3,4.5
104,11,3.0
104,12,4.0
104,14,4.0
104,38,4.5
104,39,2.0
104,48,4.0
104,60,4.0
104,92,1.0
104,101,3.0
104,103,2.5
104,109,4.0
104,160,4.0
104,169,4.5
104,216,3.0
104,226,3.5
104,231,4.0
104,234,4.0
104,235,3.0
104,242,4.0
104,250,4.0
104,358,2.0
104,362,4.0
104,364,2.0
104,372,4.0
104,373,4.0
104,379,4.0
104,380,4.0
104,385,5.0
104,475,3.0
104,482,4.0
104,490,4.0
104,495,4.5
104,508,4.0
104,543,4.0
104,605,4.0
104,616,4.0
104,631,4.0
104,669,3.0
104,675,3.0
104,696,4.0
104,702,3.0
104,765,4.5
104,769,3.5
104,778,3.0
104,781,4.0
104,792,3.0
104,793,4.0
104,796,3.0
104,797,3.5
104,811,4.0
104,931,4.5
104,942,4.0
104,945,3.0
104,948,4.0
104,970,4.0
104,977,4.0
104,985,4.0
105,0,5.0
105,1,5.0
105,2,3.5
105,3,3.5
105,4,4.5
105,5,4.5
105,6,4.5
105,8,5.0
105,9,5.0
105,10,5.0
105,11,4.0
105,12,3.5
105,14,4.0
105,18,4.0
105,19,5.0
105,20,4.5
105,21,4.0
105,26,5.0
105,27,4.5
105,28,4.0
105,29,5.0
105,38,5.0
105,41,4.0
105,42,5.0
105,43,4.0
105,44,4.0
105,46,4.0
105,47,5.0
105,49,4.0
105,52,4.5
105,53,4.0
105,55,4.5
105,57,5.0
105,58,4.5
105,60,3.5
105,61,4.0
105,63,4.0
105,64,4.0
105,67,4.0
105,71,5.0
105,72,5.0
105,74,4.0
105,75,3.5
105,78,5.0
105,80,4.5
105,82,4.0
105,83,4.0
105,85,5.0
105,92,3.5
105,93,4.0
105,94,4.0
105,95,5.0
105,96,4.5
105,97,4.0
105,98,4.0
105,99,4.0
105,100,5.0
105,101,5.0
105,102,4.5
105,103,5.0
105,105,4.0
105,106,4.0
105,109,3.5
105,112,4.0
105,116,4.0
105,117,4.0
105,122,4.0
105,123,4.0
105,124,3.5
105,135,4.5
105,140,4.0
105,141,4.0
105,143,3.5
105,145,5.0
105,147,4.5
105,149,4.5
105,151,5.0
105,152,4.0
105,155,4.5
105,157,4.5
105,158,4.0
105,160,3.5
105,161,4.5
105,162,4.0
105,165,3.5
105,168,4.0
105,182,4.0
105,212,4.5
105,213,4.0
105,214,4.5
105,215,4.0
105,216,4.0
105,217,4.0
105,218,4.5
105,220,4.0
105,221,4.5
105,224,4.0
105,226,4.0
105,228,3.5
105,231,4.0
105,232,4.0
105,237,5.0
105,238,4.0
105,239,5.0
105,242,3.5
105,243,4.0
105,244,4.0
105,248,4.0
105,250,5.0
105,251,4.0
105,255,4.0
105,257,4.0
105,268,4.0
105,271,4.0
105,278,4.0
105,282,4.0
105,283,4.0
105,286,5.0
105,294,4.5
105,296,4.5
105,318,4.5
105,337,4.5
105,348,4.0
105,349,4.0
105,352,4.0
105,355,4.5
105,356,5.0
105,358,3.5
105,359,5.0
105,361,4.5
105,362,3.5
105,363,4.5
105,364,4.0
105,370,4.5
105,371,3.0
105,373,4.0
105,374,3.5
105,377,4.0
105,379,4.0
105,380,4.0
105,381,3.5
105,382,4.0
105,386,3.5
105,389,5.0
105,391,4.0
105,395,4.0
105,396,4.0
105,397,4.5
105,406,4.5
105,407,4.0
105,418,4.0
105,434,4.0
105,436,3.0
105,442,4.0
105,475,4.0
105,478,3.5
105,480,3.5
105,482,4.0
105,489,4.0
105,493,3.5
105,495,4.0
105,496,3.5
105,498,3.5
105,502,4.0
105,503,4.0
105,505,4.5
105,509,4.0
105,511,4.0
105,512,4.0
105,521,4.0
105,523,4.0
105,537,4.0
105,539,3.5
105,541,3.5
105,568,4.0
105,603,3.5
105,604,3.5
105,605,3.5
105,609,5.0
105,621,3.5
105,622,4.0
105,623,4.0
105,624,4.5
105,627,4.0
105,628,4.0
105,630,4.0
105,631,3.0
105,637,4.0
105,638,5.0
105,639,4.0
105,643,3.5
105,648,3.5
105,650,3.0
105,652,3.5
105,656,3.5
105,660,4.0
105,662,3.5
105,670,3.5
105,686,4.0
105,696,4.0
105,703,5.0
105,705,4.0
105,709,5.0
105,752,5.0
105,763,4.0
105,764,4.0
105,765,3.0
105,766,4.0
105,767,5.0
105,769,4.0
105,770,4.5
105,771,4.0
105,775,3.0
105,785,4.0
105,787,3.5
105,788,3.5
105,789,4.0
105,790,4.0
105,791,3.5
105,793,4.0
105,795,3.5
105,796,3.5
105,799,4.0
105,800,4.5
105,802,4.0
105,804,0.5
105,805,4.5
105,807,3.5
105,808,3.0
105,809,4.0
105,813,4.0
105,816,3.5
105,820,4.0
105,827,5.0
105,830,4.0
105,838,4.0
105,854,4.0
105,865,4.0
105,931,3.5
105,932,3.5
105,933,3.5
105,935,4.0
105,937,4.5
105,941,4.0
105,942,3.0
105,945,3.0
105,946,3.5
105,948,3.0
105,949,3.5
105,951,3.5
105,953,4.0
105,954,4.0
105,955,4.5
105,958,3.5
105,969,4.0
105,984,4.5
105,987,4.0
105,990,4.0
106,0,5.0
106,5,5.0
106,11,5.0
106,14,5.0
106,21,5.0
106,216,5.0
106,224,5.0
106,348,3.5
106,370,5.0
106,475,5.0
106,480,3.5
106,482,5.0
106,506,4.5
106,659,5.0
106,753,5.0
106,765,5.0
106,781,5.0
106,931,5.0
106,951,5.0
107,0,5.0
107,8,3.0
107,92,5.0
107,107,4.0
107,149,4.0
107,368,5.0
107,786,5.0
107,966,3.0
107,985,4.0
108,11,3.0
108,14,3.0
108,21,5.0
108,39,5.0
108,111,5.0
108,146,4.0
108,158,5.0
108,182,3.0
108,217,5.0
108,221,5.0
108,356,5.0
108,404,5.0
108,473,4.0
108,494,5.0
108,610,4.0
108,804,5.0
108,824,4.0
108,834,2.0
108,840,3.0
108,949,5.0
108,972,5.0
109,0,5.0
109,3,3.0
109,8,5.0
109,12,5.0
109,27,4.0
109,28,3.0
109,47,4.0
109,48,3.0
109,92,5.0
109,94,3.0
109,146,3.0
109,155,4.0
109,239,4.0
109,368,3.0
109,372,3.0
109,374,4.0
109,486,4.0
109,514,3.0
109,547,3.0
109,618,5.0
109,649,4.0
109,695,3.0
109,778,3.0
109,786,3.0
109,847,3.0
109,877,3.0
109,966,3.0
110,3,4.0
110,8,4.5
110,10,4.5
110,20,4.0
110,21,4.0
110,26,3.5
110,58,3.5
110,63,3.5
110,71,4.0
110,85,4.5
110,92,3.5
110,95,4.5
110,96,4.0
110,100,4.0
110,105,4.0
110,123,4.0
110,149,4.0
110,151,3.5
110,157,3.0
110,172,4.5
110,217,4.0
110,231,4.5
110,239,3.5
110,253,5.0
110,318,4.0
110,588,3.5
110,631,3.5
110,896,4.5
111,0,4.5
111,2,4.0
111,9,4.5
111,10,5.0
111,12,5.0
111,21,0.5
111,27,0.5
111,38,4.0
111,42,4.5
111,48,3.5
111,49,3.5
111,60,3.5
111,61,3.5
111,64,4.0
111,78,3.5
111,93,4.5
111,95,4.0
111,96,3.0
111,97,4.0
111,101,1.5
111,102,2.0
111,103,3.5
111,109,4.0
111,140,5.0
111,141,2.0
111,145,3.5
111,146,2.5
111,148,4.0
111,151,3.0
111,152,3.5
111,154,2.0
111,155,4.5
111,158,4.0
111,160,4.0
111,165,3.0
111,213,4.0
111,215,4.0
111,216,3.0
111,221,4.0
111,224,4.0
111,226,3.0
111,232,2.5
111,242,3.0
111,348,4.5
111,352,5.0
111,353,3.5
111,355,3.5
111,356,4.0
111,361,2.5
111,362,1.0
111,372,4.5
111,377,3.0
111,385,3.0
111,388,3.0
111,473,4.0
111,475,2.0
111,480,2.0
111,482,4.0
111,491,4.0
111,493,0.5
111,495,3.0
111,514,4.0
111,521,4.0
111,605,2.5
111,606,5.0
111,619,3.5
111,623,3.5
111,628,3.25
111,636,3.5
111,662,3.0
111,664,4.0
111,665,4.5
111,672,4.0
111,762,2.0
111,764,5.0
111,765,4.0
111,769,4.5
111,770,4.5
111,781,4.0
111,793,1.5
111,800,5.0
111,811,3.5
111,814,3.5
111,874,4.0
111,931,4.0
111,932,3.5
111,934,4.5
111,935,0.5
111,937,4.0
111,941,0.5
111,942,3.5
111,949,2.0
111,951,2.5
111,958,3.0
111,961,3.5
111,969,3.5
111,977,3.5
112,2,5.0
112,5,5.0
112,9,4.5
112,11,5.0
112,12,3.5
112,14,5.0
112,18,5.0
112,21,5.0
112,22,5.0
112,26,5.0
112,27,4.0
112,29,5.0
112,39,4.0
112,47,5.0
112,61,5.0
112,63,5.0
112,64,4.0
112,92,3.5
112,93,4.5
112,94,4.5
112,107,3.0
112,109,4.0
112,114,5.0
112,146,5.0
112,155,4.5
112,239,3.5
112,374,5.0
112,475,4.0
112,502,3.5
112,514,3.5
112,662,3.5
112,786,4.0
112,817,0.5
112,824,4.5
112,847,1.5
113,1,4.0
113,12,4.0
113,20,5.0
113,27,4.0
113,53,5.0
113,55,5.0
113,95,5.0
113,116,4.0
113,123,4.0
113,149,4.0
113,161,5.0
113,178,4.0
113,210,4.0
113,253,4.0
113,259,2.0
113,264,4.0
113,373,3.0
113,379,4.0
113,396,5.0
113,400,4.0
113,403,5.0
113,415,5.0
113,425,5.0
113,473,4.0
113,525,5.0
113,541,5.0
113,611,5.0
113,674,4.0
113,703,4.0
113,707,5.0
113,773,1.0
113,785,4.0
113,805,3.0
113,830,4.0
113,874,4.0
113,879,5.0
113,943,3.0
113,982,4.0
113,987,5.0
113,997,5.0
114,27,3.0
114,29,4.0
114,78,3.5
114,114,3.5
114,140,4.5
114,160,3.0
114,169,3.5
114,215,3.0
114,224,2.5
114,352,3.5
114,361,3.5
114,362,3.5
114,482,4.0
114,495,2.0
114,507,4.0
114,635,2.5
114,765,3.5
114,781,3.0
114,931,4.0
115,8,5.0
115,21,3.0
115,22,5.0
115,26,5.0
115,27,5.0
115,28,5.0
115,41,5.0
115,48,4.0
115,63,4.0
115,68,5.0
115,71,5.0
115,92,3.0
115,95,1.0
115,105,5.0
115,146,5.0
115,148,4.0
115,157,3.0
115,161,4.0
115,168,5.0
115,211,5.0
115,219,5.0
115,235,4.0
115,368,3.0
115,372,4.0
115,374,5.0
115,385,4.0
115,394,5.0
115,473,4.0
115,510,5.0
115,538,5.0
115,618,5.0
115,646,5.0
115,649,4.0
115,700,5.0
115,797,5.0
115,811,5.0
115,840,4.0
115,944,2.0
115,961,5.0
115,970,3.0
116,1,1.5
116,3,2.0
116,12,4.0
116,20,4.0
116,27,2.0
116,28,4.0
116,39,4.5
116,41,4.5
116,46,3.5
116,52,2.5
116,63,5.0
116,72,3.0
116,97,3.5
116,118,3.0
116,144,4.0
116,146,4.0
116,154,3.5
116,167,1.0
116,211,5.0
116,216,4.0
116,217,5.0
116,233,3.0
116,249,5.0
116,253,3.5
116,278,4.5
116,365,4.5
116,368,4.5
116,379,2.0
116,407,3.5
116,473,4.0
116,619,3.5
116,649,3.0
116,692,1.5
116,769,4.0
116,778,3.5
116,786,1.0
116,939,2.0
116,959,4.0
116,966,3.5
117,0,5.0
117,3,5.0
117,8,4.0
117,12,4.0
117,27,5.0
117,28,4.0
117,47,4.0
117,48,4.0
117,92,5.0
117,94,3.0
117,146,4.0
117,154,3.0
117,231,3.0
117,239,3.0
117,249,4.0
117,262,3.0
117,368,4.0
117,372,4.0
117,374,3.0
117,385,4.0
117,486,2.0
117,514,4.0
117,573,4.0
117,602,3.0
117,618,4.0
117,649,4.0
117,664,4.0
117,675,4.0
117,695,3.0
117,778,4.0
117,786,4.0
117,817,3.0
117,824,3.0
117,966,3.0
117,970,4.0
117,977,4.0
117,985,3.0
117,987,4.0
118,1,5.0
118,3,4.0
118,6,5.0
118,8,4.0
118,19,5.0
118,22,4.0
118,26,4.0
118,49,3.0
118,231,4.0
118,365,5.0
118,368,4.0
118,534,4.0
118,636,4.0
118,784,4.0
118,894,4.0
119,0,4.5
119,2,4.5
119,5,5.0
119,8,4.0
119,9,4.0
119,11,5.0
119,12,4.0
119,14,4.5
119,21,4.0
119,29,5.0
119,39,4.0
119,41,5.0
119,42,4.0
119,44,4.5
119,46,4.5
119,48,5.0
119,49,4.0
119,61,4.5
119,64,4.0
119,78,4.0
119,93,4.0
119,107,3.5
119,109,5.0
119,112,3.5
119,140,4.5
119,141,3.5
119,145,4.0
119,158,5.0
119,160,4.0
119,162,4.5
119,214,3.5
119,215,4.0
119,216,4.0
119,221,4.5
119,223,4.0
119,226,4.0
119,229,4.5
119,232,4.0
119,237,4.0
119,240,4.5
119,242,4.5
119,244,5.0
119,250,4.0
119,251,4.0
119,255,5.0
119,257,4.5
119,349,5.0
119,350,4.0
119,352,4.5
119,359,5.0
119,362,4.0
119,363,4.0
119,364,5.0
119,370,4.0
119,375,4.0
119,380,4.0
119,382,5.0
119,388,4.5
119,392,4.5
119,406,4.0
119,475,5.0
119,493,4.0
119,495,4.0
119,500,4.0
119,502,4.5
119,521,3.5
119,606,5.0
119,623,5.0
119,628,5.0
119,642,3.5
119,643,4.0
119,654,5.0
119,662,5.0
119,764,4.0
119,769,5.0
119,770,5.0
119,771,4.0
119,774,4.5
119,775,3.0
119,782,4.0
119,789,4.0
119,795,4.5
119,799,3.0
119,800,4.5
119,802,3.5
119,808,3.5
119,820,5.0
119,835,4.5
119,937,5.0
119,951,4.0
119,960,4.0
119,969,5.0
120,1,5.0
120,114,5.0
120,231,5.0
120,374,3.0
120,611,2.0
121,0,5.0
121,3,3.0
121,8,4.0
121,12,4.0
121,92,4.0
121,94,5.0
121,107,4.0
121,155,5.0
121,368,4.0
121,385,3.0
121,486,4.0
121,649,3.0
121,786,3.0
121,810,4.0
121,824,3.0
122,0,5.0
122,1,5.0
122,2,4.0
122,8,5.0
122,9,4.5
122,10,5.0
122,12,5.0
122,18,5.0
122,19,5.0
122,21,5.0
122,22,5.0
122,27,5.0
122,28,5.0
122,38,5.0
122,39,5.0
122,42,5.0
122,43,5.0
122,47,5.0
122,52,4.0
122,58,5.0
122,61,4.0
122,64,5.0
122,68,5.0
122,71,5.0
122,78,5.0
122,96,5.0
122,100,5.0
122,102,5.0
122,105,5.0
122,109,5.0
122,114,5.0
122,117,5.0
122,140,5.0
122,143,5.0
122,145,5.0
122,146,4.0
122,147,5.0
122,148,5.0
122,149,5.0
122,151,5.0
122,157,5.0
122,160,4.5
122,169,5.0
122,215,5.0
122,221,4.5
122,223,5.0
122,231,5.0
122,237,4.5
122,239,5.0
122,241,5.0
122,242,5.0
122,248,5.0
122,253,5.0
122,266,4.5
122,348,4.0
122,350,5.0
122,351,4.0
122,353,5.0
122,355,5.0
122,357,5.0
122,359,5.0
122,361,4.0
122,364,4.5
122,365,5.0
122,367,5.0
122,373,5.0
122,374,5.0
122,375,4.0
122,377,5.0
122,379,5.0
122,475,4.5
122,483,5.0
122,486,4.5
122,487,5.0
122,490,4.5
122,498,5.0
122,500,5.0
122,507,5.0
122,510,5.0
122,512,5.0
122,514,5.0
122,538,5.0
122,610,4.5
122,611,5.0
122,612,5.0
122,613,4.5
122,621,5.0
122,623,5.0
122,624,4.5
122,627,4.5
122,628,4.0
122,631,5.0
122,635,5.0
122,636,4.5
122,639,5.0
122,642,4.5
122,646,4.5
122,652,5.0
122,656,5.0
122,662,4.0
122,670,4.5
122,685,5.0
122,764,4.5
122,766,5.0
122,769,4.0
122,770,4.5
122,775,4.5
122,785,5.0
122,788,5.0
122,789,5.0
122,795,4.5
122,797,4.5
122,800,4.5
122,802,4.5
122,804,5.0
122,811,4.5
122,837,5.0
122,890,4.5
122,932,5.0
122,933,4.5
122,934,5.0
122,942,4.0
122,945,5.0
122,947,5.0
122,957,5.0
122,964,5.0
122,966,5.0
123,0,4.0
123,5,3.5
123,8,4.0
123,9,4.0
123,10,4.5
123,11,3.5
123,14,3.5
123,18,4.5
123,21,4.0
123,22,4.0
123,27,4.0
123,38,4.0
123,44,3.5
123,49,4.5
123,60,4.5
123,64,4.5
123,93,4.0
123,95,3.5
123,212,4.0
123,213,4.5
123,242,4.0
123,244,3.5
123,250,4.5
123,348,4.0
123,349,4.5
123,358,4.0
123,359,3.5
123,388,3.5
123,478,4.5
123,480,4.0
123,623,4.5
123,624,4.5
123,656,4.0
123,662,3.5
123,766,4.0
123,789,4.0
123,933,4.0
124,0,4.5
124,8,4.5
124,12,5.0
124,22,4.5
124,27,4.0
124,29,4.5
124,47,4.5
124,49,4.5
124,60,4.5
124,92,3.5
124,95,5.0
124,96,5.0
124,103,5.0
124,107,4.0
124,114,4.5
124,146,3.5
124,158,4.0
124,160,5.0
124,161,4.0
124,226,4.5
124,231,5.0
124,365,4.0
124,366,4.5
124,398,5.0
124,821,4.0
124,920,4.5
125,0,4.0
125,1,4.5
125,2,4.0
125,6,4.5
125,8,4.5
125,9,4.0
125,10,5.0
125,12,5.0
125,18,3.5
125,20,5.0
125,21,5.0
125,27,4.0
125,28,4.0
125,29,4.0
125,39,5.0
125,42,4.0
125,44,4.0
125,60,4.0
125,64,4.0
125,78,4.0
125,92,4.5
125,93,2.5
125,95,5.0
125,96,2.5
125,101,4.5
125,103,4.5
125,109,4.0
125,114,4.0
125,140,4.5
125,141,4.0
125,143,0.5
125,152,4.5
125,158,4.0
125,162,3.5
125,215,4.5
125,216,4.0
125,218,4.0
125,219,4.0
125,223,4.5
125,229,3.5
125,231,3.0
125,237,3.5
125,250,4.0
125,346,3.5
125,347,4.0
125,350,3.75
125,351,4.0
125,352,4.5
125,356,4.5
125,359,4.0
125,361,4.0
125,373,4.5
125,375,4.0
125,377,4.5
125,388,2.5
125,389,5.0
125,397,4.0
125,442,4.5
125,475,4.5
125,476,3.5
125,478,4.0
125,480,3.5
125,481,3.5
125,482,3.0
125,483,5.0
125,486,4.0
125,500,4.5
125,502,4.0
125,506,4.0
125,542,3.5
125,598,3.0
125,604,4.5
125,606,3.5
125,609,4.0
125,612,4.0
125,615,4.0
125,619,3.5
125,636,4.0
125,638,3.5
125,639,5.0
125,647,4.5
125,650,4.0
125,652,3.5
125,662,4.0
125,682,4.0
125,752,4.0
125,764,4.0
125,767,1.0
125,784,5.0
125,791,4.0
125,795,3.0
125,796,3.0
125,799,4.0
125,807,3.0
125,810,5.0
125,814,3.5
125,825,4.5
125,835,3.5
125,843,4.5
125,846,3.5
125,847,5.0
125,856,4.5
125,868,3.0
125,873,4.0
125,933,3.5
125,934,4.5
125,935,5.0
125,941,5.0
125,942,4.0
125,950,4.0
125,951,4.0
125,957,4.5
125,976,4.0
125,977,3.5
126,0,5.0
126,8,1.0
126,12,4.0
126,27,3.0
126,28,3.0
126,48,5.0
126,92,4.0
126,146,3.0
126,368,4.0
126,372,3.0
126,385,4.0
126,649,5.0
126,786,4.0
126,966,4.0
127,60,2.0
127,109,0.5
127,116,3.0
127,172,4.0
127,253,4.0
127,413,5.0
127,797,4.0
127,964,1.0
128,20,3.0
128,22,4.0
128,27,5.0
128,53,5.0
128,55,5.0
128,63,5.0
128,92,5.0
128,117,4.0
128,120,5.0
128,144,4.0
128,154,3.0
128,161,3.0
128,169,4.0
128,182,5.0
128,211,3.0
128,231,5.0
128,254,4.0
128,282,5.0
128,473,4.0
128,504,5.0
128,517,4.0
128,545,5.0
128,564,4.0
128,565,5.0
129,5,4.5
129,10,4.0
129,11,4.5
129,14,4.5
129,21,4.5
129,22,4.0
129,26,4.5
129,41,4.5
129,60,3.0
129,92,4.0
129,95,4.5
129,105,4.0
129,114,4.0
129,141,4.5
129,146,3.5
129,152,4.5
129,162,4.5
129,169,3.5
129,216,4.0
129,217,3.5
129,242,4.0
129,353,5.0
129,356,2.5
129,363,4.5
129,372,3.5
129,377,4.0
129,398,0.5
129,473,3.5
129,482,4.0
129,493,4.0
129,495,3.5
129,498,4.0
129,610,3.5
129,611,4.0
129,648,5.0
129,672,4.0
129,765,4.0
129,769,4.0
129,771,4.5
129,773,4.0
129,784,4.0
129,788,4.0
129,796,4.0
129,807,4.0
129,811,4.0
129,812,5.0
129,931,4.0
129,940,4.5
129,949,4.0
129,953,3.5
129,961,4.5
130,0,5.0
130,8,4.0
130,92,5.0
130,107,3.0
130,368,3.0
130,372,2.0
130,385,2.0
130,786,4.0
130,966,4.0
131,0,4.0
131,1,4.0
131,2,4.0
131,5,3.5
131,6,4.0
131,8,4.0
131,9,4.0
131,11,3.5
131,12,3.0
131,14,3.5
131,19,4.0
131,20,3.5
131,21,3.0
131,22,2.5
131,26,2.5
131,27,4.0
131,38,3.5
131,42,3.5
131,43,4.5
131,47,4.0
131,49,3.5
131,60,4.0
131,61,4.0
131,68,3.5
131,92,2.5
131,95,3.5
131,96,2.5
131,100,4.0
131,103,3.5
131,120,4.0
131,149,4.0
131,151,3.5
131,161,4.0
131,169,3.0
131,217,4.0
131,231,4.0
131,239,4.0
131,253,4.0
131,254,4.5
131,257,3.5
131,356,1.5
131,358,4.0
131,508,3.5
131,534,4.5
131,652,3.0
131,783,4.0
131,879,3.5
132,0,4.5
132,1,3.0
132,2,3.5
132,5,4.0
132,6,3.0
132,8,4.0
132,9,3.0
132,10,4.0
132,11,4.5
132,12,4.0
132,14,3.0
132,21,4.5
132,22,2.0
132,27,3.5
132,38,3.5
132,39,3.5
132,42,3.0
132,47,4.0
132,48,4.5
132,49,4.0
132,52,4.0
132,53,3.0
132,55,4.0
132,60,4.0
132,67,4.0
132,78,0.5
132,93,3.5
132,95,4.5
132,96,4.0
132,97,3.0
132,100,3.0
132,101,3.5
132,103,4.0
132,107,2.0
132,109,3.5
132,114,2.0
132,118,4.0
132,141,3.0
132,147,2.5
132,148,3.5
132,152,4.5
132,158,3.0
132,160,3.0
132,162,3.0
132,165,3.0
132,167,3.0
132,172,4.0
132,216,3.0
132,220,3.0
132,223,2.5
132,226,3.5
132,234,3.5
132,235,3.5
132,239,3.0
132,242,3.0
132,249,3.5
132,268,4.0
132,275,2.0
132,278,4.0
132,356,3.5
132,362,3.0
132,363,4.0
132,367,3.0
132,371,3.5
132,372,3.5
132,374,3.0
132,375,1.0
132,377,4.5
132,382,3.5
132,385,4.5
132,389,3.0
132,403,3.5
132,410,3.0
132,473,3.0
132,482,3.0
132,486,3.5
132,491,3.5
132,494,3.5
132,495,3.5
132,498,3.5
132,507,4.0
132,514,3.5
132,521,2.5
132,602,4.0
132,610,4.0
132,611,3.5
132,613,3.5
132,631,4.0
132,664,4.0
132,672,3.0
132,695,3.0
132,696,3.0
132,703,2.0
132,769,3.0
132,771,2.0
132,778,2.0
132,785,3.0
132,788,3.5
132,796,4.0
132,800,3.5
132,804,1.5
132,810,3.0
132,811,3.0
132,816,2.5
132,817,3.0
132,821,2.5
132,829,3.5
132,832,3.5
132,837,4.0
132,854,3.0
132,865,3.5
132,898,3.0
132,915,4.0
132,931,3.0
132,940,3.5
132,955,3.5
132,970,3.0
132,977,3.0
132,981,2.0
132,987,2.5
133,0,4.0
133,3,4.0
133,8,3.0
133,12,4.0
133,27,3.0
133,28,3.0
133,47,3.0
133,92,3.0
133,146,3.0
133,154,3.0
133,368,2.0
133,372,3.0
133,374,4.0
133,486,3.0
133,649,4.0
133,786,3.0
133,847,3.0
134,8,4.0
134,27,5.0
134,48,3.0
134,92,5.0
134,107,3.0
134,368,5.0
134,372,3.0
134,385,5.0
134,618,4.0
135,0,5.0
135,1,4.0
135,3,5.0
135,4,5.0
135,8,4.0
135,10,5.0
135,11,5.0
135,19,4.0
135,21,5.0
135,22,4.0
135,26,4.0
135,27,5.0
135,28,4.0
135,41,2.0
135,43,4.0
135,53,4.0
135,60,5.0
135,63,4.0
135,68,5.0
135,72,3.0
135,92,4.0
135,95,4.0
135,101,5.0
135,107,4.0
135,114,4.0
135,144,4.0
135,146,5.0
135,148,4.0
135,154,5.0
135,157,3.0
135,169,5.0
135,211,5.0
135,219,5.0
135,220,5.0
135,223,4.0
135,231,4.0
135,233,4.0
135,235,5.0
135,353,5.0
135,373,5.0
135,374,5.0
135,396,4.0
135,398,5.0
135,473,2.0
135,490,4.0
135,494,4.0
135,495,4.0
135,512,5.0
135,514,4.0
135,538,5.0
135,610,4.0
135,611,5.0
135,629,4.0
135,638,4.0
135,649,4.0
135,669,5.0
135,680,4.0
135,704,4.0
135,773,5.0
135,784,3.0
135,785,4.0
135,789,5.0
135,804,3.0
135,811,5.0
135,812,4.0
135,837,4.0
135,843,3.0
135,847,5.0
135,848,4.0
135,894,3.0
135,931,4.0
135,939,4.0
135,945,4.0
135,952,4.0
135,959,5.0
135,964,3.0
135,966,1.0
135,972,3.0
136,8,1.0
136,27,3.0
136,48,5.0
136,92,5.0
136,155,5.0
136,368,3.0
136,372,3.0
136,385,3.0
136,511,5.0
136,514,3.0
136,573,3.0
136,618,3.0
136,649,5.0
136,695,4.0
136,786,2.0
136,810,5.0
136,966,5.0
137,0,3.5
137,1,5.0
137,3,3.5
137,4,4.5
137,5,5.0
137,6,5.0
137,8,3.0
137,10,3.0
137,11,5.0
137,12,3.5
137,14,4.5
137,20,4.0
137,21,4.0
137,22,4.0
137,26,4.0
137,27,4.0
137,28,3.5
137,35,4.0
137,39,3.5
137,41,3.5
137,43,5.0
137,52,5.0
137,53,5.0
137,55,4.0
137,58,4.0
137,63,4.5
137,67,3.5
137,68,4.0
137,71,5.0
137,72,5.0
137,74,5.0
137,83,5.0
137,92,4.0
137,98,4.0
137,99,3.0
137,102,3.5
137,107,4.0
137,111,5.0
137,114,3.0
137,116,4.0
137,117,5.0
137,120,4.5
137,146,3.5
137,149,5.0
137,153,3.0
137,157,4.5
137,158,4.0
137,160,4.0
137,166,4.0
137,169,5.0
137,170,3.0
137,172,4.0
137,217,5.0
137,231,4.5
137,235,5.0
137,239,2.0
137,254,4.5
137,264,4.5
137,274,5.0
137,276,3.5
137,278,4.0
137,287,4.5
137,304,4.5
137,353,3.5
137,368,3.5
137,372,4.0
137,379,4.5
137,391,3.5
137,394,4.5
137,396,5.0
137,407,4.5
137,413,4.5
137,453,5.0
137,473,4.0
137,495,4.0
137,508,5.0
137,522,4.0
137,539,5.0
137,544,3.5
137,550,4.5
137,619,3.0
137,678,4.0
137,687,3.5
137,690,4.0
137,692,5.0
137,702,3.5
137,703,3.5
137,715,4.5
137,717,3.0
137,719,3.5
137,727,5.0
137,769,2.5
137,786,3.5
137,797,4.0
137,836,4.0
137,837,4.0
137,864,4.5
137,879,4.0
137,888,3.5
137,899,5.0
137,953,3.0
138,504,5.0
138,871,4.0
138,876,1.5
138,944,1.5
138,951,5.0
139,2,3.5
139,5,4.0
139,9,2.0
139,11,4.0
139,14,4.0
139,38,2.5
139,41,2.5
139,61,4.0
139,63,4.0
139,64,2.5
139,109,2.5
139,112,2.0
139,140,0.5
139,141,3.0
139,145,1.0
139,152,3.0
139,165,1.5
139,214,3.0
139,216,3.0
139,242,3.0
139,250,2.0
139,355,2.5
139,358,2.5
139,362,3.5
139,364,3.5
139,371,1.5
139,377,3.0
139,388,2.5
139,404,0.5
139,475,1.5
139,480,3.0
139,481,3.0
139,482,3.0
139,493,2.5
139,495,2.5
139,498,1.0
139,502,0.5
139,621,2.0
139,622,2.5
139,630,4.0
139,635,4.0
139,642,3.5
139,643,2.5
139,652,1.0
139,655,2.5
139,659,4.0
139,661,4.0
139,662,3.0
139,763,2.0
139,775,2.5
139,780,2.0
139,804,3.0
139,807,2.0
139,816,2.5
139,827,2.5
139,933,4.0
139,941,1.0
139,948,2.5
139,949,1.5
139,951,2.5
139,953,2.5
139,955,2.5
139,960,3.0
139,969,2.5
139,971,3.0
140,0,4.0
140,1,5.0
140,3,5.0
140,5,5.0
140,6,3.0
140,8,4.0
140,11,3.0
140,12,4.0
140,14,4.0
140,19,3.0
140,20,3.0
140,21,4.0
140,22,3.0
140,26,5.0
140,27,4.0
140,29,3.5
140,35,3.0
140,39,3.0
140,41,4.0
140,42,3.0
140,43,4.0
140,46,3.0
140,47,3.0
140,48,4.0
140,53,4.0
140,60,3.0
140,63,4.0
140,68,4.5
140,92,4.0
140,94,5.0
140,95,4.0
140,97,4.0
140,98,4.0
140,100,3.0
140,107,3.0
140,111,5.0
140,114,3.5
140,122,5.0
140,127,1.0
140,144,3.0
140,146,4.0
140,148,4.0
140,151,3.0
140,152,2.0
140,154,4.0
140,158,5.0
140,160,4.0
140,161,4.0
140,166,3.5
140,167,5.0
140,168,4.0
140,170,5.0
140,211,4.0
140,216,3.5
140,217,3.0
140,219,3.0
140,221,4.0
140,231,5.0
140,234,3.0
140,235,4.0
140,241,4.0
140,242,4.0
140,249,5.0
140,253,4.0
140,255,4.5
140,274,5.0
140,278,3.0
140,362,4.5
140,364,4.0
140,365,4.0
140,368,5.0
140,370,3.5
140,372,3.0
140,373,3.0
140,375,3.0
140,381,4.0
140,385,5.0
140,391,4.0
140,394,5.0
140,396,2.0
140,406,4.0
140,409,4.5
140,473,4.0
140,493,4.0
140,494,4.0
140,495,3.0
140,497,4.0
140,503,3.5
140,522,4.0
140,525,4.0
140,535,4.0
140,539,5.0
140,573,3.0
140,602,4.0
140,611,4.0
140,618,4.0
140,619,4.0
140,632,4.0
140,634,4.0
140,637,5.0
140,638,4.0
140,648,3.5
140,649,4.0
140,653,3.0
140,657,4.0
140,664,4.0
140,669,2.0
140,673,4.0
140,674,4.0
140,678,3.0
140,680,3.5
140,690,4.0
140,691,3.5
140,696,4.0
140,697,4.0
140,700,4.0
140,707,4.0
140,732,4.0
140,763,3.5
140,769,3.0
140,771,4.0
140,774,4.0
140,777,4.0
140,785,3.0
140,786,5.0
140,789,4.0
140,792,4.0
140,803,4.0
140,804,2.0
140,807,3.5
140,812,4.5
140,816,4.0
140,830,4.0
140,831,4.0
140,832,3.5
140,834,2.0
140,835,5.0
140,840,4.0
140,844,3.0
140,854,3.5
140,856,4.0
140,860,4.0
140,861,4.0
140,864,3.0
140,865,3.5
140,869,3.0
140,879,4.0
140,894,3.0
140,931,3.0
140,949,3.0
140,953,4.0
140,959,4.0
140,960,4.0
140,966,4.0
140,977,4.0
140,984,4.0
140,985,4.0
141,0,4.0
141,1,2.5
141,2,5.0
141,5,4.0
141,8,4.0
141,10,5.0
141,11,4.0
141,12,4.0
141,14,3.5
141,18,5.0
141,21,3.5
141,22,3.0
141,26,4.0
141,29,3.5
141,39,2.5
141,41,5.0
141,42,3.0
141,48,4.0
141,60,3.0
141,61,4.0
141,63,3.0
141,64,5.0
141,78,5.0
141,92,3.5
141,97,3.5
141,107,4.0
141,109,5.0
141,112,4.0
141,114,4.5
141,141,3.5
141,143,3.5
141,144,2.5
141,146,3.0
141,148,3.0
141,151,4.5
141,152,3.0
141,160,4.5
141,162,5.0
141,214,5.0
141,216,4.0
141,221,3.0
141,223,4.0
141,226,3.0
141,232,4.5
141,242,4.0
141,350,4.0
141,352,5.0
141,353,3.5
141,362,4.5
141,363,2.5
141,371,4.5
141,372,4.0
141,373,3.5
141,377,3.0
141,388,3.5
141,475,2.5
141,480,3.0
141,482,4.0
141,493,3.5
141,495,4.0
141,498,4.0
141,510,4.5
141,538,3.0
141,610,4.0
141,619,3.5
141,621,5.0
141,623,5.0
141,631,3.5
141,638,3.5
141,648,3.0
141,669,4.0
141,765,4.5
141,767,3.0
141,769,4.0
141,770,3.5
141,781,3.5
141,782,4.5
141,786,3.5
141,804,4.5
141,931,3.0
141,932,2.5
141,934,3.0
141,937,2.5
141,940,3.5
141,945,4.0
141,949,4.0
141,951,3.0
141,953,2.0
141,957,3.5
141,959,3.5
142,3,5.0
142,8,5.0
142,12,4.0
142,27,5.0
142,28,3.0
142,47,5.0
142,48,4.0
142,146,3.0
142,368,4.0
142,372,5.0
142,385,4.0
142,649,4.0
142,786,5.0
142,810,4.0
142,824,4.0
142,966,3.0
143,9,2.0
143,12,5.0
143,78,2.0
143,109,5.0
143,112,4.0
143,160,4.0
143,169,1.0
143,216,3.0
143,473,4.0
143,489,2.0
143,493,2.0
143,495,5.0
143,605,4.0
143,610,2.0
143,767,5.0
143,770,5.0
143,790,3.0
143,793,5.0
143,832,2.0
143,934,1.0
143,951,1.0
144,3,3.5
144,5,4.5
144,8,4.0
144,10,4.0
144,11,4.5
144,12,4.0
144,14,4.5
144,20,4.0
144,21,4.0
144,26,3.5
144,27,4.5
144,28,2.0
144,29,4.0
144,41,4.0
144,43,3.0
144,48,4.5
144,49,5.0
144,60,5.0
144,92,4.5
144,95,4.0
144,107,3.5
144,144,4.0
144,146,3.0
144,148,2.5
144,154,3.5
144,157,4.0
144,160,5.0
144,216,5.0
144,217,3.0
144,234,3.0
144,239,4.0
144,249,4.5
144,262,4.5
144,365,3.0
144,368,5.0
144,372,4.5
144,373,3.0
144,374,4.0
144,482,4.0
144,495,5.0
144,510,3.0
144,513,3.5
144,664,4.5
144,680,3.5
144,778,3.0
144,786,3.0
144,804,3.5
144,810,4.0
144,811,3.0
144,817,4.0
144,847,4.0
144,887,3.5
144,940,2.5
144,957,3.5
144,959,3.5
144,992,4.0
145,0,3.0
145,8,4.0
145,47,5.0
145,107,5.0
145,149,4.0
145,368,4.0
145,372,4.0
145,385,4.0
145,786,3.0
145,966,3.0
146,374,5.0
146,646,4.0
146,876,3.0
146,937,3.0
146,992,3.0
147,122,4.5
147,486,4.5
147,952,2.5
147,972,2.5
148,5,3.0
148,9,1.5
148,11,3.0
148,12,4.0
148,14,3.0
148,78,4.5
148,109,4.0
148,160,3.0
148,162,4.0
148,215,4.0
148,224,4.0
148,226,3.0
148,232,4.0
148,242,3.0
148,250,3.0
148,348,3.5
148,349,4.5
148,353,3.0
148,358,4.0
148,361,4.0
148,475,4.0
148,482,4.0
148,603,5.0
148,635,3.5
148,645,3.5
148,655,4.0
148,662,3.5
148,679,2.5
148,765,4.0
148,767,3.5
148,781,4.0
148,793,4.5
148,795,4.0
148,931,4.0
148,969,3.5
149,22,2.0
149,28,3.0
149,39,2.0
149,43,5.0
149,68,3.0
149,74,5.0
149,98,2.0
149,101,3.0
149,114,4.0
149,146,3.0
149,217,4.0
149,219,4.0
149,374,4.0
149,386,1.0
149,494,4.0
149,613,2.0
149,702,5.0
149,848,3.0
149,940,4.0
150,94,4.0
150,231,4.0
150,374,5.0
150,611,3.0
150,779,3.0
150,987,3.0
151,107,5.0
151,373,5.0
151,611,4.0
152,0,3.5
152,1,5.0
152,2,4.0
152,3,4.5
152,4,5.0
152,6,4.0
152,8,4.5
152,9,3.5
152,10,5.0
152,19,4.0
152,20,4.5
152,21,4.0
152,27,4.5
152,42,3.5
152,47,4.5
152,49,5.0
152,55,4.0
152,63,3.5
152,74,5.0
152,75,4.0
152,95,4.0
152,99,4.5
152,103,5.0
152,110,4.0
152,120,4.0
152,122,4.0
152,149,5.0
152,169,3.5
152,217,4.0
152,231,4.0
152,483,4.5
152,496,4.0
152,521,4.5
152,604,4.0
152,782,4.5
152,902,4.0
152,946,4.0
152,990,3.5
153,1,1.0
153,3,2.0
153,8,3.0
153,10,0.5
153,12,3.5
153,18,0.5
153,20,3.0
153,21,0.5
153,22,0.5
153,44,1.0
153,48,3.0
153,60,4.0
153,61,0.5
153,63,0.5
153,64,1.0
153,67,3.0
153,71,2.0
153,77,1.5
153,95,3.0
153,96,4.0
153,97,4.0
153,101,2.5
153,103,5.0
153,107,2.0
153,109,2.5
153,140,1.0
153,148,4.5
153,158,3.5
153,160,1.0
153,162,4.0
153,213,3.5
153,214,4.0
153,220,2.0
153,223,3.5
153,228,4.0
153,232,2.0
153,233,0.5
153,234,4.5
153,237,5.0
153,239,3.5
153,240,3.5
153,246,4.5
153,251,4.0
153,255,2.5
153,355,3.0
153,356,4.5
153,358,0.5
153,359,4.0
153,365,3.0
153,370,3.0
153,371,4.0
153,380,2.5
153,382,1.5
153,473,2.0
153,475,1.0
153,489,3.5
153,495,2.0
153,501,4.0
153,505,4.0
153,507,3.0
153,509,4.0
153,543,5.0
153,598,1.5
153,605,1.0
153,613,1.0
153,614,4.5
153,627,2.5
153,631,4.0
153,639,5.0
153,647,4.5
153,664,2.0
153,672,4.0
153,762,2.0
153,767,3.5
153,778,2.5
153,790,3.5
153,796,2.0
153,799,1.0
153,808,3.5
153,819,2.0
153,820,2.5
153,822,1.0
153,829,4.0
153,931,3.0
153,937,0.5
153,954,1.0
153,957,3.0
153,961,3.0
153,972,1.0
153,978,0.5
154,9,5.0
154,12,5.0
154,18,5.0
154,97,5.0
154,109,5.0
154,250,5.0
154,348,5.0
154,352,5.0
154,358,5.0
154,361,4.5
154,475,5.0
154,476,4.5
154,494,5.0
154,655,5.0
154,662,5.0
154,764,5.0
154,781,5.0
154,795,5.0
154,931,5.0
155,10,4.0
155,26,4.0
155,41,4.0
155,68,4.0
155,107,3.0
155,372,3.0
155,510,3.0
155,610,2.0
155,945,5.0
156,0,4.5
156,1,5.0
156,6,4.0
156,8,5.0
156,12,3.0
156,19,4.0
156,20,4.0
156,21,3.0
156,27,4.0
156,35,3.5
156,39,3.5
156,41,3.5
156,47,4.0
156,52,4.5
156,53,5.0
156,55,5.0
156,60,4.5
156,63,4.0
156,71,4.0
156,72,4.5
156,74,5.0
156,83,4.0
156,85,3.0
156,95,4.5
156,97,4.0
156,98,4.5
156,99,4.0
156,100,4.0
156,101,5.0
156,102,3.5
156,105,4.5
156,107,4.0
156,111,4.0
156,117,5.0
156,120,5.0
156,122,4.0
156,135,3.0
156,144,3.5
156,146,3.0
156,148,3.5
156,149,4.0
156,160,4.0
156,161,5.0
156,166,4.0
156,167,3.0
156,169,5.0
156,170,3.0
156,172,5.0
156,175,5.0
156,181,3.0
156,211,3.5
156,216,4.0
156,217,4.0
156,223,3.0
156,231,5.0
156,233,3.5
156,235,4.0
156,239,4.0
156,248,4.0
156,249,4.5
156,253,4.0
156,254,3.0
156,264,4.0
156,272,5.0
156,282,5.0
156,284,3.0
156,306,5.0
156,318,4.0
156,333,3.5
156,365,4.0
156,367,4.0
156,368,3.5
156,373,5.0
156,376,3.0
156,379,5.0
156,394,3.0
156,396,5.0
156,398,4.0
156,399,5.0
156,400,5.0
156,404,5.0
156,413,5.0
156,419,3.0
156,430,5.0
156,440,4.0
156,473,3.0
156,490,3.0
156,491,4.0
156,494,3.0
156,504,5.0
156,508,4.0
156,510,3.5
156,512,5.0
156,525,4.0
156,527,5.0
156,531,4.0
156,539,3.0
156,544,4.0
156,545,5.0
156,549,4.0
156,552,4.0
156,571,4.0
156,610,3.5
156,619,3.0
156,634,3.0
156,636,3.0
156,649,3.5
156,664,3.0
156,692,5.0
156,695,4.0
156,702,3.0
156,703,5.0
156,705,5.0
156,717,3.0
156,745,3.0
156,750,5.0
156,773,3.5
156,777,3.0
156,778,2.0
156,785,5.0
156,786,4.0
156,792,4.0
156,796,4.5
156,804,4.0
156,811,3.0
156,817,4.0
156,821,3.0
156,832,3.5
156,837,5.0
156,840,2.0
156,844,4.5
156,847,4.0
156,856,5.0
156,861,3.0
156,864,4.0
156,871,4.0
156,874,3.5
156,879,4.0
156,922,3.0
156,952,3.0
156,957,4.5
156,959,3.0
156,964,2.5
156,972,3.5
156,987,3.0
156,992,4.5
157,3,5.0
157,10,5.0
157,20,3.0
157,35,3.0
157,39,4.0
157,365,4.0
157,811,4.0
159,0,4.5
159,8,0.5
159,10,3.0
159,12,4.0
159,29,0.5
159,78,2.0
159,92,3.0
159,95,4.0
159,96,0.5
159,97,5.0
159,103,0.5
159,107,4.5
159,109,3.0
159,112,5.0
159,140,2.0
159,146,3.0
159,160,4.5
159,213,2.0
159,220,2.0
159,228,3.5
159,238,4.0
159,242,4.0
159,255,4.0
159,353,4.0
159,359,2.0
159,365,3.0
159,366,1.0
159,370,5.0
159,373,4.5
159,380,3.5
159,382,0.5
159,473,3.5
159,475,4.0
159,489,3.5
159,495,4.0
159,510,4.5
159,605,4.0
159,609,5.0
159,625,5.0
159,627,4.0
159,638,3.0
159,648,4.0
159,660,2.0
159,672,3.5
159,767,5.0
159,786,4.0
159,809,4.5
159,821,2.5
159,824,2.0
159,832,4.5
159,954,5.0
159,990,3.5
160,1,5.0
160,3,5.0
160,5,5.0
160,6,5.0
160,8,5.0
160,10,4.5
160,11,2.0
160,12,3.0
160,14,1.5
160,19,4.0
160,21,4.0
160,22,4.0
160,26,5.0
160,27,2.0
160,28,5.0
160,29,4.0
160,39,5.0
160,41,5.0
160,43,3.5
160,47,4.0
160,48,5.0
160,49,3.0
160,52,3.0
160,55,4.0
160,63,3.0
160,67,2.5
160,68,1.0
160,71,5.0
160,72,2.0
160,92,4.0
160,94,2.0
160,95,5.0
160,98,5.0
160,105,4.0
160,107,4.0
160,114,5.0
160,116,4.0
160,120,3.0
160,144,3.0
160,146,2.0
160,149,5.0
160,151,4.5
160,154,2.0
160,157,5.0
160,171,4.0
160,210,5.0
160,211,2.0
160,217,5.0
160,219,4.0
160,231,5.0
160,239,5.0
160,241,5.0
160,249,2.0
160,360,4.0
160,367,4.5
160,373,2.0
160,374,5.0
160,375,1.75
160,385,3.0
160,407,3.0
160,494,3.0
160,495,4.0
160,508,4.0
160,510,2.0
160,512,5.0
160,514,5.0
160,536,2.0
160,537,5.0
160,613,4.0
160,619,4.0
160,629,4.0
160,634,3.0
160,636,2.0
160,649,2.0
160,664,4.0
160,669,5.0
160,678,4.0
160,704,5.0
160,762,2.0
160,773,4.0
160,779,1.0
160,786,5.0
160,811,4.0
160,812,5.0
160,832,4.0
160,837,5.0
160,848,1.0
160,871,1.0
160,876,5.0
160,887,5.0
160,939,4.0
160,940,3.0
160,944,5.0
160,949,4.5
160,957,4.5
160,959,4.0
160,964,4.0
160,966,3.0
160,970,5.0
160,977,4.0
161,0,5.0
161,107,4.0
161,118,4.5
161,122,4.0
161,158,3.0
162,0,5.0
162,3,5.0
162,8,3.0
162,12,5.0
162,47,4.0
162,155,5.0
162,231,5.0
162,368,4.0
162,573,5.0
162,602,5.0
162,675,5.0
162,786,4.0
162,810,3.0
162,817,5.0
162,824,5.0
163,97,4.0
163,161,3.0
163,473,3.0
163,784,4.0
163,821,4.0
164,22,4.0
164,28,5.0
164,41,5.0
164,63,5.0
164,68,5.0
164,92,5.0
164,114,4.0
164,144,5.0
164,146,5.0
164,154,5.0
164,219,5.0
164,473,5.0
164,494,5.0
164,629,5.0
164,940,3.0
165,1,3.0
165,6,3.0
165,14,5.0
165,21,4.0
165,22,4.0
165,26,3.0
165,63,5.0
165,92,4.0
165,114,3.0
165,120,4.0
165,144,5.0
165,146,4.0
165,221,4.0
165,353,5.0
165,394,3.0
165,404,3.0
165,493,4.0
165,634,4.0
165,769,5.0
165,816,3.0
165,844,4.0
165,949,4.0
165,988,3.0
166,0,4.5
166,1,4.5
166,3,4.5
166,5,5.0
166,6,4.5
166,8,4.5
166,10,4.5
166,11,3.5
166,12,4.0
166,14,4.5
166,20,4.0
166,21,4.0
166,22,4.5
166,26,4.5
166,27,4.0
166,29,4.0
166,38,2.5
166,41,3.5
166,42,5.0
166,43,4.0
166,47,5.0
166,49,5.0
166,55,3.5
166,60,5.0
166,63,4.5
166,67,4.0
166,72,4.5
166,94,3.5
166,95,4.0
166,96,4.0
166,97,4.5
166,100,4.0
166,101,4.0
166,103,5.0
166,105,3.5
166,107,5.0
166,114,5.0
166,117,4.5
166,122,4.0
166,141,5.0
166,144,4.5
166,148,5.0
166,151,4.5
166,152,4.5
166,154,4.0
166,157,4.0
166,160,4.5
166,161,4.5
166,162,4.5
166,165,3.0
166,219,3.0
166,221,4.0
166,231,4.5
166,239,4.0
166,242,4.0
166,248,3.0
166,253,4.5
166,278,4.0
166,353,4.5
166,356,4.0
166,362,4.5
166,363,5.0
166,364,5.0
166,365,4.0
166,367,4.0
166,372,5.0
166,373,4.0
166,374,4.0
166,377,4.5
166,379,4.0
166,381,4.0
166,388,5.0
166,400,4.5
166,473,3.0
166,491,3.5
166,493,4.5
166,494,4.0
166,495,4.5
166,500,4.5
166,510,4.5
166,536,3.5
166,610,2.5
166,619,3.5
166,621,3.5
166,631,4.0
166,636,3.5
166,638,4.0
166,648,4.5
166,649,3.5
166,704,4.5
166,754,4.5
166,769,4.5
166,787,4.5
166,796,5.0
166,804,4.5
166,805,4.0
166,807,5.0
166,811,3.5
166,812,5.0
166,816,4.0
166,817,4.0
166,821,3.5
166,837,4.5
166,840,4.0
166,859,4.5
166,937,4.0
166,949,4.0
166,953,4.0
166,958,4.0
167,0,5.0
167,5,4.5
167,8,3.0
167,11,5.0
167,12,3.0
167,14,4.5
167,22,4.5
167,26,3.5
167,27,2.5
167,43,2.0
167,63,4.0
167,68,1.5
167,74,2.0
167,92,3.5
167,95,3.0
167,98,1.0
167,107,3.5
167,114,4.0
167,122,3.5
167,141,5.0
167,144,4.5
167,146,3.5
167,148,3.0
167,151,5.0
167,157,3.0
167,160,3.5
167,162,4.5
167,169,4.0
167,216,4.5
167,217,3.5
167,223,4.0
167,231,3.0
167,239,4.5
167,242,4.5
167,353,4.5
167,356,3.0
167,362,4.5
167,371,4.5
167,372,3.0
167,373,3.0
167,376,4.0
167,385,3.5
167,482,4.5
167,490,4.5
167,493,4.5
167,495,4.5
167,498,4.5
167,510,3.0
167,514,3.0
167,611,4.5
167,632,3.0
167,638,3.0
167,661,5.0
167,765,4.5
167,769,4.5
167,773,4.0
167,778,1.0
167,786,4.0
167,797,3.5
167,800,4.5
167,807,3.5
167,816,3.5
167,832,3.0
167,847,5.0
167,924,4.5
167,931,4.5
167,940,5.0
167,945,5.0
167,953,2.0
167,970,3.0
167,984,4.5
168,1,5.0
168,4,5.0
168,6,5.0
168,8,4.5
168,12,4.0
168,19,5.0
168,20,4.5
168,35,4.5
168,52,4.0
168,53,4.5
168,54,4.5
168,58,4.0
168,71,5.0
168,72,4.5
168,74,5.0
168,75,5.0
168,93,5.0
168,95,5.0
168,99,5.0
168,100,5.0
168,105,4.5
168,116,4.5
168,117,5.0
168,120,5.0
168,143,4.5
168,149,4.5
168,161,4.5
168,166,5.0
168,170,4.5
168,178,5.0
168,231,5.0
168,248,5.0
168,253,4.5
168,272,5.0
168,278,4.0
168,279,5.0
168,287,4.5
168,379,5.0
168,384,4.5
168,394,4.5
168,399,5.0
168,413,4.75
168,430,5.0
168,440,4.5
168,496,4.0
168,497,5.0
168,560,4.5
168,623,3.5
168,684,4.5
168,703,4.5
168,785,4.5
168,837,4.5
168,909,4.5
168,928,4.5
168,986,4.5
169,0,5.0
169,3,5.0
169,5,5.0
169,11,4.5
169,12,4.5
169,14,4.5
169,21,4.5
169,26,5.0
169,29,4.5
169,35,5.0
169,39,4.0
169,46,4.5
169,48,4.5
169,107,4.5
169,118,5.0
169,146,4.0
169,148,5.0
169,152,3.0
169,157,4.0
169,158,4.5
169,160,5.0
169,169,5.0
169,216,4.5
169,221,5.0
169,234,5.0
169,235,5.0
169,242,5.0
169,249,5.0
169,353,4.0
169,365,4.5
169,367,5.0
169,371,4.0
169,372,5.0
169,373,4.0
169,385,5.0
169,404,2.5
169,409,5.0
169,473,5.0
169,490,4.0
169,494,4.0
169,495,5.0
169,508,4.0
169,510,4.5
169,538,5.0
169,573,4.5
169,611,5.0
169,613,4.5
169,632,4.0
169,637,5.0
169,638,4.5
169,648,4.5
169,649,4.0
169,664,5.0
169,696,5.0
169,697,5.0
169,769,4.5
169,773,4.5
169,778,5.0
169,786,4.5
169,796,4.5
169,807,3.5
169,816,4.5
169,832,4.0
169,854,5.0
169,874,4.0
169,931,4.5
169,945,5.0
169,949,4.0
169,970,4.5
169,984,4.5
169,987,4.5
170,0,5.0
170,8,2.0
170,12,4.0
170,27,4.0
170,48,3.0
170,92,4.0
170,146,3.0
170,368,4.0
170,372,3.0
170,385,3.0
170,573,3.0
170,618,4.0
170,649,3.0
170,778,3.0
170,786,3.0
170,970,3.0
171,0,5.0
171,1,5.0
171,8,5.0
171,20,5.0
171,22,4.0
171,27,5.0
171,39,5.0
171,43,5.0
171,63,5.0
171,71,5.0
171,72,4.0
171,100,5.0
171,107,5.0
171,114,5.0
171,116,5.0
171,144,5.0
171,149,5.0
171,169,5.0
171,217,5.0
171,220,5.0
171,231,5.0
171,234,5.0
171,235,4.0
171,253,5.0
171,262,4.0
171,353,4.0
171,373,3.0
171,374,5.0
171,394,4.0
171,486,5.0
171,490,5.0
171,514,4.0
171,534,5.0
171,547,5.0
171,611,5.0
171,641,5.0
171,695,4.0
172,3,4.5
172,27,4.0
172,39,4.0
172,41,4.0
172,114,4.5
172,157,4.5
172,171,3.0
172,368,3.5
172,377,4.0
172,539,3.0
172,573,4.5
172,762,4.0
172,798,3.0
172,836,3.0
173,3,5.0
173,8,1.0
173,12,5.0
173,28,3.0
173,92,3.0
173,146,4.0
173,372,3.0
173,385,3.0
173,778,3.0
173,786,4.0
173,817,4.0
174,3,3.0
174,8,3.0
174,12,3.0
174,28,4.0
174,47,3.0
174,146,5.0
174,368,4.0
174,372,4.0
174,374,3.0
174,385,3.0
174,618,5.0
174,649,5.0
174,786,5.0
174,810,4.0
174,824,3.0
174,966,3.0
176,0,5.0
176,8,3.0
176,27,5.0
176,28,5.0
176,92,5.0
176,368,4.0
176,372,3.0
176,618,5.0
176,649,5.0
176,786,4.0
176,966,4.0
177,0,5.0
177,1,5.0
177,2,5.0
177,3,4.5
177,4,4.75
177,5,2.0
177,6,4.0
177,8,5.0
177,9,5.0
177,10,4.0
177,11,2.0
177,12,5.0
177,14,2.0
177,19,4.0
177,20,4.0
177,21,3.0
177,22,3.0
177,27,5.0
177,35,4.5
177,38,4.5
177,39,5.0
177,42,4.0
177,43,2.5
177,47,4.0
177,48,4.0
177,52,2.75
177,53,5.0
177,55,5.0
177,61,4.0
177,63,3.5
177,64,3.5
177,67,4.0
177,72,3.0
177,74,4.0
177,83,5.0
177,93,3.5
177,95,4.0
177,97,5.0
177,98,1.5
177,99,5.0
177,100,4.0
177,101,1.0
177,103,4.0
177,107,5.0
177,109,4.0
177,112,5.0
177,114,3.0
177,116,4.0
177,117,2.5
177,118,5.0
177,119,3.25
177,123,5.0
177,141,4.0
177,144,3.0
177,145,5.0
177,146,3.5
177,148,3.5
177,152,3.5
177,154,4.0
177,155,3.0
177,158,4.0
177,160,4.0
177,162,5.0
177,165,4.0
177,166,4.0
177,167,3.5
177,169,4.5
177,172,5.0
177,178,3.0
177,181,4.0
177,182,5.0
177,202,2.0
177,210,3.5
177,211,3.0
177,213,4.0
177,214,3.0
177,216,5.0
177,221,4.5
177,223,3.0
177,224,5.0
177,226,4.0
177,228,4.0
177,231,4.0
177,235,5.0
177,242,5.0
177,249,2.5
177,250,5.0
177,251,4.0
177,255,5.0
177,257,3.0
177,266,2.0
177,272,3.0
177,273,5.0
177,276,5.0
177,278,4.0
177,282,4.0
177,284,5.0
177,304,4.0
177,306,5.0
177,348,5.0
177,349,4.0
177,353,5.0
177,355,3.5
177,357,4.0
177,358,3.0
177,360,3.0
177,362,4.0
177,365,5.0
177,372,4.0
177,373,4.0
177,377,3.0
177,379,5.0
177,380,5.0
177,381,4.0
177,382,2.5
177,384,2.0
177,385,4.25
177,386,2.0
177,388,4.0
177,403,5.0
177,410,2.0
177,412,4.0
177,420,4.0
177,425,4.0
177,455,3.5
177,473,5.0
177,475,2.5
177,478,4.0
177,480,3.5
177,482,3.5
177,490,3.0
177,491,3.0
177,493,3.5
177,494,3.0
177,495,4.0
177,499,3.5
177,502,2.5
177,503,4.0
177,504,5.0
177,505,5.0
177,506,4.5
177,507,2.0
177,508,3.5
177,509,2.5
177,510,3.5
177,513,3.0
177,514,4.0
177,517,4.0
177,521,3.5
177,522,3.0
177,526,2.0
177,534,5.0
177,536,2.75
177,538,5.0
177,541,3.0
177,543,5.0
177,549,4.0
177,551,3.5
177,559,5.0
177,565,3.0
177,570,4.5
177,578,4.0
177,602,3.5
177,603,4.0
177,604,2.0
177,605,3.5
177,610,3.5
177,611,5.0
177,613,4.0
177,616,3.5
177,619,4.0
177,623,4.0
177,627,3.5
177,631,4.5
177,634,2.5
177,636,4.0
177,637,3.5
177,638,3.0
177,643,3.5
177,646,4.0
177,654,5.0
177,656,4.0
177,660,4.0
177,662,5.0
177,664,4.0
177,669,3.0
177,672,5.0
177,674,5.0
177,678,4.0
177,679,4.5
177,686,4.0
177,688,4.0
177,695,3.0
177,696,4.0
177,703,4.0
177,707,5.0
177,712,3.0
177,717,5.0
177,733,2.5
177,739,3.5
177,750,4.5
177,762,2.5
177,763,3.0
177,765,3.5
177,767,3.5
177,769,4.0
177,770,4.0
177,773,3.0
177,774,3.5
177,775,4.0
177,778,3.0
177,781,5.0
177,786,4.0
177,788,3.0
177,790,4.5
177,792,2.5
177,793,5.0
177,796,4.0
177,800,4.0
177,802,3.0
177,804,3.0
177,807,4.0
177,808,4.0
177,809,5.0
177,810,2.5
177,811,4.5
177,812,4.0
177,814,4.0
177,819,5.0
177,820,3.0
177,824,3.5
177,829,4.0
177,832,3.5
177,836,2.5
177,837,3.0
177,847,2.5
177,856,3.5
177,865,4.0
177,874,4.0
177,876,5.0
177,902,3.5
177,931,5.0
177,932,4.0
177,937,2.0
177,940,2.5
177,942,3.0
177,944,2.0
177,945,3.0
177,946,4.0
177,949,5.0
177,951,4.0
177,952,3.0
177,953,3.0
177,954,4.0
177,955,3.0
177,957,3.5
177,960,4.0
177,961,3.0
177,965,3.5
177,969,4.0
177,970,4.0
177,977,3.5
177,978,4.0
177,981,4.0
177,987,3.0
178,0,5.0
178,3,4.5
178,5,4.5
178,8,4.5
178,10,4.5
178,11,4.0
178,12,4.5
178,14,4.0
178,19,4.0
178,20,5.0
178,21,4.5
178,26,5.0
178,27,4.5
178,28,4.0
178,39,4.5
178,46,4.5
178,47,4.5
178,49,5.0
178,60,4.5
178,63,4.0
178,92,4.0
178,95,5.0
178,103,4.5
178,107,4.0
178,146,3.0
178,162,4.5
178,216,2.5
178,219,4.5
178,231,4.5
178,275,4.0
178,278,4.5
178,362,4.0
178,368,4.5
178,373,4.5
178,385,2.0
178,498,4.0
178,547,3.5
178,592,5.0
178,649,5.0
178,788,3.0
179,0,5.0
179,8,4.0
179,12,5.0
179,27,4.0
179,28,5.0
179,48,4.0
179,92,5.0
179,107,4.0
179,146,4.0
179,231,4.0
179,368,4.0
179,374,4.0
179,649,4.0
179,786,4.0
179,966,4.0
179,987,3.0
180,10,4.5
180,11,4.5
180,19,4.5
180,21,3.5
180,22,4.0
180,63,4.0
180,169,4.0
180,266,4.0
180,353,4.0
180,678,3.5
180,843,4.0
181,8,2.0
181,12,5.0
181,27,3.0
181,92,3.0
181,94,3.0
181,146,5.0
181,155,3.0
181,368,3.0
181,372,4.0
181,385,4.0
181,573,4.0
181,611,3.0
181,618,2.0
181,649,4.0
181,856,3.0
181,966,3.0
181,987,3.0
182,0,4.5
182,1,4.5
182,3,4.0
182,5,1.0
182,6,4.5
182,8,5.0
182,10,5.0
182,11,3.0
182,12,5.0
182,14,3.0
182,19,5.0
182,20,4.0
182,21,5.0
182,22,3.0
182,26,3.0
182,27,4.5
182,28,2.0
182,29,4.0
182,39,3.0
182,41,3.5
182,43,4.25
182,46,4.5
182,47,4.5
182,49,4.5
182,52,3.0
182,53,5.0
182,55,4.0
182,58,4.5
182,60,4.5
182,63,3.5
182,67,4.5
182,68,4.5
182,71,5.0
182,72,4.5
182,74,5.0
182,85,4.5
182,92,3.5
182,94,4.5
182,95,5.0
182,96,4.0
182,97,4.0
182,98,5.0
182,99,4.5
182,100,5.0
182,101,5.0
182,102,4.0
182,103,4.5
182,105,5.0
182,106,5.0
182,107,4.0
182,111,4.0
182,114,2.5
182,116,4.5
182,117,3.5
182,118,5.0
182,119,5.0
182,120,4.0
182,135,3.5
182,141,3.5
182,144,3.5
182,146,3.5
182,148,3.0
182,149,4.5
182,151,4.5
182,152,4.0
182,154,4.0
182,155,5.0
182,157,4.0
182,158,4.0
182,161,3.5
182,162,4.0
182,166,4.0
182,169,4.0
182,170,4.5
182,216,2.5
182,217,4.0
182,219,2.0
182,223,4.5
182,231,5.0
182,234,4.5
182,235,4.0
182,239,4.5
182,241,5.0
182,242,4.5
182,243,4.0
182,248,4.5
182,252,5.0
182,254,4.5
182,262,4.5
182,265,3.5
182,275,5.0
182,278,4.0
182,318,4.5
182,353,3.5
182,356,4.5
182,358,1.5
182,363,4.5
182,365,4.0
182,367,5.0
182,368,4.5
182,371,4.0
182,373,4.5
182,374,4.0
182,375,3.75
182,377,4.5
182,379,3.5
182,384,4.0
182,386,5.0
182,389,4.5
182,391,4.0
182,394,3.5
182,398,4.0
182,404,4.0
182,410,3.5
182,418,4.0
182,447,4.5
182,486,3.5
182,487,4.5
182,490,3.5
182,491,4.0
182,493,2.0
182,494,2.0
182,495,4.0
182,503,3.5
182,507,2.5
182,510,4.0
182,511,4.5
182,512,5.0
182,513,4.0
182,525,4.0
182,534,4.5
182,537,5.0
182,544,4.0
182,559,4.0
182,610,5.0
182,611,4.0
182,629,1.5
182,634,4.5
182,636,4.5
182,637,3.0
182,638,2.5
182,649,3.5
182,653,4.0
182,657,4.5
182,666,3.0
182,669,3.5
182,676,3.0
182,678,4.5
182,683,4.0
182,684,3.5
182,694,4.5
182,695,4.5
182,702,4.0
182,732,3.5
182,769,4.0
182,771,2.0
182,778,3.5
182,784,4.5
182,785,4.5
182,786,2.5
182,789,3.0
182,792,2.5
182,796,4.5
182,797,3.0
182,800,4.5
182,804,4.5
182,805,4.5
182,810,4.0
182,812,3.5
182,816,4.0
182,817,4.0
182,821,4.5
182,829,4.0
182,830,4.0
182,834,4.0
182,836,3.5
182,837,5.0
182,840,4.0
182,844,4.5
182,846,4.5
182,847,4.5
182,854,4.5
182,859,4.5
182,860,4.0
182,871,4.0
182,876,4.166666666666667
182,885,4.0
182,890,4.5
182,893,4.5
182,894,4.0
182,896,5.0
182,898,3.0
182,920,3.0
182,928,4.0
182,931,4.0
182,932,4.5
182,939,2.5
182,940,4.5
182,941,4.0
182,944,5.0
182,945,4.5
182,949,3.0
182,952,4.0
182,953,2.0
182,955,4.5
182,957,4.0
182,966,3.0
182,972,3.5
182,984,4.0
182,988,4.0
182,991,4.5
182,992,3.5
182,997,4.0
183,1,3.0
183,22,4.0
183,26,5.0
183,28,5.0
183,43,4.0
183,68,5.0
183,92,5.0
183,105,4.0
183,114,4.0
183,146,4.0
183,153,2.0
183,154,4.0
183,211,5.0
183,265,5.0
183,375,4.0
183,394,4.0
183,490,4.0
183,629,4.0
183,634,5.0
183,649,5.0
183,678,4.0
183,792,4.0
183,840,4.0
183,860,4.0
183,940,2.0
184,2,5.0
184,9,4.5
184,18,5.0
184,38,5.0
184,44,5.0
184,46,4.5
184,60,5.0
184,61,4.0
184,140,5.0
184,141,4.0
184,214,4.5
184,218,4.5
184,240,4.5
184,346,4.5
184,348,4.5
184,349,4.0
184,358,4.5
184,359,4.5
184,380,4.5
184,476,5.0
184,480,4.0
184,484,4.5
184,509,4.5
184,598,4.0
184,606,5.0
184,615,4.5
184,623,4.5
184,645,4.5
184,655,4.5
184,667,5.0
184,757,4.0
184,764,5.0
184,795,5.0
184,809,4.5
184,931,3.5
185,14,4.0
185,48,4.0
185,52,2.0
185,60,5.0
185,96,5.0
185,107,4.0
185,118,5.0
185,158,5.0
185,235,3.0
185,356,4.0
185,372,4.0
185,385,4.0
185,473,3.0
185,491,4.0
185,493,4.0
185,508,3.0
185,510,3.0
185,847,4.0
185,876,3.0
185,961,3.0
185,977,4.0
186,11,5.0
186,20,4.0
186,21,3.0
186,22,5.0
186,27,5.0
186,28,5.0
186,35,5.0
186,41,4.0
186,43,4.0
186,48,4.0
186,63,5.0
186,68,5.0
186,74,4.0
186,84,5.0
186,98,5.0
186,107,4.0
186,111,4.0
186,114,5.0
186,118,4.0
186,120,4.0
186,144,4.0
186,146,4.0
186,153,4.0
186,158,3.0
186,169,5.0
186,193,4.0
186,217,4.0
186,219,4.0
186,220,4.0
186,235,5.0
186,249,5.0
186,265,5.0
186,279,4.0
186,282,5.0
186,353,4.0
186,372,5.0
186,373,5.0
186,375,4.5
186,385,5.0
186,403,5.0
186,409,4.0
186,494,3.0
186,495,5.0
186,504,4.0
186,510,4.0
186,536,4.0
186,552,4.0
186,560,4.0
186,575,4.0
186,611,5.0
186,619,3.0
186,629,4.0
186,664,5.0
186,669,4.0
186,687,5.0
186,696,4.0
186,702,5.0
186,804,4.0
186,811,5.0
186,832,3.0
186,848,4.0
186,851,4.0
186,879,5.0
186,888,5.0
186,914,5.0
186,931,4.0
186,939,4.0
186,940,4.0
186,959,4.0
186,964,4.0
186,970,4.0
186,977,4.0
186,987,4.0
187,0,3.0
187,3,4.0
187,4,4.0
187,5,4.5
187,8,4.5
187,10,3.0
187,11,4.5
187,12,2.0
187,14,4.5
187,21,4.0
187,22,4.0
187,27,4.0
187,41,2.0
187,43,4.0
187,47,4.5
187,49,3.0
187,53,4.0
187,54,5.0
187,60,4.0
187,63,3.0
187,67,4.5
187,68,4.5
187,74,4.5
187,83,5.0
187,92,3.0
187,95,4.0
187,96,5.0
187,98,4.0
187,100,4.5
187,101,4.0
187,102,4.0
187,103,4.0
187,105,4.5
187,114,4.0
187,149,4.5
187,151,1.5
187,152,4.0
187,153,4.0
187,155,4.0
187,160,2.5
187,161,4.0
187,162,3.5
187,165,4.0
187,169,4.0
187,217,4.5
187,223,5.0
187,231,4.5
187,239,3.5
187,248,2.0
187,264,5.0
187,305,4.0
187,356,3.5
187,362,4.0
187,363,4.0
187,364,4.0
187,367,4.0
187,368,1.0
187,371,2.0
187,373,4.5
187,377,4.0
187,386,4.0
187,389,4.0
187,413,4.0
187,486,4.0
187,487,4.0
187,498,5.0
187,503,3.0
187,507,4.0
187,511,4.5
187,512,5.0
187,514,3.5
187,536,4.0
187,537,4.5
187,547,4.0
187,563,4.5
187,592,4.5
187,661,2.5
187,685,4.25
187,687,4.0
187,695,4.5
187,763,2.0
187,766,3.0
187,778,1.5
187,785,5.0
187,796,4.5
187,804,4.0
187,805,4.0
187,821,3.0
187,837,5.0
187,843,5.0
187,846,5.0
187,847,4.5
187,905,4.0
187,920,4.5
187,937,2.5
187,940,1.0
187,945,4.5
187,949,3.5
187,953,2.5
187,955,4.5
187,957,4.5
187,958,4.5
187,988,3.5
187,991,4.0
188,12,5.0
188,55,5.0
188,95,3.0
188,118,5.0
188,178,4.0
188,182,4.0
188,235,5.0
188,249,5.0
188,272,5.0
188,300,5.0
188,394,4.0
188,413,5.0
188,458,5.0
188,497,4.0
188,504,5.0
188,560,3.0
188,636,5.0
188,664,5.0
188,688,5.0
188,696,5.0
188,703,3.0
188,874,5.0
188,952,5.0
188,970,4.0
188,987,4.0
189,0,4.0
189,2,5.0
189,3,4.5
189,5,4.0
189,9,4.5
189,10,4.0
189,11,4.0
189,12,4.0
189,14,4.0
189,21,4.0
189,27,4.0
189,41,4.0
189,42,4.0
189,61,3.5
189,109,4.5
189,141,3.5
189,157,4.0
189,250,4.0
189,373,4.0
189,388,4.5
190,0,4.0
190,1,4.5
190,3,5.0
190,6,4.0
190,9,4.0
190,10,4.0
190,20,4.5
190,21,3.0
190,97,4.0
190,103,5.0
190,152,4.0
190,158,4.0
190,160,3.5
190,216,3.0
190,221,4.0
190,224,5.0
190,242,4.0
190,278,4.0
190,356,3.5
190,362,4.0
190,377,4.0
190,482,5.0
190,495,3.5
190,503,4.0
190,605,3.0
190,769,3.0
190,781,5.0
190,789,3.5
190,796,5.0
190,844,3.5
190,865,3.0
190,898,4.5
190,931,5.0
190,949,3.5
190,958,4.0
191,0,4.0
191,8,5.0
191,47,5.0
191,92,3.0
191,94,4.0
191,107,4.0
191,149,5.0
191,155,4.0
191,231,5.0
191,243,4.0
191,374,5.0
191,602,4.0
191,695,5.0
191,786,2.0
191,810,5.0
191,817,5.0
191,847,5.0
192,8,3.0
192,12,5.0
192,27,3.0
192,92,3.0
192,146,5.0
192,368,4.0
192,786,5.0
193,0,3.5
193,1,4.5
193,3,4.0
193,5,4.0
193,8,4.0
193,10,3.0
193,12,3.0
193,20,5.0
193,22,4.5
193,27,3.5
193,39,3.0
193,63,2.0
193,75,4.5
193,95,2.5
193,98,5.0
193,99,5.0
193,101,5.0
193,107,2.0
193,120,5.0
193,146,2.0
193,239,4.0
193,353,3.0
193,356,4.0
193,371,3.5
193,446,5.0
193,506,4.0
193,631,4.0
194,166,3.5
194,241,4.5
194,249,4.0
194,508,4.0
194,648,4.5
194,669,3.5
195,0,5.0
195,3,4.0
195,8,5.0
195,19,5.0
195,21,3.0
195,22,4.0
195,26,3.0
195,28,3.0
195,39,5.0
195,41,4.0
195,47,5.0
195,49,4.0
195,55,5.0
195,71,3.0
195,94,4.0
195,95,4.0
195,97,4.0
195,100,5.0
195,105,4.0
195,114,4.0
195,116,2.0
195,120,5.0
195,144,4.0
195,148,4.0
195,149,2.0
195,154,5.0
195,155,4.0
195,157,5.0
195,158,4.0
195,168,5.0
195,220,4.0
195,223,4.0
195,231,5.0
195,235,1.0
195,239,4.0
195,241,5.0
195,365,4.0
195,366,4.0
195,367,3.0
195,374,4.0
195,387,4.0
195,398,4.0
195,426,4.0
195,487,4.0
195,491,5.0
195,494,3.0
195,495,3.0
195,511,4.0
195,552,3.0
195,610,3.0
195,618,4.0
195,636,5.0
195,638,3.0
195,669,3.0
195,695,5.0
195,697,4.0
195,762,3.0
195,771,3.0
195,777,4.0
195,783,4.0
195,785,2.0
195,786,4.0
195,804,3.0
195,805,4.0
195,811,1.0
195,821,4.0
195,932,2.0
195,955,5.0
195,966,2.0
196,2,5.0
196,14,3.0
196,18,3.5
196,21,5.0
196,26,3.0
196,41,5.0
196,43,4.5
196,46,3.0
196,48,5.0
196,92,3.5
196,109,4.0
196,154,4.5
196,157,3.0
196,220,3.0
196,240,5.0
196,351,4.5
196,370,4.0
196,480,4.5
196,493,4.0
196,502,2.0
196,536,2.0
196,649,3.5
196,769,3.5
196,786,5.0
196,827,4.0
196,940,3.0
197,0,4.0
197,1,2.0
197,8,5.0
197,12,3.0
197,19,3.0
197,20,5.0
197,21,5.0
197,26,3.0
197,28,5.0
197,47,3.0
197,54,5.0
197,98,4.0
197,217,5.0
197,219,4.0
197,610,4.0
197,695,3.0
197,777,4.0
197,821,5.0
198,0,5.0
198,6,3.0
198,8,5.0
198,10,5.0
198,11,2.0
198,12,5.0
198,19,4.0
198,21,5.0
198,22,5.0
198,26,4.0
198,27,4.0
198,28,3.0
198,29,5.0
198,39,5.0
198,41,3.0
198,43,2.0
198,47,5.0
198,48,4.0
198,49,5.0
198,53,5.0
198,60,4.0
198,63,4.0
198,67,3.0
198,68,3.0
198,74,3.0
198,92,3.0
198,95,5.0
198,96,4.0
198,97,4.0
198,98,4.0
198,100,5.0
198,101,5.0
198,114,5.0
198,116,4.0
198,117,5.0
198,146,3.0
198,148,4.0
198,151,3.0
198,157,1.0
198,158,4.0
198,161,4.0
198,166,4.0
198,167,5.0
198,217,3.0
198,219,3.0
198,220,4.0
198,223,3.0
198,231,3.0
198,234,5.0
198,239,4.0
198,242,3.0
198,243,5.0
198,248,3.0
198,274,5.0
198,275,4.0
198,353,5.0
198,360,4.0
198,365,5.0
198,366,5.0
198,367,3.0
198,373,4.0
198,374,5.0
198,379,3.0
198,386,4.0
198,396,3.0
198,413,4.0
198,491,2.0
198,494,3.0
198,525,4.0
198,610,3.0
198,619,2.0
198,629,2.0
198,646,4.0
198,669,5.0
198,769,4.0
198,773,3.0
198,784,2.0
198,789,4.0
198,817,3.0
198,832,4.0
198,837,3.0
198,849,5.0
198,854,4.0
198,871,3.0
198,922,4.0
198,939,2.0
198,940,1.0
198,949,5.0
198,957,1.0
198,964,4.0
198,984,5.0
198,985,4.0
198,998,3.0
199,0,4.0
199,1,4.0
199,3,5.0
199,8,4.0
199,12,2.0
199,19,4.0
199,21,4.0
199,22,3.5
199,26,4.0
199,27,4.0
199,28,3.5
199,41,4.0
199,42,4.0
199,43,4.0
199,46,5.0
199,47,4.0
199,49,3.0
199,53,5.0
199,55,3.0
199,60,4.0
199,63,4.0
199,71,5.0
199,74,5.0
199,75,4.0
199,82,5.0
199,94,4.0
199,95,5.0
199,97,2.0
199,99,3.0
199,100,4.0
199,101,4.0
199,103,4.0
199,111,5.0
199,114,2.0
199,116,3.0
199,117,5.0
199,143,4.0
199,147,4.0
199,149,3.0
199,157,4.0
199,161,5.0
199,169,5.0
199,170,5.0
199,172,4.0
199,175,5.0
199,211,5.0
199,217,5.0
199,219,5.0
199,221,4.0
199,231,5.0
199,233,4.0
199,237,5.0
199,239,3.5
199,253,4.0
199,254,4.0
199,255,4.0
199,257,3.5
199,265,4.5
199,268,2.0
199,274,5.0
199,278,4.0
199,279,5.0
199,353,4.0
199,366,3.0
199,367,4.0
199,373,4.0
199,375,4.0
199,376,5.0
199,384,4.0
199,394,5.0
199,396,3.0
199,398,4.0
199,413,4.5
199,447,3.5
199,473,3.0
199,486,2.0
199,493,4.0
199,494,2.0
199,496,3.0
199,497,4.0
199,498,4.5
199,503,4.5
199,514,1.0
199,525,4.0
199,538,4.0
199,539,5.0
199,544,4.0
199,550,5.0
199,605,2.5
199,621,4.0
199,631,2.5
199,636,4.5
199,638,3.0
199,649,4.0
199,678,4.0
199,691,3.5
199,703,3.0
199,722,4.0
199,745,4.0
199,763,3.5
199,769,3.5
199,770,2.5
199,771,4.0
199,773,5.0
199,784,2.0
199,786,4.0
199,789,3.0
199,797,4.5
199,804,4.0
199,805,3.0
199,807,3.0
199,816,4.5
199,821,1.0
199,837,4.0
199,841,3.0
199,843,3.0
199,844,3.5
199,846,3.5
199,847,3.0
199,848,4.5
199,860,4.5
199,876,4.0
199,879,4.0
199,898,3.0
199,944,3.0
199,953,2.5
199,957,2.0
199,987,3.0
199,989,4.5
199,992,3.0
199,997,3.0
200,0,5.0
200,2,5.0
200,5,4.0
200,8,5.0
200,10,5.0
200,11,4.0
200,12,4.0
200,14,4.5
200,19,4.0
200,21,5.0
200,22,5.0
200,39,4.0
200,41,4.0
200,43,3.5
200,60,4.0
200,63,4.0
200,92,4.5
200,95,3.5
200,97,4.5
200,103,4.5
200,107,3.5
200,114,5.0
200,141,4.0
200,144,3.5
200,146,3.5
200,148,3.5
200,152,5.0
200,154,3.5
200,158,4.0
200,160,4.0
200,216,4.0
200,220,4.0
200,221,4.5
200,226,4.5
200,242,3.5
200,243,1.0
200,249,3.5
200,268,1.0
200,274,4.0
200,353,5.0
200,356,5.0
200,362,4.0
200,363,5.0
200,364,5.0
200,368,3.5
200,372,4.0
200,377,5.0
200,381,4.0
200,388,4.0
200,413,4.0
200,473,2.5
200,480,4.5
200,482,4.0
200,490,4.5
200,491,4.5
200,493,4.0
200,495,3.0
200,498,4.0
200,500,3.5
200,507,3.5
200,525,4.0
200,544,3.0
200,602,3.5
200,610,4.0
200,611,4.0
200,613,4.0
200,621,5.0
200,631,5.0
200,632,5.0
200,636,5.0
200,637,4.0
200,638,3.5
200,661,4.5
200,664,3.0
200,669,4.0
200,672,3.5
200,697,4.5
200,765,4.0
200,769,4.0
200,778,3.0
200,786,4.0
200,788,3.5
200,804,4.0
200,807,4.0
200,812,4.0
200,821,3.0
200,824,3.5
200,827,4.5
200,829,4.0
200,832,3.5
200,838,4.0
200,840,4.0
200,931,4.0
200,934,4.5
200,937,5.0
200,940,3.5
200,945,4.0
200,949,3.5
200,952,4.0
200,957,2.5
200,966,4.0
200,972,3.5
200,986,4.0
201,8,5.0
201,12,5.0
201,19,4.0
201,22,5.0
201,26,5.0
201,27,5.0
201,28,5.0
201,39,5.0
201,63,5.0
201,95,5.0
201,107,5.0
201,114,5.0
201,144,5.0
201,146,5.0
201,155,4.0
201,157,5.0
201,219,5.0
201,220,4.0
201,223,2.0
201,249,4.0
201,353,5.0
201,374,4.0
201,473,5.0
201,494,5.0
201,514,4.0
201,610,5.0
201,613,5.0
201,619,5.0
201,636,5.0
201,664,4.0
201,786,4.0
201,832,5.0
201,940,4.0
201,952,5.0
201,964,4.0
202,0,4.0
202,1,4.0
202,4,4.0
202,6,4.0
202,8,4.0
202,10,5.0
202,12,5.0
202,21,4.0
202,22,5.0
202,26,4.0
202,27,5.0
202,28,5.0
202,29,4.0
202,35,5.0
202,39,4.0
202,43,4.0
202,47,4.0
202,52,4.0
202,53,5.0
202,54,5.0
202,63,5.0
202,68,5.0
202,71,4.0
202,74,5.0
202,92,4.0
202,94,5.0
202,95,4.0
202,98,5.0
202,100,5.0
202,101,4.0
202,106,3.0
202,107,4.0
202,111,5.0
202,114,3.0
202,117,5.0
202,119,4.0
202,120,5.0
202,122,5.0
202,144,4.0
202,146,4.0
202,148,4.0
202,153,4.0
202,154,4.0
202,157,5.0
202,161,4.0
202,167,4.0
202,168,5.0
202,169,5.0
202,170,5.0
202,178,4.0
202,200,4.0
202,211,4.0
202,217,5.0
202,219,4.0
202,220,5.0
202,231,4.0
202,233,4.0
202,234,4.0
202,235,4.0
202,241,5.0
202,253,4.0
202,256,4.0
202,266,5.0
202,272,4.0
202,333,4.0
202,353,4.0
202,365,4.0
202,368,4.0
202,372,4.0
202,373,5.0
202,374,4.0
202,375,4.0
202,376,4.0
202,379,4.0
202,384,4.0
202,385,4.0
202,394,4.0
202,398,4.0
202,412,4.0
202,413,4.0
202,418,4.0
202,490,4.0
202,494,4.0
202,507,4.0
202,512,4.0
202,531,3.0
202,539,5.0
202,544,5.0
202,559,4.0
202,610,5.0
202,613,3.0
202,619,4.0
202,629,4.0
202,634,4.0
202,636,4.0
202,649,3.0
202,653,4.0
202,657,4.0
202,676,4.0
202,678,5.0
202,690,4.0
202,692,4.0
202,695,4.0
202,700,5.0
202,777,4.0
202,783,4.0
202,784,3.0
202,786,4.0
202,803,3.0
202,821,4.0
202,824,4.0
202,829,4.0
202,832,5.0
202,834,5.0
202,836,4.0
202,837,5.0
202,840,3.0
202,848,5.0
202,849,4.0
202,851,4.0
202,860,4.0
202,861,4.0
202,870,4.0
202,871,3.0
202,939,3.0
202,940,3.0
202,959,4.0
202,985,4.0
203,0,4.0
203,5,5.0
203,8,5.0
203,11,5.0
203,14,5.0
203,21,2.5
203,41,5.0
203,92,5.0
203,242,4.0
203,364,3.0
203,368,5.0
203,388,5.0
203,480,3.0
203,482,3.5
203,493,5.0
203,495,4.0
203,502,4.0
203,630,5.0
203,638,4.0
203,765,3.5
203,797,2.5
203,807,5.0
203,811,3.5
203,840,3.0
203,931,3.5
203,952,4.0
204,1,4.0
204,2,4.0
204,3,4.5
204,8,4.5
204,10,5.0
204,11,4.0
204,21,4.5
204,27,4.5
204,38,5.0
204,46,4.0
204,49,5.0
204,60,4.5
204,71,4.5
204,93,5.0
204,95,4.0
204,96,5.0
204,100,4.5
204,101,4.0
204,103,4.5
204,105,5.0
204,109,4.0
204,141,4.0
204,143,4.0
204,152,4.5
204,162,5.0
204,165,3.5
204,169,5.0
204,171,4.0
204,241,4.0
204,242,3.5
204,278,4.0
204,355,4.5
204,356,5.0
204,363,4.0
204,371,5.0
204,495,4.0
204,498,5.0
204,502,4.0
204,604,4.0
204,621,4.5
204,623,4.5
204,628,5.0
204,669,5.0
204,942,4.5
205,5,4.0
205,12,4.0
205,53,2.5
205,64,4.5
205,93,4.0
205,105,3.5
205,152,4.5
205,224,4.0
205,244,3.0
205,249,2.5
205,380,4.5
205,482,4.0
205,642,3.0
205,664,3.0
205,765,3.5
205,781,4.0
205,931,4.5
206,107,5.0
206,231,5.0
206,374,3.0
206,611,3.0
206,817,5.0
206,987,4.0
207,49,3.5
207,95,5.0
207,412,3.5
208,21,5.0
208,26,5.0
208,28,4.0
208,92,4.0
208,114,4.0
208,157,4.0
208,649,3.0
208,944,3.0
209,0,5.0
209,5,5.0
209,9,5.0
209,10,4.5
209,11,5.0
209,12,4.5
209,14,5.0
209,21,5.0
209,26,4.0
209,27,4.5
209,41,4.0
209,63,5.0
209,93,5.0
209,95,4.5
209,97,4.5
209,109,4.0
209,144,5.0
209,145,4.5
209,151,5.0
209,157,4.0
209,224,4.5
209,230,4.5
209,257,4.5
209,473,3.0
209,496,4.5
209,621,4.5
209,635,3.5
209,642,4.0
209,933,5.0
210,2,4.0
210,5,4.0
210,8,0.5
210,11,4.0
210,14,4.0
210,21,5.0
210,22,5.0
210,28,4.0
210,29,4.0
210,38,4.0
210,39,4.5
210,63,3.0
210,77,5.0
210,78,5.0
210,112,4.0
210,114,5.0
210,158,4.5
210,216,4.5
210,224,4.5
210,226,4.0
210,250,5.0
210,348,5.0
210,349,5.0
210,351,4.5
210,352,3.5
210,358,4.5
210,475,5.0
210,478,4.5
210,480,4.5
210,481,4.5
210,484,4.5
210,495,4.0
210,499,4.5
210,502,4.0
210,613,4.5
210,619,4.5
210,635,5.0
210,661,4.5
210,679,5.0
210,795,3.0
210,931,4.5
210,940,5.0
210,953,5.0
210,969,4.0
211,0,5.0
211,1,4.5
211,2,4.5
211,5,4.0
211,6,3.5
211,8,4.5
211,9,4.5
211,10,5.0
211,12,4.5
211,21,5.0
211,22,4.5
211,26,4.0
211,38,4.0
211,41,5.0
211,47,4.0
211,60,4.5
211,61,5.0
211,63,4.5
211,95,4.0
211,97,5.0
211,102,4.5
211,105,4.0
211,112,4.0
211,114,4.0
211,141,4.0
211,145,2.0
211,151,4.5
211,154,4.5
211,169,4.0
211,234,4.5
211,358,5.0
211,363,4.0
211,364,4.5
211,381,4.0
211,388,4.0
211,480,4.0
211,481,4.0
211,493,4.0
211,496,4.5
211,500,3.5
211,502,2.5
211,656,4.0
211,770,4.0
211,807,4.0
211,812,5.0
211,827,3.5
211,840,3.5
211,933,5.0
211,949,3.5
211,986,4.0
211,990,3.5
212,0,4.5
212,2,3.5
212,5,3.5
212,8,3.5
212,9,3.5
212,10,4.5
212,11,3.0
212,12,3.5
212,14,3.0
212,18,4.0
212,21,3.0
212,22,3.5
212,26,2.5
212,27,3.5
212,28,4.0
212,41,3.0
212,44,4.5
212,48,3.0
212,61,3.5
212,63,4.0
212,64,4.5
212,67,4.0
212,68,3.5
212,74,3.0
212,78,4.0
212,93,4.0
212,95,3.5
212,96,3.5
212,97,2.5
212,98,4.0
212,99,3.5
212,101,4.0
212,109,3.0
212,114,3.5
212,141,4.0
212,144,4.0
212,146,3.0
212,151,4.0
212,152,3.5
212,160,3.5
212,162,4.0
212,165,4.5
212,169,4.0
212,211,3.0
212,212,4.5
212,214,4.0
212,215,3.5
212,216,3.5
212,217,3.0
212,218,4.5
212,219,4.0
212,223,3.0
212,224,3.5
212,226,3.0
212,229,4.5
212,230,5.0
212,231,3.0
212,233,3.5
212,237,3.5
212,239,3.0
212,250,2.5
212,255,4.0
212,257,4.0
212,348,4.0
212,349,3.0
212,351,4.0
212,352,3.5
212,355,4.0
212,358,4.0
212,361,3.0
212,362,3.0
212,363,4.0
212,370,4.0
212,373,2.5
212,385,4.0
212,388,3.0
212,475,3.0
212,478,3.0
212,480,3.0
212,483,4.5
212,484,4.5
212,489,4.0
212,490,4.0
212,495,4.0
212,496,3.5
212,498,4.0
212,506,4.0
212,507,3.5
212,542,4.0
212,610,3.0
212,612,3.5
212,615,2.5
212,619,3.0
212,621,4.5
212,623,4.0
212,628,4.0
212,630,3.5
212,631,4.0
212,635,3.5
212,636,2.5
212,639,4.5
212,642,4.0
212,643,3.0
212,645,3.0
212,651,5.0
212,652,3.5
212,655,3.0
212,662,4.0
212,665,3.5
212,682,4.5
212,762,4.0
212,764,4.0
212,766,4.0
212,770,3.0
212,773,4.0
212,781,4.0
212,795,3.5
212,799,3.0
212,804,3.5
212,807,3.0
212,809,4.0
212,822,3.0
212,854,3.5
212,868,4.0
212,873,3.0
212,931,3.5
212,934,3.5
212,935,2.5
212,937,3.5
212,942,3.5
212,951,4.0
212,954,4.0
212,957,4.0
212,969,4.0
212,977,4.0
213,1,4.0
213,2,4.5
213,4,4.0
213,5,4.5
213,11,4.0
213,14,4.0
213,28,5.0
213,43,4.5
213,53,3.5
213,63,4.0
213,107,3.5
213,112,4.5
213,120,4.0
213,122,4.0
213,144,4.0
213,148,4.0
213,154,4.0
213,216,4.0
213,219,4.0
213,233,4.5
213,371,5.0
213,381,4.0
213,387,4.0
213,473,4.0
213,493,4.5
213,495,4.5
213,502,4.0
213,510,3.5
213,622,3.5
213,767,4.5
213,935,3.0
213,937,3.5
213,942,4.5
213,954,4.0
214,107,3.0
214,611,3.0
214,779,3.0
214,817,3.0
215,0,5.0
215,3,4.5
215,4,4.0
215,5,4.0
215,8,3.5
215,10,4.5
215,11,4.0
215,12,3.5
215,14,4.0
215,22,4.5
215,26,3.0
215,27,3.0
215,29,4.0
215,47,5.0
215,53,4.5
215,60,4.0
215,63,4.0
215,68,2.5
215,71,5.0
215,72,5.0
215,95,4.0
215,97,4.5
215,100,3.0
215,101,4.0
215,103,3.5
215,143,4.0
215,144,3.5
215,157,4.5
215,161,4.0
215,216,4.0
215,220,4.5
215,231,3.5
215,234,4.5
215,239,3.0
215,278,4.0
215,333,3.5
215,353,4.5
215,356,4.0
215,364,4.0
215,366,4.0
215,379,4.5
215,382,4.5
215,481,4.0
215,610,5.0
215,636,4.5
215,762,4.5
215,769,4.0
215,829,3.5
215,847,3.5
215,959,3.0
216,41,4.0
216,48,3.0
216,63,5.0
216,83,5.0
216,95,5.0
216,107,3.0
216,123,4.0
216,128,5.0
216,161,5.0
216,166,4.0
216,169,5.0
216,172,4.0
216,264,5.0
216,266,2.0
216,276,5.0
216,282,4.0
216,353,3.0
216,367,3.0
216,372,4.0
216,373,4.0
216,376,4.0
216,384,4.0
216,385,5.0
216,394,5.0
216,396,5.0
216,403,4.0
216,413,4.0
216,490,3.0
216,491,5.0
216,504,5.0
216,508,5.0
216,514,3.0
216,527,5.0
216,531,3.0
216,544,5.0
216,552,4.0
216,560,4.0
216,579,3.0
216,610,2.0
216,619,3.0
216,636,2.0
216,664,4.0
216,703,4.0
216,717,4.0
216,727,5.0
216,745,4.0
216,750,3.0
216,773,5.0
216,797,3.0
216,811,3.0
216,832,3.0
216,837,3.0
216,874,4.0
216,885,3.0
216,914,4.0
216,925,3.0
216,970,4.0
216,972,5.0
217,1,2.0
217,6,2.0
217,8,2.0
217,12,2.0
217,21,3.0
217,22,5.0
217,26,4.0
217,28,3.0
217,39,3.0
217,43,2.5
217,47,3.0
217,57,2.0
217,58,3.0
217,63,5.0
217,68,3.0
217,92,2.0
217,94,2.0
217,100,3.0
217,105,3.0
217,107,4.0
217,114,5.0
217,122,5.0
217,123,4.0
217,144,5.0
217,146,4.0
217,154,4.0
217,157,4.0
217,161,3.0
217,169,2.0
217,172,4.0
217,193,3.0
217,211,4.0
217,219,2.0
217,220,3.0
217,231,5.0
217,233,2.0
217,235,3.0
217,265,3.0
217,273,3.0
217,282,4.0
217,304,4.0
217,358,3.0
217,368,4.0
217,373,3.0
217,375,2.0
217,376,3.0
217,384,4.0
217,394,3.0
217,396,2.0
217,473,5.0
217,486,3.0
217,510,5.0
217,514,3.0
217,531,3.0
217,536,3.0
217,538,3.0
217,560,4.0
217,610,4.0
217,611,3.0
217,613,3.0
217,619,4.0
217,629,3.0
217,634,4.0
217,636,3.0
217,649,4.0
217,678,4.0
217,750,2.0
217,762,3.0
217,777,3.0
217,783,3.0
217,803,3.0
217,811,3.0
217,821,4.0
217,836,3.0
217,840,3.0
217,847,4.0
217,848,3.0
217,861,4.0
217,879,4.0
217,922,2.0
217,939,4.0
217,940,3.0
217,944,3.0
217,952,4.0
217,959,4.0
217,960,3.0
217,966,3.0
217,970,3.0
217,981,3.0
218,14,4.0
218,63,4.0
218,74,5.0
218,116,4.0
218,166,4.5
218,241,3.0
218,274,4.0
218,482,2.0
218,487,5.0
218,784,2.0
218,832,4.0
218,945,3.0
218,952,2.5
219,0,5.0
219,1,4.5
219,2,5.0
219,5,3.5
219,6,4.0
219,8,4.0
219,10,4.5
219,11,3.5
219,14,3.5
219,19,2.5
219,21,5.0
219,22,4.5
219,26,4.5
219,27,4.5
219,28,4.5
219,38,4.5
219,39,3.5
219,41,4.5
219,42,4.5
219,47,5.0
219,48,5.0
219,49,3.5
219,52,3.5
219,55,5.0
219,60,5.0
219,63,4.5
219,78,4.5
219,94,3.5
219,95,5.0
219,96,4.0
219,97,4.0
219,100,4.0
219,102,2.5
219,103,4.5
219,107,3.5
219,114,4.0
219,116,3.5
219,120,4.0
219,141,4.5
219,143,4.0
219,144,4.5
219,146,4.0
219,148,3.5
219,151,4.5
219,152,4.5
219,154,5.0
219,157,2.0
219,158,4.0
219,160,3.5
219,161,4.5
219,162,4.5
219,165,3.0
219,169,3.5
219,170,3.5
219,216,4.5
219,217,3.5
219,219,4.0
219,221,3.5
219,226,4.5
219,231,3.0
219,233,4.5
219,234,3.5
219,239,4.0
219,242,3.5
219,255,2.5
219,274,4.5
219,276,3.0
219,353,3.5
219,356,3.5
219,362,4.0
219,363,4.0
219,364,4.5
219,371,2.5
219,372,4.5
219,373,3.5
219,374,3.5
219,375,2.5
219,377,4.0
219,382,5.0
219,385,2.5
219,386,2.5
219,388,4.0
219,413,4.25
219,449,4.5
219,473,0.5
219,480,5.0
219,482,2.5
219,490,4.5
219,493,4.5
219,494,2.5
219,495,4.5
219,496,4.5
219,498,4.5
219,500,3.5
219,508,3.5
219,510,2.5
219,527,4.0
219,536,3.5
219,544,2.5
219,551,3.5
219,552,4.5
219,610,3.0
219,611,2.5
219,619,4.0
219,621,5.0
219,634,2.0
219,636,3.0
219,637,3.0
219,638,3.5
219,643,3.5
219,648,4.0
219,649,4.5
219,661,4.0
219,669,3.0
219,672,2.0
219,676,3.5
219,765,2.5
219,769,5.0
219,771,3.0
219,773,4.5
219,774,3.5
219,777,4.0
219,778,3.0
219,784,3.5
219,786,4.0
219,787,5.0
219,788,2.5
219,789,3.5
219,796,4.5
219,797,3.5
219,800,4.5
219,803,3.0
219,807,4.5
219,811,5.0
219,812,3.5
219,827,3.5
219,832,2.5
219,835,3.0
219,836,3.5
219,837,4.0
219,840,3.5
219,847,4.0
219,902,4.0
219,931,2.5
219,932,4.5
219,933,4.5
219,934,4.5
219,935,3.0
219,937,4.0
219,940,5.0
219,945,4.0
219,948,4.5
219,949,3.5
219,952,3.0
219,953,3.5
219,965,4.0
219,966,4.5
219,972,2.5
219,977,3.5
220,0,5.0
220,1,5.0
220,2,5.0
220,5,4.5
220,8,5.0
220,10,1.5
220,12,5.0
220,14,4.5
220,19,5.0
220,20,5.0
220,21,5.0
220,22,5.0
220,26,5.0
220,28,5.0
220,29,4.0
220,39,5.0
220,47,5.0
220,48,4.5
220,49,5.0
220,53,5.0
220,60,5.0
220,63,5.0
220,67,2.0
220,68,5.0
220,78,5.0
220,94,3.5
220,97,4.5
220,100,3.5
220,101,5.0
220,107,5.0
220,114,4.5
220,141,4.5
220,143,4.5
220,144,5.0
220,146,5.0
220,151,4.0
220,152,4.5
220,154,5.0
220,157,5.0
220,160,5.0
220,211,5.0
220,216,5.0
220,217,2.0
220,219,4.5
220,221,4.0
220,223,5.0
220,226,4.5
220,231,5.0
220,242,4.0
220,304,4.5
220,353,4.5
220,362,4.5
220,364,3.0
220,368,5.0
220,371,5.0
220,372,5.0
220,373,5.0
220,374,4.5
220,377,4.0
220,473,5.0
220,480,4.5
220,481,5.0
220,482,4.5
220,493,4.0
220,495,5.0
220,500,5.0
220,510,5.0
220,521,3.0
220,613,4.5
220,619,5.0
220,638,4.0
220,765,4.0
220,769,4.5
220,773,4.5
220,778,4.5
220,786,5.0
220,788,2.5
220,797,4.5
220,804,5.0
220,807,4.0
220,816,4.5
220,837,5.0
220,840,4.0
220,847,5.0
220,931,5.0
220,933,2.5
220,937,4.5
220,939,4.0
220,940,4.5
220,944,0.5
220,945,5.0
220,951,3.5
220,953,4.0
220,957,2.0
220,966,4.0
220,977,3.0
221,0,4.0
221,1,4.5
221,3,3.0
221,4,4.5
221,8,5.0
221,10,5.0
221,12,3.5
221,19,4.5
221,20,5.0
221,21,2.0
221,27,4.0
221,28,4.5
221,35,5.0
221,43,5.0
221,47,4.5
221,52,4.5
221,53,5.0
221,55,4.5
221,63,3.5
221,67,5.0
221,68,5.0
221,71,5.0
221,72,5.0
221,74,4.5
221,83,5.0
221,84,4.0
221,95,5.0
221,99,5.0
221,100,4.5
221,101,4.5
221,102,4.0
221,103,4.0
221,105,4.5
221,111,3.5
221,116,5.0
221,117,4.5
221,120,5.0
221,122,3.5
221,128,4.5
221,141,2.5
221,146,3.0
221,149,5.0
221,157,3.5
221,160,4.0
221,161,5.0
221,166,4.0
221,168,4.5
221,169,4.0
221,172,4.0
221,178,4.5
221,182,5.0
221,193,4.5
221,210,4.0
221,211,4.0
221,216,3.5
221,217,5.0
221,220,5.0
221,231,5.0
221,239,4.5
221,241,4.5
221,243,4.5
221,248,5.0
221,253,4.5
221,264,4.5
221,265,4.0
221,268,4.5
221,272,5.0
221,273,4.5
221,274,3.5
221,276,4.5
221,280,4.0
221,282,4.5
221,287,5.0
221,290,4.5
221,353,4.5
221,356,3.5
221,365,3.0
221,368,3.5
221,373,4.0
221,374,5.0
221,376,5.0
221,379,4.5
221,384,5.0
221,387,4.5
221,394,3.5
221,398,3.5
221,399,5.0
221,407,4.0
221,408,4.0
221,412,4.5
221,413,4.5
221,425,5.0
221,426,5.0
221,440,4.5
221,473,3.0
221,487,4.5
221,490,4.5
221,491,4.5
221,503,4.0
221,504,3.5
221,508,4.5
221,511,4.5
221,512,5.0
221,514,4.5
221,527,4.0
221,531,4.5
221,534,5.0
221,538,3.5
221,544,4.0
221,545,4.5
221,551,4.0
221,552,4.0
221,553,4.0
221,560,4.5
221,575,4.5
221,618,3.0
221,636,4.0
221,666,5.0
221,684,4.0
221,692,5.0
221,703,4.5
221,718,4.0
221,727,4.0
221,733,4.5
221,745,5.0
221,783,4.5
221,796,5.0
221,797,4.5
221,804,4.0
221,805,4.0
221,811,3.5
221,830,4.5
221,832,3.5
221,836,3.0
221,837,4.5
221,844,4.0
221,848,3.5
221,849,4.0
221,850,4.0
221,851,4.5
221,859,5.0
221,861,3.5
221,893,4.5
221,909,4.5
221,925,4.5
221,939,3.0
221,945,4.0
221,959,3.0
221,982,4.5
221,983,4.0
221,988,4.5
222,1,4.5
222,2,3.5
222,3,3.0
222,6,4.5
222,8,4.0
222,9,3.5
222,10,3.5
222,11,4.0
222,12,4.0
222,14,3.5
222,19,4.0
222,21,4.0
222,26,3.0
222,39,4.5
222,41,4.5
222,42,4.5
222,47,3.0
222,48,2.5
222,49,3.5
222,61,4.5
222,63,4.0
222,64,4.0
222,71,3.5
222,72,3.0
222,92,4.0
222,93,4.5
222,100,4.0
222,101,4.0
222,102,3.0
222,105,4.0
222,106,3.0
222,109,2.5
222,140,5.0
222,141,3.5
222,145,3.5
222,148,4.0
222,152,4.0
222,154,3.0
222,157,2.5
222,158,4.5
222,160,3.0
222,162,4.0
222,210,2.5
222,216,3.5
222,219,3.5
222,221,4.5
222,223,3.5
222,233,3.0
222,237,3.5
222,238,2.5
222,239,3.5
222,244,4.0
222,255,3.0
222,257,4.0
222,362,3.0
222,363,4.0
222,365,4.0
222,374,3.0
222,376,4.0
222,377,4.0
222,379,3.5
222,380,3.5
222,382,3.0
222,406,3.5
222,473,2.5
222,490,5.0
222,494,3.0
222,505,3.5
222,511,3.5
222,521,4.5
222,619,4.0
222,623,4.0
222,634,3.0
222,638,2.5
222,648,4.0
222,660,4.5
222,769,4.0
222,770,4.5
222,790,2.5
222,792,3.5
222,796,3.0
222,803,3.5
222,805,2.5
222,809,4.5
222,824,3.5
222,827,3.5
222,838,4.0
222,885,3.5
222,957,1.5
222,960,3.5
222,966,3.0
222,978,3.5
223,0,4.5
223,2,4.5
223,5,3.5
223,8,3.0
223,21,3.5
223,27,2.5
223,42,4.0
223,60,4.0
223,63,3.5
223,92,3.5
223,97,3.5
223,103,3.0
223,107,3.5
223,141,4.0
223,143,3.0
223,146,3.5
223,152,3.5
223,157,4.5
223,158,2.5
223,160,3.5
223,165,5.0
223,169,3.5
223,219,3.0
223,231,3.0
223,242,4.0
223,362,4.5
223,363,4.0
223,365,3.5
223,368,3.0
223,373,3.5
223,377,3.0
223,385,3.5
223,473,2.0
223,482,3.5
223,495,4.0
223,619,3.5
223,649,3.0
223,785,1.0
223,796,3.5
223,837,3.5
223,931,4.0
223,937,3.0
223,949,4.0
224,1,4.0
224,3,5.0
224,12,5.0
224,26,5.0
224,27,4.0
224,35,4.0
224,39,5.0
224,114,2.0
224,220,5.0
224,353,5.0
224,373,5.0
224,473,5.0
224,538,5.0
224,610,5.0
224,619,4.0
224,636,5.0
224,773,5.0
224,832,5.0
224,879,1.0
225,22,4.0
225,39,4.0
225,43,4.0
225,52,3.0
225,95,3.0
225,169,3.0
225,210,3.0
225,211,5.0
225,220,5.0
225,353,4.0
225,372,4.0
225,613,4.0
225,619,4.0
225,719,2.0
225,773,4.0
225,798,2.0
225,847,5.0
225,952,4.0
225,959,4.0
225,964,4.0
225,981,3.0
226,5,4.5
226,8,4.5
226,10,4.0
226,11,4.0
226,12,4.0
226,14,4.0
226,20,4.0
226,21,4.0
226,22,5.0
226,28,4.0
226,38,4.0
226,39,4.0
226,41,4.0
226,42,4.5
226,48,3.5
226,49,4.5
226,63,4.0
226,67,4.0
226,95,4.0
226,97,4.0
226,99,4.0
226,101,4.0
226,102,4.5
226,103,4.5
226,105,5.0
226,107,3.5
226,111,2.0
226,114,5.0
226,141,4.5
226,143,5.0
226,144,4.5
226,146,4.0
226,151,4.5
226,152,3.5
226,154,3.0
226,155,4.5
226,158,4.5
226,160,4.0
226,169,5.0
226,170,4.5
226,211,3.5
226,216,4.5
226,219,4.0
226,220,4.0
226,221,4.5
226,223,5.0
226,231,4.5
226,233,3.5
226,234,4.0
226,235,3.0
226,242,4.0
226,249,3.0
226,253,4.5
226,353,4.5
226,356,3.5
226,360,4.0
226,365,4.0
226,367,4.0
226,368,2.0
226,371,4.5
226,372,4.0
226,373,4.0
226,374,4.0
226,376,4.0
226,379,4.0
226,385,2.5
226,396,4.0
226,473,1.5
226,482,4.0
226,490,4.0
226,491,4.5
226,493,4.0
226,494,4.0
226,495,4.0
226,498,4.0
226,503,4.5
226,507,3.0
226,508,4.5
226,514,3.5
226,538,4.5
226,573,2.75
226,610,4.0
226,611,5.0
226,613,4.0
226,619,4.0
226,621,4.5
226,631,5.0
226,632,4.0
226,636,4.5
226,637,4.0
226,638,2.5
226,648,4.0
226,656,5.0
226,664,3.0
226,666,4.0
226,680,4.0
226,685,4.0
226,762,5.0
226,765,4.0
226,769,4.5
226,777,4.5
226,778,4.0
226,786,4.5
226,787,4.0
226,789,3.0
226,796,4.5
226,797,5.0
226,798,3.0
226,800,4.5
226,804,4.0
226,810,3.5
226,811,3.0
226,812,4.0
226,816,4.0
226,824,4.0
226,828,4.5
226,837,4.0
226,847,5.0
226,931,3.5
226,932,4.5
226,934,4.5
226,939,3.5
226,940,4.5
226,945,5.0
226,949,3.0
226,951,4.0
226,953,4.0
226,957,4.0
226,965,4.0
226,970,3.0
226,972,3.0
226,977,3.5
226,985,2.5
227,0,4.0
227,1,4.5
227,2,4.5
227,3,4.0
227,5,3.5
227,8,4.5
227,9,3.5
227,10,5.0
227,12,5.0
227,18,3.5
227,21,4.5
227,22,4.0
227,27,4.5
227,28,3.5
227,53,3.5
227,61,4.0
227,74,4.5
227,92,3.5
227,140,5.0
227,143,4.0
227,145,3.5
227,147,4.5
227,148,4.0
227,152,4.0
227,160,4.5
227,214,5.0
227,215,4.0
227,232,4.5
227,235,4.0
227,239,5.0
227,243,4.0
227,244,4.0
227,251,4.0
227,257,3.5
227,268,4.0
227,278,5.0
227,349,4.5
227,351,4.5
227,358,3.5
227,363,4.0
227,364,3.5
227,365,4.5
227,370,4.0
227,371,5.0
227,374,4.5
227,380,3.5
227,382,4.5
227,388,4.5
227,389,5.0
227,478,4.0
227,480,4.5
227,500,4.5
227,502,5.0
227,603,3.5
227,628,4.0
227,631,4.5
227,643,4.5
227,649,4.0
227,654,4.0
227,672,4.5
227,780,4.0
227,782,4.0
227,786,4.0
227,809,4.5
227,814,4.0
227,817,3.5
227,898,4.5
227,948,2.5
227,986,5.0
228,0,4.0
228,1,4.0
228,21,4.5
228,22,4.0
228,43,4.5
228,47,4.5
228,78,4.0
228,217,4.0
228,977,2.0
229,0,5.0
229,3,4.0
229,8,5.0
229,12,4.0
229,27,4.0
229,28,5.0
229,48,4.0
229,92,5.0
229,107,5.0
229,146,3.0
229,262,4.0
229,368,3.0
229,547,4.0
229,649,5.0
229,778,3.0
229,786,5.0
229,824,4.0
229,966,3.0
230,0,3.0
230,3,1.0
230,5,3.0
230,10,3.0
230,14,3.5
230,27,3.0
230,28,0.5
230,29,3.5
230,41,3.0
230,43,3.5
230,48,3.0
230,53,1.5
230,68,3.0
230,97,3.0
230,141,4.5
230,148,2.5
230,152,2.0
230,157,2.5
230,158,2.5
230,160,4.5
230,211,1.0
230,216,5.0
230,226,3.5
230,362,3.0
230,365,3.0
230,368,2.5
230,372,2.0
230,377,1.0
230,385,2.0
230,473,3.0
230,494,0.5
230,507,3.5
230,510,3.0
230,536,4.0
230,573,1.0
230,610,2.5
230,611,3.0
230,619,2.0
230,629,3.5
230,638,4.0
230,778,3.5
230,786,2.0
230,811,2.5
230,812,1.5
230,832,1.5
230,937,3.5
230,939,1.0
230,940,5.0
230,945,2.5
231,1,4.0
231,2,5.0
231,3,2.0
231,8,4.0
231,14,3.0
231,18,3.0
231,21,5.0
231,22,3.5
231,27,4.0
231,28,5.0
231,39,4.0
231,43,4.0
231,58,3.0
231,63,4.0
231,68,5.0
231,95,4.0
231,97,2.0
231,144,4.0
231,154,5.0
231,219,4.0
231,382,5.0
231,388,4.0
232,0,5.0
232,1,4.0
232,2,5.0
232,3,4.5
232,5,4.0
232,8,5.0
232,9,5.0
232,10,4.5
232,11,3.5
232,12,4.0
232,14,4.0
232,21,4.5
232,22,4.5
232,26,5.0
232,28,4.0
232,29,5.0
232,35,4.0
232,38,4.5
232,39,3.0
232,41,5.0
232,42,4.5
232,46,4.5
232,48,3.5
232,49,5.0
232,60,5.0
232,63,4.5
232,67,3.5
232,78,3.5
232,92,4.5
232,93,4.5
232,96,4.5
232,103,4.0
232,107,3.5
232,109,4.5
232,112,5.0
232,114,5.0
232,141,4.5
232,144,3.5
232,146,3.0
232,148,4.5
232,152,3.0
232,154,4.5
232,157,5.0
232,158,4.0
232,160,4.0
232,162,5.0
232,165,3.0
232,169,3.5
232,211,3.5
232,216,4.5
232,219,4.5
232,221,4.0
232,226,4.0
232,233,4.0
232,235,4.0
232,242,4.0
232,249,3.5
232,255,4.5
232,257,4.5
232,278,4.0
232,353,4.0
232,355,5.0
232,362,4.0
232,363,4.5
232,364,2.5
232,365,4.0
232,370,4.0
232,371,4.0
232,372,3.0
232,373,4.0
232,375,3.25
232,377,3.0
232,381,4.0
232,385,3.0
232,388,4.0
232,389,3.5
232,404,2.0
232,406,4.0
232,473,4.5
232,475,4.0
232,480,4.5
232,481,5.0
232,482,2.5
232,491,4.0
232,493,4.0
232,494,4.0
232,495,4.0
232,496,3.5
232,498,3.5
232,500,4.0
232,502,3.5
232,507,3.0
232,510,3.0
232,514,3.5
232,521,3.5
232,536,4.5
232,538,3.5
232,544,3.5
232,603,3.5
232,605,5.0
232,611,4.0
232,619,3.0
232,621,3.5
232,627,4.0
232,631,4.0
232,636,3.5
232,637,4.5
232,638,4.0
232,643,3.0
232,648,3.0
232,656,4.0
232,661,3.5
232,664,3.5
232,672,4.0
232,686,4.0
232,691,3.0
232,697,4.0
232,702,2.5
232,711,2.5
232,762,2.5
232,763,3.5
232,765,2.5
232,766,4.0
232,767,5.0
232,769,4.0
232,770,4.0
232,771,3.5
232,773,3.0
232,774,4.0
232,775,3.0
232,777,4.0
232,778,3.0
232,786,4.5
232,787,4.0
232,789,4.5
232,796,3.5
232,800,4.5
232,804,3.5
232,807,4.5
232,812,4.5
232,822,4.0
232,827,3.5
232,838,4.0
232,865,4.0
232,915,3.5
232,931,3.5
232,932,4.0
232,933,4.5
232,934,4.0
232,935,4.5
232,937,5.0
232,941,4.0
232,942,4.5
232,948,4.0
232,949,4.5
232,951,3.0
232,953,4.0
232,954,4.0
232,955,4.0
232,960,4.5
232,961,3.5
232,965,3.0
232,966,3.5
232,970,2.5
232,977,3.0
232,981,1.5
232,986,4.0
232,989,3.5
233,0,5.0
233,1,4.0
233,2,4.5
233,3,4.0
233,5,4.0
233,8,4.0
233,9,3.5
233,10,4.0
233,11,4.0
233,12,5.0
233,14,4.0
233,18,3.0
233,20,3.0
233,21,4.5
233,26,4.0
233,27,4.5
233,29,4.0
233,38,3.0
233,42,4.0
233,46,4.0
233,47,4.0
233,48,3.5
233,49,4.0
233,61,3.5
233,64,3.5
233,67,4.0
233,72,3.0
233,75,3.5
233,78,4.0
233,92,3.0
233,93,3.5
233,95,3.0
233,96,4.5
233,98,3.5
233,100,2.5
233,101,4.0
233,102,3.5
233,103,5.0
233,107,3.0
233,140,2.5
233,141,3.5
233,145,4.0
233,152,3.5
233,157,3.5
233,158,3.5
233,160,4.0
233,162,3.0
233,165,3.0
233,169,3.0
233,214,3.0
233,215,2.5
233,216,3.0
233,221,3.5
233,223,4.0
233,230,5.0
233,231,4.0
233,232,4.5
233,239,3.5
233,255,3.5
233,257,3.5
233,352,3.0
233,355,3.5
233,362,3.5
233,363,3.0
233,364,3.5
233,377,3.5
233,380,3.5
233,382,3.5
233,388,3.0
233,389,4.0
233,396,3.5
233,410,4.0
233,473,3.5
233,475,2.5
233,480,3.0
233,482,3.5
233,493,4.0
233,495,4.0
233,496,3.0
233,502,3.0
233,505,4.0
233,598,2.5
233,628,3.0
233,645,2.0
233,651,3.5
233,656,3.0
233,770,3.0
233,778,3.0
233,782,1.0
233,786,2.0
233,799,4.0
233,804,3.5
233,808,3.5
233,837,4.0
233,938,2.5
233,988,4.0
234,21,5.0
234,22,5.0
234,26,3.0
234,43,5.0
234,48,5.0
234,60,4.0
234,63,4.0
234,68,4.0
234,107,5.0
234,114,5.0
234,144,3.0
234,146,5.0
234,154,4.0
234,220,4.0
234,235,4.0
234,266,5.0
234,368,4.0
234,372,5.0
234,494,5.0
234,495,5.0
234,510,5.0
234,611,4.0
234,618,5.0
234,638,4.0
234,664,4.0
234,762,4.0
234,778,2.0
234,792,3.0
234,811,5.0
234,821,4.0
234,848,3.0
234,939,4.0
234,959,4.0
234,961,5.0
234,970,5.0
235,0,4.0
235,3,5.0
235,8,4.0
235,12,5.0
235,27,5.0
235,28,4.0
235,48,5.0
235,92,4.0
235,146,4.0
235,368,4.0
235,372,4.0
235,374,4.0
235,385,5.0
235,514,3.0
235,649,4.0
235,675,3.0
235,695,4.0
235,778,3.0
235,786,5.0
235,824,4.0
235,847,4.0
235,970,4.0
236,43,5.0
236,95,5.0
236,210,5.0
236,211,5.0
236,376,5.0
236,798,5.0
236,945,4.0
237,0,4.5
237,2,3.5
237,4,4.0
237,12,2.0
237,20,4.5
237,21,4.0
237,47,2.5
237,75,3.5
237,95,3.5
237,103,4.0
237,140,3.0
237,160,3.0
237,162,4.0
237,216,3.0
237,374,5.0
237,382,3.5
237,388,3.5
237,389,3.5
237,628,3.0
237,639,3.5
237,784,4.5
237,807,3.5
237,848,3.5
237,949,3.5
238,1,3.0
238,6,4.0
238,20,3.0
238,27,3.0
238,168,3.0
238,265,3.0
238,365,2.0
238,401,4.0
238,494,2.0
238,525,5.0
238,539,5.0
238,700,4.0
238,769,3.0
238,831,4.0
238,836,4.0
239,0,5.0
239,1,5.0
239,2,4.5
239,5,5.0
239,6,5.0
239,8,5.0
239,10,5.0
239,11,5.0
239,12,5.0
239,14,5.0
239,19,5.0
239,20,4.0
239,21,5.0
239,22,5.0
239,26,5.0
239,27,3.5
239,28,3.5
239,29,4.5
239,38,4.0
239,41,4.75
239,42,4.5
239,43,4.0
239,47,4.5
239,48,4.0
239,49,5.0
239,63,4.0
239,68,4.0
239,71,5.0
239,72,3.5
239,92,4.5
239,94,5.0
239,95,5.0
239,97,5.0
239,98,4.0
239,100,5.0
239,101,5.0
239,102,4.5
239,105,5.0
239,107,4.0
239,114,5.0
239,141,4.5
239,143,5.0
239,144,4.5
239,146,4.0
239,148,4.0
239,151,5.0
239,152,4.0
239,154,4.0
239,155,4.5
239,160,4.5
239,162,4.5
239,165,0.5
239,166,3.5
239,168,4.5
239,169,5.0
239,216,4.0
239,217,4.0
239,219,4.0
239,220,4.5
239,221,4.0
239,226,4.0
239,231,4.5
239,233,3.5
239,234,4.0
239,239,4.5
239,241,4.5
239,242,4.5
239,262,5.0
239,353,4.5
239,356,4.0
239,362,4.5
239,363,4.0
239,365,4.5
239,368,4.0
239,370,2.5
239,371,3.5
239,372,4.0
239,373,2.5
239,374,5.0
239,377,4.0
239,381,4.0
239,385,3.0
239,388,5.0
239,480,4.5
239,482,4.0
239,487,3.0
239,493,5.0
239,495,4.0
239,500,3.0
239,503,4.5
239,613,4.0
239,619,4.0
239,629,3.0
239,634,4.0
239,636,4.0
239,638,3.5
239,648,5.0
239,649,4.0
239,656,4.5
239,661,4.5
239,666,4.5
239,669,5.0
239,763,4.5
239,765,4.0
239,769,4.0
239,771,4.5
239,777,5.0
239,784,4.5
239,787,5.0
239,789,4.0
239,800,5.0
239,805,4.0
239,807,5.0
239,811,3.5
239,816,3.5
239,827,5.0
239,832,3.5
239,861,4.0
239,931,4.0
239,934,4.0
239,937,4.0
239,939,3.0
239,940,4.5
239,941,3.5
239,945,5.0
239,948,4.0
239,949,4.0
239,952,3.0
239,958,4.5
240,0,3.0
240,8,2.0
240,12,5.0
240,28,4.0
240,48,4.0
240,92,5.0
240,107,5.0
240,146,4.0
240,155,3.0
240,368,4.0
240,372,4.0
240,385,3.0
240,514,4.0
240,573,3.0
240,611,5.0
240,618,5.0
240,649,3.0
240,786,4.0
240,966,5.0
240,970,3.0
240,977,3.0
241,0,3.5
241,1,4.5
241,3,3.5
241,6,4.0
241,8,4.5
241,10,3.0
241,20,4.5
241,21,4.0
241,26,3.0
241,27,4.5
241,38,3.5
241,44,4.5
241,47,4.0
241,64,4.0
241,93,4.5
241,95,3.5
241,101,4.0
241,103,4.0
241,140,3.5
241,157,3.5
241,162,4.0
241,213,3.5
241,214,3.0
241,232,3.5
241,237,3.5
241,243,5.0
241,268,5.0
241,275,3.0
241,283,4.5
241,348,4.0
241,349,3.0
241,356,3.5
241,357,2.0
241,359,5.0
241,366,3.5
241,373,3.0
241,389,5.0
241,446,4.0
241,506,4.5
241,509,4.5
241,523,5.0
241,537,5.0
241,624,4.5
241,631,4.5
241,672,4.0
241,706,3.5
241,799,4.5
241,802,4.5
241,820,3.5
241,837,3.5
241,992,3.0
242,0,4.0
242,8,5.0
242,27,5.0
242,149,4.0
242,368,3.0
242,372,3.0
242,374,5.0
242,649,5.0
242,786,3.0
242,810,3.0
243,3,3.0
243,12,4.0
243,28,4.0
243,372,3.0
243,385,3.0
243,778,3.0
243,966,5.0
244,12,5.0
244,21,4.0
244,22,4.0
244,26,5.0
244,27,4.0
244,28,4.0
244,39,5.0
244,41,5.0
244,68,5.0
244,72,5.0
244,92,5.0
244,94,5.0
244,217,4.0
244,241,5.0
244,254,4.0
244,353,5.0
244,407,4.0
244,486,4.0
244,508,5.0
244,619,5.0
244,649,5.0
244,678,5.0
244,773,5.0
244,792,5.0
244,940,4.0
244,944,1.0
244,966,2.0
245,1,2.0
245,53,3.0
245,366,3.0
245,447,3.0
245,510,4.0
245,818,3.0
246,5,5.0
246,8,4.0
246,9,5.0
246,10,4.0
246,11,5.0
246,12,3.5
246,14,5.0
246,21,5.0
246,22,5.0
246,28,5.0
246,47,4.5
246,60,5.0
246,78,5.0
246,93,5.0
246,96,2.0
246,101,3.5
246,103,5.0
246,109,5.0
246,114,5.0
246,143,4.5
246,151,4.5
246,152,4.5
246,160,5.0
246,162,5.0
246,165,4.0
246,172,4.5
246,211,3.0
246,216,5.0
246,217,5.0
246,219,4.5
246,223,3.0
246,234,4.0
246,242,4.5
246,259,2.5
246,355,4.5
246,358,4.0
246,363,4.5
246,364,5.0
246,371,5.0
246,377,5.0
246,380,5.0
246,394,4.0
246,410,4.0
246,475,4.0
246,480,4.0
246,496,4.5
246,502,4.5
246,507,3.5
246,536,3.0
246,537,2.0
246,603,2.0
246,619,3.0
246,623,4.0
246,628,1.0
246,642,4.5
246,652,4.5
246,670,5.0
246,695,4.0
246,765,4.0
246,769,4.5
246,773,3.5
246,784,5.0
246,793,5.0
246,817,5.0
246,827,4.5
246,844,4.5
246,855,5.0
246,865,4.0
246,931,4.0
246,933,5.0
246,940,4.0
246,951,5.0
246,955,5.0
247,0,4.5
247,1,4.0
247,2,4.0
247,3,4.0
247,5,4.0
247,6,4.0
247,8,4.0
247,9,4.0
247,10,5.0
247,11,4.0
247,12,5.0
247,14,4.0
247,18,4.0
247,19,3.5
247,20,5.0
247,21,3.5
247,22,4.5
247,26,4.0
247,27,4.0
247,28,3.5
247,29,5.0
247,35,2.0
247,38,4.5
247,39,4.0
247,41,4.0
247,42,4.5
247,47,5.0
247,48,5.0
247,49,3.0
247,53,4.0
247,60,4.5
247,61,4.0
247,63,4.0
247,64,3.5
247,67,4.0
247,78,3.0
247,92,4.0
247,93,4.0
247,95,4.0
247,96,3.0
247,97,4.5
247,99,3.0
247,100,4.0
247,103,4.0
247,107,5.0
247,109,4.0
247,112,4.0
247,114,3.5
247,117,4.0
247,118,5.0
247,140,4.0
247,141,4.0
247,144,4.0
247,145,4.0
247,146,4.5
247,148,5.0
247,152,3.5
247,157,4.5
247,158,4.0
247,160,4.0
247,162,4.0
247,165,4.0
247,169,2.0
247,214,3.5
247,215,2.0
247,216,4.0
247,221,3.5
247,224,5.0
247,231,4.0
247,232,4.0
247,234,3.0
247,235,4.0
247,240,5.0
247,242,4.0
247,249,2.0
247,250,3.0
247,348,4.5
247,349,4.0
247,350,5.0
247,351,4.0
247,352,3.0
247,353,5.0
247,356,5.0
247,358,3.0
247,361,4.0
247,362,4.0
247,363,3.0
247,364,3.0
247,365,3.0
247,372,5.0
247,373,3.0
247,374,3.0
247,377,3.5
247,382,2.5
247,388,3.5
247,475,2.0
247,478,4.0
247,480,2.0
247,481,4.0
247,482,3.5
247,489,3.0
247,493,4.0
247,495,3.5
247,500,3.0
247,510,4.5
247,611,4.0
247,631,3.0
247,635,3.5
247,662,4.5
247,765,2.0
247,770,4.0
247,781,5.0
247,782,5.0
247,784,3.0
247,786,3.0
247,787,3.0
247,800,4.0
247,802,4.0
247,820,4.0
247,847,3.0
247,931,3.5
247,937,5.0
247,949,4.0
247,958,5.0
247,977,5.0
248,2,2.5
248,21,4.0
248,22,3.5
248,63,4.0
248,77,2.0
248,78,4.5
248,114,3.5
248,141,3.0
248,144,4.0
248,160,3.5
248,216,4.0
248,242,3.5
248,346,2.5
248,352,4.5
248,362,5.0
248,476,3.0
248,480,4.0
248,484,3.5
248,495,3.5
248,662,3.5
248,757,3.5
248,938,4.5
249,0,4.5
249,1,4.5
249,2,5.0
249,3,4.5
249,4,5.0
249,5,5.0
249,6,4.0
249,8,4.0
249,9,5.0
249,10,5.0
249,11,5.0
249,12,4.5
249,14,4.5
249,18,5.0
249,19,4.0
249,20,4.5
249,21,5.0
249,22,5.0
249,26,4.5
249,27,4.0
249,28,4.0
249,29,4.0
249,38,3.5
249,39,4.5
249,41,4.0
249,42,5.0
249,43,3.75
249,44,5.0
249,46,3.5
249,47,4.0
249,48,5.0
249,49,4.5
249,52,3.75
249,53,4.5
249,54,4.5
249,55,3.5
249,57,4.0
249,60,5.0
249,61,4.0
249,63,5.0
249,64,4.5
249,67,3.5
249,68,3.5
249,74,4.0
249,78,4.0
249,82,4.0
249,92,5.0
249,93,5.0
249,95,4.5
249,97,4.0
249,98,4.5
249,100,4.0
249,101,4.0
249,102,4.5
249,103,4.0
249,107,4.0
249,109,3.5
249,112,4.0
249,114,4.5
249,116,4.0
249,120,4.0
249,140,5.0
249,141,4.0
249,143,4.0
249,144,4.5
249,145,5.0
249,146,4.0
249,147,5.0
249,148,3.5
249,149,4.5
249,151,4.0
249,152,4.5
249,154,4.0
249,157,4.0
249,160,4.0
249,161,4.5
249,162,4.0
249,178,4.0
249,212,5.0
249,213,5.0
249,214,4.5
249,215,5.0
249,216,4.0
249,217,4.0
249,219,4.0
249,221,3.5
249,223,4.5
249,224,4.0
249,226,4.5
249,229,5.0
249,231,4.5
249,232,4.5
249,233,4.5
249,237,3.5
249,239,4.5
249,240,4.5
249,242,4.0
249,250,3.5
249,257,4.5
249,346,4.5
249,348,4.5
249,349,4.0
249,350,5.0
249,351,4.0
249,352,4.5
249,355,4.0
249,356,4.0
249,358,5.0
249,359,5.0
249,361,4.5
249,362,4.0
249,363,5.0
249,364,3.5
249,370,4.0
249,372,4.0
249,373,4.5
249,374,5.0
249,375,3.0
249,377,4.5
249,381,3.5
249,382,4.0
249,385,4.0
249,388,3.5
249,442,4.0
249,473,2.0
249,475,4.0
249,476,5.0
249,478,4.5
249,480,4.5
249,481,4.0
249,482,4.0
249,483,3.0
249,484,4.5
249,489,5.0
249,490,4.0
249,493,4.0
249,494,3.0
249,495,3.5
249,496,4.0
249,498,4.5
249,499,4.5
249,500,4.5
249,502,4.0
249,505,5.0
249,506,4.5
249,510,3.5
249,512,3.5
249,527,3.0
249,536,3.5
249,604,5.0
249,606,4.5
249,609,4.5
249,612,4.5
249,613,4.0
249,619,3.75
249,621,3.5
249,622,3.5
249,623,4.0
249,624,5.0
249,625,4.5
249,629,4.0
249,630,4.5
249,634,4.5
249,635,4.5
249,636,3.5
249,639,5.0
249,641,3.5
249,642,4.0
249,643,4.5
249,645,4.5
249,648,4.0
249,649,4.5
249,652,4.0
249,655,4.5
249,656,3.5
249,659,4.0
249,660,4.0
249,661,5.0
249,662,3.5
249,665,4.0
249,679,3.5
249,682,4.5
249,691,4.0
249,702,3.0
249,764,4.5
249,765,3.5
249,766,4.5
249,767,4.0
249,768,4.5
249,769,4.25
249,770,4.0
249,771,3.5
249,780,4.5
249,781,4.0
249,782,4.5
249,784,4.5
249,786,2.5
249,789,4.0
249,790,4.5
249,792,4.0
249,795,4.5
249,796,4.5
249,798,3.0
249,800,4.5
249,802,5.0
249,807,4.0
249,808,5.0
249,809,4.5
249,811,4.0
249,814,4.5
249,816,4.0
249,827,3.0
249,837,4.0
249,898,3.0
249,931,4.0
249,932,5.0
249,933,4.0
249,934,4.5
249,935,4.0
249,937,5.0
249,938,5.0
249,940,4.0
249,941,4.0
249,942,4.5
249,945,4.0
249,946,4.0
249,949,4.0
249,951,4.0
249,953,4.0
249,954,4.0
249,957,4.0
249,958,5.0
249,959,4.0
249,960,4.5
249,965,4.0
249,969,4.5
249,972,3.5
249,975,4.0
249,976,4.5
249,977,4.5
249,990,3.5
250,0,5.0
250,234,5.0
250,242,4.0
250,249,5.0
250,602,5.0
250,646,4.5
250,792,4.5
250,818,5.0
250,874,5.0
251,0,5.0
251,3,5.0
251,8,5.0
251,10,5.0
251,12,5.0
251,21,5.0
251,26,5.0
251,27,5.0
251,71,5.0
251,72,5.0
251,97,5.0
251,100,5.0
251,112,5.0
251,149,4.5
251,220,5.0
251,226,2.5
251,231,5.0
251,353,5.0
252,9,3.5
252,48,5.0
252,107,4.5
252,112,5.0
252,148,4.5
252,160,5.0
252,226,4.5
252,232,5.0
252,347,4.0
252,358,2.5
252,361,4.0
252,362,4.5
252,380,4.5
252,407,4.0
252,476,5.0
252,625,4.0
252,635,4.0
252,662,4.0
252,775,4.5
252,793,4.0
252,795,4.0
252,814,3.5
252,868,5.0
252,977,3.5
253,72,5.0
253,75,4.5
253,165,5.0
253,182,4.5
253,231,5.0
253,272,4.5
253,403,2.5
253,446,4.5
253,475,2.0
253,717,4.5
253,775,4.5
253,829,5.0
253,844,5.0
253,893,4.5
254,0,4.5
254,1,4.0
254,3,5.0
254,5,4.0
254,8,5.0
254,10,5.0
254,11,4.5
254,12,5.0
254,14,4.0
254,21,5.0
254,22,4.0
254,26,5.0
254,27,4.0
254,28,4.0
254,38,4.0
254,39,3.5
254,41,4.5
254,42,5.0
254,43,4.0
254,46,4.5
254,47,4.5
254,49,4.5
254,55,4.5
254,60,4.5
254,67,5.0
254,68,4.0
254,92,4.0
254,95,5.0
254,96,5.0
254,100,4.0
254,103,4.5
254,107,4.5
254,114,4.0
254,141,4.5
254,146,4.0
254,151,4.5
254,152,5.0
254,157,5.0
254,158,4.0
254,160,4.5
254,161,4.5
254,162,4.5
254,165,4.5
254,216,4.0
254,242,4.0
254,255,4.5
254,278,4.5
254,356,4.5
254,362,4.5
254,363,5.0
254,364,4.5
254,368,4.0
254,370,4.5
254,374,4.5
254,377,4.0
254,381,4.0
254,384,4.0
254,406,4.0
254,473,3.5
254,495,5.0
254,498,3.5
254,500,4.0
254,503,4.0
254,631,4.5
254,649,4.0
254,672,4.0
254,732,4.0
254,786,4.0
254,812,4.0
254,827,3.0
254,949,3.5
254,953,3.5
254,958,4.0
254,986,4.0
254,988,3.5
255,39,1.0
255,95,1.0
255,114,5.0
255,122,1.0
255,264,1.0
255,372,2.0
255,394,1.0
255,396,1.0
255,490,5.0
255,538,2.0
255,619,5.0
255,797,2.0
255,847,2.0
255,961,3.0
256,0,5.0
256,18,4.0
256,21,4.5
256,22,4.0
256,27,4.5
256,38,4.0
256,39,5.0
256,43,3.5
256,63,5.0
256,64,5.0
256,78,4.5
256,93,4.5
256,96,4.0
256,103,5.0
256,109,4.0
256,114,4.0
256,152,3.5
256,158,5.0
256,214,3.0
256,215,4.0
256,221,4.5
256,255,4.0
256,349,4.0
256,351,4.5
256,375,3.5
256,404,2.5
256,475,4.5
256,478,4.0
256,481,4.0
256,495,4.5
256,502,4.0
256,506,4.5
256,613,5.0
256,627,4.5
256,630,3.5
256,638,4.0
256,642,4.0
256,654,4.0
256,659,3.5
256,769,4.5
256,780,4.0
256,782,4.5
256,788,2.0
256,802,4.0
256,820,4.5
256,873,4.5
256,898,4.0
256,949,4.0
256,951,3.5
256,953,4.0
256,976,4.0
257,14,3.0
257,155,3.5
257,394,2.5
257,508,4.5
257,773,3.5
257,945,1.5
257,949,4.0
257,970,3.5
257,987,1.0
258,0,5.0
258,3,4.0
258,10,5.0
258,21,5.0
258,29,5.0
258,78,5.0
258,109,5.0
258,157,4.5
258,158,5.0
258,165,5.0
258,221,5.0
258,250,4.5
258,352,5.0
258,353,5.0
258,370,3.0
258,371,5.0
258,484,3.0
258,500,4.5
258,502,4.5
258,635,0.5
258,662,5.0
258,775,4.5
258,954,3.0
259,11,0.5
259,103,4.0
259,242,4.0
259,374,5.0
259,495,5.0
259,510,3.0
259,537,5.0
259,769,4.0
259,796,5.0
259,821,5.0
259,824,1.0
260,8,4.5
260,10,4.0
260,41,2.0
260,47,5.0
260,49,4.0
260,52,4.0
260,55,4.0
260,60,4.0
260,67,3.5
260,74,4.0
260,100,5.0
260,101,2.0
260,103,3.5
260,116,4.5
260,119,3.75
260,149,5.0
260,152,4.5
260,172,2.5
260,231,5.0
260,239,4.5
260,275,3.5
260,356,4.0
260,377,4.0
260,384,2.0
260,386,4.0
260,387,4.5
260,396,3.5
260,398,5.0
260,491,3.5
260,498,2.5
260,503,2.5
260,508,5.0
260,512,3.5
260,541,5.0
260,552,3.0
260,611,4.0
260,676,4.0
260,685,2.5
260,695,4.0
260,712,3.0
260,785,2.0
260,796,4.0
260,804,4.0
260,810,4.5
260,811,4.0
260,821,3.0
260,829,3.5
260,830,2.0
260,837,4.5
260,844,2.0
260,850,4.0
260,856,4.5
260,972,5.0
260,997,4.5
261,0,4.5
261,2,5.0
261,8,5.0
261,9,4.5
261,12,5.0
261,21,4.0
261,26,4.0
261,38,4.5
261,47,4.0
261,49,4.0
261,64,4.0
261,95,5.0
261,96,5.0
261,100,4.5
261,103,5.0
261,105,4.0
261,114,4.5
261,148,4.5
261,152,3.5
261,155,4.0
261,219,4.0
261,221,5.0
261,355,4.5
261,356,5.0
261,491,4.0
261,623,3.0
261,634,5.0
261,642,4.0
261,652,5.0
261,769,4.5
261,770,3.5
261,784,3.5
261,945,4.0
262,0,3.0
262,8,3.0
262,27,2.0
262,47,3.0
262,231,5.0
262,547,4.0
262,641,3.0
262,649,2.0
262,675,5.0
262,817,3.0
262,877,3.0
262,970,4.0
262,987,3.0
263,0,5.0
263,3,5.0
263,5,4.5
263,8,3.0
263,11,4.5
263,12,4.0
263,14,4.0
263,21,4.0
263,22,4.0
263,26,4.0
263,27,5.0
263,29,4.0
263,53,4.0
263,60,5.0
263,72,4.0
263,92,4.0
263,95,4.0
263,97,5.0
263,103,4.5
263,107,4.0
263,114,4.0
263,158,4.0
263,160,4.5
263,161,5.0
263,169,4.0
263,216,4.0
263,242,4.5
263,266,4.0
263,268,4.5
263,353,4.0
263,362,3.5
263,363,3.0
263,371,4.0
263,379,3.0
263,473,4.0
263,482,4.0
263,491,4.5
263,495,4.5
263,507,4.0
263,636,3.0
263,638,3.5
263,648,3.5
263,649,4.0
263,697,4.0
263,777,4.0
263,778,3.0
263,786,4.0
263,796,4.5
263,804,4.0
263,811,3.0
263,817,5.0
263,821,4.0
263,832,4.0
263,847,1.0
263,854,4.0
263,865,4.5
263,931,4.0
263,949,4.0
263,953,3.5
263,977,4.0
263,997,4.0
264,3,4.0
264,12,3.5
264,14,4.5
264,21,4.5
264,22,3.5
264,41,2.0
264,43,2.5
264,48,3.5
264,92,2.5
264,107,4.0
264,114,3.5
264,146,2.0
264,157,4.5
264,158,5.0
264,210,2.5
264,241,3.0
264,242,5.0
264,249,5.0
264,274,5.0
264,374,1.0
264,385,4.0
264,664,5.0
264,774,1.5
264,786,4.0
264,848,4.0
264,931,4.5
264,953,4.0
264,961,2.5
265,0,4.0
265,4,4.0
265,20,3.0
265,21,5.0
265,22,5.0
265,26,4.0
265,27,5.0
265,28,4.0
265,35,5.0
265,39,5.0
265,43,2.0
265,63,5.0
265,72,4.0
265,92,3.0
265,95,2.0
265,117,4.0
265,118,4.0
265,146,4.0
265,148,4.0
265,149,3.0
265,217,4.0
265,219,5.0
265,220,4.0
265,231,4.0
265,233,5.0
265,234,3.0
265,248,3.0
265,253,4.0
265,264,3.0
265,273,4.0
265,365,4.0
265,368,3.0
265,374,4.0
265,375,4.0
265,384,2.0
265,447,4.0
265,473,4.0
265,494,3.0
265,613,3.0
265,629,3.0
265,669,4.0
265,684,4.0
265,707,4.0
265,777,3.0
265,786,4.0
265,821,4.0
265,829,3.0
265,834,3.0
265,841,4.0
265,848,5.0
265,856,3.0
265,879,5.0
265,939,4.0
265,940,4.0
265,964,3.0
266,8,5.0
266,10,5.0
266,12,4.0
266,19,5.0
266,21,5.0
266,22,5.0
266,26,4.0
266,28,4.0
266,39,4.0
266,47,4.0
266,63,5.0
266,68,5.0
266,71,5.0
266,92,5.0
266,94,4.0
266,98,5.0
266,100,5.0
266,101,5.0
266,105,5.0
266,107,2.0
266,114,3.0
266,144,5.0
266,146,4.0
266,153,4.0
266,154,4.0
266,155,5.0
266,161,4.0
266,168,5.0
266,169,5.0
266,217,5.0
266,219,4.0
266,220,4.0
266,223,5.0
266,231,5.0
266,235,1.0
266,239,5.0
266,241,5.0
266,353,4.0
266,373,4.0
266,374,4.0
266,410,5.0
266,486,5.0
266,490,5.0
266,494,2.0
266,508,5.0
266,512,5.0
266,514,2.0
266,538,4.0
266,610,2.0
266,619,5.0
266,634,5.0
266,636,2.0
266,649,4.0
266,678,4.0
266,695,4.0
266,773,1.0
266,805,5.0
266,817,1.0
266,821,3.0
266,840,5.0
266,843,5.0
266,847,4.0
266,848,3.0
266,939,4.0
266,940,3.0
266,952,1.0
266,959,3.0
266,972,3.0
267,21,5.0
267,22,5.0
267,27,5.0
267,28,5.0
267,39,5.0
267,41,5.0
267,43,4.0
267,63,5.0
267,68,5.0
267,92,4.0
267,95,4.0
267,98,4.0
267,101,1.0
267,114,5.0
267,117,2.0
267,146,5.0
267,151,5.0
267,157,2.0
267,217,5.0
267,219,5.0
267,235,5.0
267,353,5.0
267,629,4.0
267,669,4.0
267,676,4.0
267,786,5.0
267,964,5.0
268,1,5.0
268,6,4.0
268,12,2.0
268,19,5.0
268,20,4.0
268,21,5.0
268,22,5.0
268,47,5.0
268,71,5.0
268,95,5.0
268,97,3.0
268,101,3.0
268,105,2.0
268,114,1.0
268,122,4.0
268,144,2.0
268,154,3.0
268,157,4.0
268,166,5.0
268,353,5.0
268,376,4.0
268,396,4.0
268,487,5.0
268,504,5.0
268,508,5.0
268,610,2.0
268,619,4.0
268,636,3.0
268,722,5.0
268,745,4.0
268,777,1.0
268,784,3.0
268,803,2.0
268,821,2.0
268,824,3.0
268,829,3.0
268,843,4.0
268,885,5.0
268,959,3.0
268,966,2.0
269,94,5.0
269,107,5.0
269,239,4.0
269,374,4.0
269,611,4.0
270,94,3.0
270,107,5.0
270,231,4.0
270,374,4.0
270,611,5.0
270,779,3.0
270,817,4.0
270,987,3.0
271,43,3.75
271,49,3.0
271,68,4.0
271,72,3.0
271,95,2.5
271,98,4.0
271,153,3.5
271,374,4.0
271,491,3.5
271,522,3.5
271,656,4.0
271,676,4.0
271,773,3.0
271,844,4.5
271,874,3.0
271,879,4.0
272,0,4.0
272,11,2.0
272,18,3.5
272,21,4.0
272,28,3.5
272,29,4.5
272,64,3.5
272,77,5.0
272,148,4.0
272,162,4.0
272,219,4.0
272,226,3.5
272,232,2.5
272,358,4.0
272,364,2.5
272,473,2.5
272,481,4.0
272,606,4.5
272,661,3.5
272,764,4.0
272,937,3.5
272,940,4.0
273,8,4.0
273,27,5.0
273,28,5.0
273,48,5.0
273,107,5.0
273,146,4.0
273,149,4.0
273,231,3.0
273,368,2.0
273,372,5.0
273,374,5.0
273,385,5.0
273,649,4.0
273,695,5.0
273,778,1.0
273,786,3.0
273,810,4.0
273,847,5.0
274,0,4.5
274,1,3.5
274,2,4.5
274,3,4.0
274,4,3.5
274,5,3.0
274,6,3.5
274,8,5.0
274,9,5.0
274,10,5.0
274,11,3.0
274,12,4.5
274,14,3.5
274,19,4.0
274,20,4.5
274,21,4.0
274,22,4.5
274,26,4.0
274,27,4.0
274,28,4.5
274,29,3.5
274,38,3.5
274,39,3.5
274,41,3.5
274,42,4.0
274,43,3.75
274,47,4.0
274,48,4.0
274,49,4.5
274,52,4.0
274,53,3.5
274,54,4.0
274,55,3.0
274,60,4.5
274,63,4.0
274,67,4.5
274,68,4.0
274,71,4.0
274,74,4.0
274,78,3.5
274,83,3.5
274,92,4.5
274,93,5.0
274,94,4.0
274,95,5.0
274,96,4.5
274,97,4.0
274,98,2.5
274,100,4.5
274,101,4.5
274,102,5.0
274,103,5.0
274,105,4.0
274,107,4.0
274,109,3.5
274,112,4.5
274,114,4.0
274,117,3.0
274,120,3.5
274,141,3.5
274,143,4.0
274,144,3.5
274,145,4.5
274,146,3.5
274,147,3.5
274,148,4.5
274,149,3.0
274,151,2.5
274,152,5.0
274,153,4.5
274,154,4.0
274,155,4.5
274,157,4.0
274,158,4.0
274,160,4.0
274,162,3.5
274,165,3.5
274,168,3.5
274,169,3.5
274,210,4.0
274,211,3.5
274,216,4.0
274,217,2.5
274,219,4.0
274,220,3.5
274,221,4.0
274,223,3.5
274,226,3.5
274,231,3.0
274,235,3.5
274,237,3.5
274,239,4.0
274,241,4.0
274,242,3.5
274,253,3.5
274,254,3.5
274,255,4.0
274,257,4.0
274,266,3.5
274,353,4.0
274,356,4.5
274,357,3.5
274,358,2.0
274,360,3.0
274,362,3.5
274,363,4.5
274,364,4.0
274,365,3.5
274,367,2.5
274,368,4.0
274,370,3.5
274,372,4.0
274,373,4.5
274,374,4.0
274,375,3.0
274,376,4.0
274,377,5.0
274,381,4.0
274,382,4.0
274,384,4.5
274,385,3.0
274,386,4.0
274,387,3.5
274,388,3.0
274,394,4.0
274,407,2.5
274,410,3.5
274,473,3.5
274,475,3.0
274,480,3.5
274,481,4.0
274,482,3.0
274,486,3.0
274,491,4.5
274,493,3.5
274,495,3.5
274,498,4.0
274,500,3.5
274,502,3.5
274,507,3.0
274,508,3.0
274,510,4.0
274,511,4.0
274,512,3.0
274,514,3.0
274,521,3.5
274,530,4.0
274,536,3.0
274,539,3.5
274,541,4.5
274,610,4.0
274,611,3.5
274,613,3.5
274,618,4.5
274,619,3.5
274,621,5.0
274,622,4.0
274,623,3.0
274,627,3.5
274,629,4.5
274,631,4.0
274,634,3.0
274,636,4.5
274,637,3.5
274,638,3.0
274,641,4.0
274,643,4.0
274,646,3.5
274,648,4.0
274,649,3.5
274,656,4.0
274,660,4.0
274,661,3.5
274,666,3.5
274,670,3.5
274,672,3.0
274,685,4.25
274,687,3.5
274,697,2.5
274,702,4.0
274,704,3.5
274,706,4.0
274,712,3.0
274,762,4.0
274,763,4.0
274,765,3.0
274,766,3.0
274,769,4.0
274,770,3.5
274,771,2.5
274,773,4.0
274,774,3.5
274,777,2.5
274,778,3.5
274,781,3.5
274,783,3.5
274,785,4.0
274,787,4.0
274,789,3.5
274,792,3.0
274,796,3.0
274,797,4.0
274,798,3.25
274,800,4.5
274,803,3.5
274,804,4.0
274,807,2.5
274,811,4.0
274,812,4.0
274,827,3.5
274,831,3.5
274,837,4.0
274,840,4.0
274,843,4.5
274,847,4.0
274,855,3.5
274,874,3.5
274,888,3.5
274,894,3.5
274,924,3.0
274,931,2.0
274,932,5.0
274,933,4.0
274,934,3.5
274,935,3.5
274,937,4.0
274,939,3.5
274,940,4.0
274,941,3.5
274,942,4.0
274,945,4.5
274,948,3.0
274,949,3.5
274,951,3.0
274,953,4.0
274,954,3.5
274,955,3.5
274,957,3.5
274,958,3.5
274,959,3.0
274,960,4.0
274,964,4.0
274,965,3.5
274,966,4.0
274,970,3.0
274,971,4.0
274,972,2.5
274,977,2.75
274,988,3.5
274,989,4.0
275,0,4.0
275,1,5.0
275,3,5.0
275,6,4.0
275,8,5.0
275,10,5.0
275,11,4.0
275,12,3.0
275,14,4.0
275,19,5.0
275,20,5.0
275,21,5.0
275,27,5.0
275,35,5.0
275,39,4.0
275,41,4.0
275,47,4.0
275,52,4.0
275,53,5.0
275,55,5.0
275,60,5.0
275,63,4.0
275,71,5.0
275,72,5.0
275,74,3.0
275,95,4.0
275,97,4.0
275,98,1.0
275,100,5.0
275,101,3.0
275,105,5.0
275,107,5.0
275,114,4.0
275,116,5.0
275,117,5.0
275,120,5.0
275,122,5.0
275,123,5.0
275,128,5.0
275,146,4.0
275,149,3.0
275,151,4.0
275,161,4.0
275,166,5.0
275,167,5.0
275,168,5.0
275,169,5.0
275,172,3.0
275,182,4.0
275,217,5.0
275,220,4.0
275,231,4.0
275,239,5.0
275,242,4.0
275,243,5.0
275,254,5.0
275,264,5.0
275,266,5.0
275,273,5.0
275,275,5.0
275,282,3.0
275,293,5.0
275,304,5.0
275,353,5.0
275,367,1.0
275,373,5.0
275,374,5.0
275,376,5.0
275,379,5.0
275,384,5.0
275,387,5.0
275,394,5.0
275,396,5.0
275,398,5.0
275,400,5.0
275,403,3.0
275,413,3.0
275,426,5.0
275,490,4.0
275,491,4.0
275,493,4.0
275,494,4.0
275,495,3.0
275,508,5.0
275,510,4.0
275,512,4.0
275,537,5.0
275,544,5.0
275,552,5.0
275,592,5.0
275,610,4.0
275,619,4.0
275,636,5.0
275,653,3.0
275,669,3.0
275,676,4.0
275,683,5.0
275,684,5.0
275,692,5.0
275,695,5.0
275,705,2.0
275,727,5.0
275,769,4.0
275,773,5.0
275,784,5.0
275,805,3.0
275,810,4.0
275,816,2.0
275,817,5.0
275,821,4.0
275,832,4.0
275,834,5.0
275,836,4.0
275,837,5.0
275,844,5.0
275,849,5.0
275,854,4.0
275,856,5.0
275,864,5.0
275,877,5.0
275,890,2.0
275,949,4.0
275,952,3.0
275,957,5.0
275,959,3.0
275,972,5.0
275,981,4.0
275,982,4.0
275,993,5.0
276,12,5.0
276,22,5.0
276,39,5.0
276,48,5.0
276,107,4.0
276,114,5.0
276,146,5.0
276,786,5.0
276,987,4.0
277,107,4.0
277,374,5.0
277,611,3.0
278,0,5.0
278,3,5.0
278,47,5.0
278,657,4.5
278,944,4.5
279,0,4.5
279,1,4.0
279,2,4.0
279,5,4.0
279,8,5.0
279,9,4.0
279,10,3.5
279,11,4.0
279,12,3.0
279,14,5.0
279,18,5.0
279,19,3.5
279,21,4.5
279,22,5.0
279,26,4.0
279,27,4.0
279,28,4.0
279,38,4.5
279,39,3.5
279,41,3.5
279,42,4.0
279,43,5.0
279,44,3.5
279,47,3.5
279,49,3.5
279,60,3.0
279,61,5.0
279,63,4.0
279,64,4.0
279,67,5.0
279,68,4.5
279,71,3.5
279,92,4.0
279,93,4.0
279,95,3.5
279,98,4.0
279,105,4.0
279,107,3.0
279,114,4.5
279,141,4.0
279,143,3.5
279,144,4.5
279,145,4.0
279,146,4.0
279,147,4.5
279,152,3.0
279,153,5.0
279,154,5.0
279,162,4.0
279,169,5.0
279,212,5.0
279,213,4.0
279,214,4.5
279,215,4.5
279,217,5.0
279,219,4.0
279,223,4.0
279,229,4.0
279,231,2.0
279,242,3.0
279,246,3.5
279,257,4.0
279,350,5.0
279,351,3.0
279,352,4.0
279,358,3.0
279,364,3.5
279,372,2.0
279,377,2.0
279,379,3.5
279,382,3.0
279,388,3.0
279,475,2.0
279,476,4.0
279,478,4.5
279,480,2.5
279,493,3.5
279,496,4.0
279,498,3.5
279,499,3.0
279,500,4.5
279,502,4.0
279,506,3.0
279,604,3.5
279,606,3.5
279,619,3.5
279,621,4.0
279,623,3.5
279,624,4.5
279,629,5.0
279,630,3.0
279,635,3.5
279,636,2.5
279,642,5.0
279,645,3.0
279,648,4.0
279,652,4.5
279,654,3.0
279,659,2.0
279,764,4.0
279,773,3.5
279,782,5.0
279,799,4.5
279,802,3.5
279,803,4.0
279,804,5.0
279,807,3.0
279,809,3.5
279,814,2.0
279,934,2.5
279,945,4.0
279,950,4.0
279,953,3.0
279,954,2.0
279,958,3.5
279,960,3.0
280,2,4.5
280,9,4.0
280,12,4.0
280,19,5.0
280,39,3.5
280,42,5.0
280,47,4.5
280,48,4.5
280,78,4.0
280,99,4.0
280,107,4.5
280,157,4.5
280,160,4.5
280,172,3.0
280,216,3.5
280,221,4.5
280,228,4.5
280,235,3.5
280,237,4.5
280,243,4.5
280,249,5.0
280,257,4.0
280,268,4.5
280,353,3.5
280,356,3.5
280,362,3.5
280,371,4.0
280,379,4.0
280,380,4.0
280,381,4.5
280,382,4.5
280,385,4.5
280,403,4.0
280,413,3.0
280,473,4.0
280,482,4.0
280,489,5.0
280,491,5.0
280,495,4.5
280,510,4.0
280,573,3.0
280,603,5.0
280,616,4.5
280,623,3.5
280,627,3.5
280,628,4.5
280,632,5.0
280,637,5.0
280,639,5.0
280,643,4.0
280,664,4.0
280,762,4.0
280,763,4.5
280,765,4.0
280,767,4.0
280,769,4.5
280,770,4.0
280,778,4.0
280,808,5.0
280,812,4.5
280,931,4.0
280,934,4.5
280,937,3.5
280,954,5.0
280,987,4.5
281,49,4.0
281,95,3.5
281,482,4.0
281,491,3.5
281,631,4.5
281,641,3.5
281,937,4.5
281,977,2.0
282,0,4.5
282,1,5.0
282,2,5.0
282,3,5.0
282,4,4.5
282,6,5.0
282,8,4.0
282,9,4.5
282,10,4.5
282,12,4.5
282,19,4.5
282,20,5.0
282,21,5.0
282,26,4.5
282,27,4.0
282,28,4.5
282,29,4.0
282,38,4.5
282,39,5.0
282,41,4.0
282,42,4.5
282,46,4.0
282,47,4.5
282,49,4.5
282,53,3.5
282,60,4.5
282,61,4.0
282,67,4.0
282,71,4.5
282,74,4.0
282,75,4.5
282,93,3.5
282,94,4.0
282,95,4.5
282,96,4.5
282,97,4.5
282,100,5.0
282,102,4.5
282,105,4.0
282,107,4.5
282,117,1.0
282,140,4.5
282,146,4.0
282,148,4.5
282,149,4.0
282,152,3.0
282,155,4.0
282,157,4.5
282,158,5.0
282,160,5.0
282,169,5.0
282,216,4.0
282,219,4.5
282,221,5.0
282,223,4.0
282,226,5.0
282,233,4.0
282,235,5.0
282,242,4.5
282,278,4.0
282,350,4.5
282,351,4.0
282,362,5.0
282,364,4.0
282,365,4.5
282,366,4.0
282,372,4.5
282,373,4.5
282,374,4.0
282,377,3.5
282,381,4.5
282,382,4.0
282,384,4.5
282,388,4.0
282,410,5.0
282,473,3.0
282,475,4.0
282,480,3.5
282,490,4.0
282,493,4.25
282,495,4.5
282,498,3.5
282,507,4.0
282,510,4.5
282,573,3.0
282,610,4.0
282,611,4.0
282,613,5.0
282,619,4.5
282,623,3.5
282,634,4.5
282,636,4.5
282,638,4.0
282,656,4.0
282,664,4.5
282,672,4.0
282,676,4.5
282,680,4.0
282,691,4.5
282,769,4.0
282,770,4.0
282,771,4.0
282,773,3.0
282,777,4.0
282,786,4.5
282,788,4.5
282,789,4.5
282,796,3.5
282,804,4.0
282,805,4.5
282,807,4.0
282,811,4.0
282,821,4.0
282,831,4.0
282,832,4.0
282,836,4.0
282,837,4.5
282,890,4.5
282,932,4.0
282,937,3.5
282,945,4.5
282,949,4.0
282,957,4.5
282,986,4.5
283,0,5.0
283,12,5.0
283,27,4.0
283,92,5.0
283,97,5.0
283,107,3.0
283,114,4.0
283,231,4.0
283,373,3.0
283,778,3.0
283,786,5.0
284,0,4.0
284,8,4.0
284,12,5.0
284,28,5.0
284,92,5.0
284,146,5.0
284,368,4.0
284,372,5.0
284,374,5.0
284,385,4.0
284,649,4.0
284,695,3.0
284,786,2.0
284,847,5.0
284,966,5.0
285,1,5.0
285,8,4.0
285,20,5.0
285,46,4.0
285,52,4.5
285,53,5.0
285,55,5.0
285,97,4.0
285,116,5.0
285,149,5.0
285,166,5.0
285,214,4.0
285,253,4.5
285,273,4.0
285,379,5.0
285,394,4.0
285,491,2.0
285,522,4.0
285,534,5.0
285,538,4.0
285,610,5.0
285,708,4.0
285,981,4.0
285,983,3.0
286,3,4.0
286,5,5.0
286,8,5.0
286,10,5.0
286,11,4.5
286,12,4.5
286,14,4.5
286,20,4.0
286,21,4.5
286,26,4.5
286,27,4.0
286,29,5.0
286,41,3.5
286,48,5.0
286,49,5.0
286,60,4.5
286,67,4.5
286,92,5.0
286,94,4.5
286,103,5.0
286,148,4.0
286,151,5.0
286,152,5.0
286,154,4.5
286,157,5.0
286,158,5.0
286,160,5.0
286,216,4.0
286,221,3.5
286,223,3.0
286,239,3.5
286,362,4.0
286,365,3.5
286,377,5.0
286,473,1.0
286,491,3.5
286,494,4.0
286,495,3.5
286,638,4.0
286,646,4.5
286,769,4.0
286,784,4.0
286,786,4.0
286,810,3.0
286,824,4.5
286,837,4.5
286,940,2.5
286,949,2.0
286,959,3.0
286,966,4.0
286,981,4.0
286,987,3.5
287,3,4.0
287,10,4.0
287,11,4.0
287,14,4.0
287,20,3.0
287,26,3.5
287,39,3.0
287,41,2.5
287,47,3.5
287,71,3.5
287,92,1.5
287,96,5.0
287,101,2.5
287,148,3.5
287,155,2.0
287,157,2.0
287,169,4.0
287,221,2.5
287,223,3.5
287,231,4.5
287,241,3.0
287,353,3.5
287,356,4.5
287,367,4.0
287,418,4.5
287,482,4.0
287,495,1.5
287,507,4.0
287,514,4.0
287,538,3.0
287,610,4.5
287,636,3.0
287,637,1.5
287,769,1.75
287,773,1.0
287,778,1.5
287,796,5.0
287,804,4.0
287,810,4.0
287,821,2.5
287,837,4.0
287,838,1.5
287,844,3.5
287,847,2.5
287,876,3.5
287,893,5.0
287,940,4.0
287,957,5.0
287,972,2.0
288,0,5.0
288,2,4.5
288,3,5.0
288,5,4.0
288,8,5.0
288,10,3.5
288,11,5.0
288,12,5.0
288,14,3.5
288,19,4.0
288,20,5.0
288,21,3.0
288,22,4.5
288,26,3.5
288,27,5.0
288,28,4.0
288,29,3.0
288,35,4.5
288,38,3.5
288,39,5.0
288,41,2.0
288,43,2.5
288,48,3.0
288,49,4.5
288,52,5.0
288,53,4.0
288,55,4.0
288,60,4.5
288,63,5.0
288,67,3.0
288,68,3.0
288,71,4.5
288,72,4.0
288,74,3.5
288,78,4.5
288,92,5.0
288,97,3.5
288,98,5.0
288,101,4.0
288,103,4.5
288,105,3.0
288,107,4.5
288,109,4.5
288,111,5.0
288,114,4.5
288,117,3.5
288,118,4.0
288,120,3.0
288,122,3.5
288,135,3.0
288,141,4.5
288,144,5.0
288,146,2.0
288,148,4.0
288,149,3.5
288,151,3.0
288,152,4.0
288,154,3.0
288,157,3.0
288,158,3.0
288,160,3.5
288,161,4.5
288,166,3.5
288,167,3.0
288,168,4.0
288,169,5.0
288,170,4.0
288,171,3.0
288,211,5.0
288,216,4.0
288,217,4.0
288,219,3.0
288,220,3.5
288,221,3.5
288,223,5.0
288,226,4.0
288,231,4.0
288,233,5.0
288,234,3.0
288,235,3.5
288,241,4.5
288,242,4.5
288,248,4.0
288,249,3.0
288,253,4.0
288,265,4.0
288,266,4.0
288,274,3.5
288,290,4.0
288,353,4.0
288,362,4.0
288,363,4.5
288,365,3.0
288,368,5.0
288,371,4.5
288,372,4.0
288,373,4.5
288,374,5.0
288,375,4.0
288,376,4.0
288,377,4.0
288,379,4.0
288,382,4.0
288,384,3.5
288,385,4.0
288,387,3.0
288,391,5.0
288,394,4.0
288,401,3.0
288,404,3.5
288,410,3.0
288,412,3.0
288,418,3.5
288,473,3.0
288,475,4.0
288,480,4.0
288,481,3.5
288,482,3.5
288,487,2.0
288,490,3.5
288,491,4.5
288,493,3.5
288,494,5.0
288,495,4.0
288,496,5.0
288,498,3.5
288,507,3.0
288,508,4.0
288,510,4.0
288,512,4.0
288,513,3.0
288,514,4.0
288,531,3.0
288,536,3.0
288,538,5.0
288,539,3.0
288,544,3.5
288,551,3.5
288,560,4.5
288,603,3.5
288,610,3.0
288,611,4.0
288,613,4.5
288,618,3.0
288,619,3.0
288,622,4.0
288,629,2.0
288,632,3.0
288,634,3.0
288,636,3.5
288,637,3.5
288,638,3.5
288,643,4.0
288,646,4.0
288,648,4.0
288,649,3.0
288,653,4.0
288,657,3.0
288,664,4.0
288,669,4.0
288,672,4.0
288,676,4.0
288,678,4.0
288,687,3.0
288,690,3.0
288,692,4.0
288,695,5.0
288,697,4.0
288,700,3.0
288,702,3.0
288,704,3.0
288,750,4.0
288,762,3.0
288,765,3.5
288,769,3.5
288,770,4.0
288,773,4.0
288,774,3.0
288,778,3.0
288,783,4.0
288,786,3.0
288,787,3.0
288,788,4.5
288,789,2.0
288,792,3.0
288,796,3.5
288,797,4.0
288,798,4.0
288,803,2.0
288,804,5.0
288,807,3.5
288,810,3.5
288,811,3.0
288,812,4.0
288,816,4.0
288,817,3.5
288,818,4.0
288,821,3.5
288,832,4.5
288,836,4.0
288,837,4.0
288,840,4.0
288,841,3.5
288,843,4.5
288,844,4.0
288,848,4.0
288,856,4.0
288,861,3.0
288,865,3.5
288,871,4.0
288,874,3.5
288,879,3.0
288,888,4.0
288,894,3.0
288,922,3.0
288,924,3.0
288,931,3.5
288,934,3.0
288,939,4.0
288,940,4.0
288,941,3.5
288,944,3.0
288,945,3.5
288,949,4.0
288,953,4.5
288,955,3.0
288,957,3.0
288,959,3.0
288,960,4.0
288,964,3.0
288,970,4.5
288,972,3.5
288,977,3.0
288,988,3.0
288,997,3.5
289,67,4.0
289,71,4.0
289,74,4.5
289,155,4.5
289,490,3.5
289,695,4.0
289,970,3.5
290,0,5.0
290,1,5.0
290,3,5.0
290,6,5.0
290,8,5.0
290,10,3.0
290,19,5.0
290,20,5.0
290,22,5.0
290,26,4.0
290,27,4.0
290,35,5.0
290,39,4.0
290,43,4.0
290,47,4.0
290,49,4.0
290,52,5.0
290,53,5.0
290,55,5.0
290,57,5.0
290,63,5.0
290,67,4.0
290,71,5.0
290,72,5.0
290,74,5.0
290,95,4.0
290,97,4.0
290,98,5.0
290,100,4.0
290,107,4.0
290,111,5.0
290,116,5.0
290,117,5.0
290,118,5.0
290,120,5.0
290,122,4.0
290,123,5.0
290,128,5.0
290,149,5.0
290,157,4.0
290,161,4.0
290,166,5.0
290,168,4.0
290,169,4.0
290,170,5.0
290,171,4.0
290,172,5.0
290,178,4.0
290,193,5.0
290,210,4.0
290,211,5.0
290,217,3.0
290,219,4.0
290,220,4.0
290,231,5.0
290,235,5.0
290,241,4.0
290,248,5.0
290,253,4.0
290,254,5.0
290,262,4.0
290,265,4.0
290,266,4.0
290,273,5.0
290,274,5.0
290,276,5.0
290,282,5.0
290,284,5.0
290,287,5.0
290,290,5.0
290,304,5.0
290,357,4.0
290,365,5.0
290,375,4.0
290,384,4.0
290,385,4.0
290,387,4.0
290,394,5.0
290,398,4.0
290,399,4.0
290,412,5.0
290,413,5.0
290,426,5.0
290,437,4.0
290,494,5.0
290,497,5.0
290,504,5.0
290,511,3.0
290,517,4.0
290,525,5.0
290,527,4.0
290,535,4.0
290,536,5.0
290,559,5.0
290,560,4.0
290,579,4.0
290,649,4.0
290,653,5.0
290,657,4.0
290,676,4.0
290,678,5.0
290,684,5.0
290,687,4.0
290,690,4.0
290,692,4.0
290,695,4.0
290,699,4.0
290,717,5.0
290,719,5.0
290,727,5.0
290,773,4.0
290,777,4.0
290,786,4.0
290,797,4.0
290,810,4.0
290,811,4.0
290,818,4.0
290,830,4.0
290,832,4.0
290,840,5.0
290,849,4.0
290,856,5.0
290,864,4.0
290,871,5.0
290,874,5.0
290,877,4.0
290,879,5.0
290,894,4.0
290,899,5.0
290,909,4.0
290,943,4.0
290,981,4.0
290,982,5.0
290,987,4.0
290,997,4.0
291,2,5.0
291,5,3.0
291,11,3.0
291,78,5.0
291,107,4.0
291,109,4.0
291,224,5.0
291,226,5.0
291,232,1.0
291,352,5.0
291,358,5.0
291,475,5.0
291,480,4.0
291,482,5.0
291,659,4.0
291,765,5.0
291,781,5.0
291,931,5.0
292,0,5.0
292,1,4.0
292,2,4.0
292,4,4.0
292,5,3.5
292,6,4.0
292,8,3.0
292,9,3.0
292,10,2.0
292,11,3.5
292,12,4.5
292,14,3.5
292,20,2.5
292,21,4.0
292,22,4.0
292,26,4.0
292,27,3.0
292,28,4.0
292,29,4.5
292,39,4.0
292,41,3.5
292,43,3.0
292,48,4.5
292,63,4.0
292,78,3.5
292,92,2.5
292,99,4.5
292,107,4.0
292,109,4.0
292,112,4.0
292,114,4.0
292,117,1.5
292,135,2.0
292,144,4.5
292,146,4.0
292,149,2.0
292,154,4.0
292,157,4.0
292,160,3.5
292,169,4.0
292,215,2.5
292,216,4.0
292,217,3.5
292,219,4.0
292,221,2.0
292,226,4.0
292,228,4.0
292,231,2.0
292,242,4.0
292,249,4.0
292,250,4.0
292,253,2.5
292,254,3.0
292,257,2.0
292,266,5.0
292,347,2.5
292,348,4.5
292,360,2.0
292,362,3.5
292,364,3.5
292,365,3.0
292,368,3.0
292,372,4.0
292,374,2.0
292,375,3.0
292,376,4.0
292,380,4.0
292,381,2.5
292,382,4.0
292,385,4.5
292,388,4.5
292,398,2.0
292,400,3.0
292,473,4.0
292,475,4.0
292,480,4.5
292,481,4.0
292,482,4.0
292,493,4.5
292,494,4.5
292,495,4.0
292,502,2.0
292,507,2.5
292,510,4.0
292,536,4.0
292,610,3.0
292,611,4.5
292,613,4.0
292,619,4.0
292,623,4.0
292,627,3.5
292,628,1.5
292,629,3.5
292,632,4.0
292,633,1.5
292,636,3.0
292,637,4.0
292,638,4.0
292,639,2.0
292,642,4.0
292,643,3.5
292,649,4.0
292,662,4.0
292,687,1.0
292,696,2.0
292,697,4.5
292,762,3.0
292,764,4.0
292,769,3.0
292,770,3.5
292,777,4.0
292,778,4.0
292,780,4.0
292,789,2.0
292,793,3.0
292,802,3.5
292,803,4.0
292,807,4.5
292,811,4.0
292,832,3.0
292,931,4.0
292,935,2.0
292,946,3.0
292,949,4.0
292,951,3.5
292,952,4.0
292,953,4.0
292,954,4.0
292,959,4.5
292,961,3.5
292,966,3.5
292,969,3.5
292,970,3.0
293,27,4.0
293,107,3.0
293,148,4.0
293,161,3.0
293,231,3.0
293,487,4.0
293,494,2.0
294,1,5.0
294,6,4.0
294,8,4.0
294,12,5.0
294,22,4.0
294,39,3.0
294,47,3.0
294,63,4.0
294,94,3.0
294,95,3.0
294,100,3.0
294,111,5.0
294,114,4.0
294,119,3.0
294,122,3.0
294,144,3.0
294,161,3.0
294,170,4.0
294,172,4.0
294,193,3.0
294,220,3.0
294,223,5.0
294,231,4.0
294,235,2.0
294,253,3.0
294,353,4.0
294,368,3.0
294,372,3.0
294,384,3.0
294,387,2.0
294,396,2.0
294,486,3.0
294,508,4.0
294,511,4.0
294,514,4.0
294,536,1.0
294,610,3.0
294,613,3.0
294,634,4.0
294,636,4.0
294,762,3.0
294,777,3.0
294,778,2.0
294,783,3.0
294,811,3.0
294,821,3.0
294,830,4.0
294,836,4.0
294,843,4.0
294,848,4.0
294,856,4.0
294,939,2.0
294,945,4.0
294,952,3.0
294,959,4.0
294,972,3.0
294,977,4.0
295,0,5.0
295,1,4.5
295,6,4.5
295,8,5.0
295,9,5.0
295,10,4.5
295,19,4.5
295,20,5.0
295,47,5.0
295,49,5.0
295,53,4.0
295,60,4.5
295,63,2.0
295,75,5.0
295,93,5.0
295,100,5.0
295,152,4.5
295,265,2.0
295,363,3.5
295,377,4.5
295,391,5.0
295,486,5.0
295,805,4.0
295,977,4.5
296,0,5.0
296,3,4.5
296,8,4.5
296,9,5.0
296,10,5.0
296,12,5.0
296,21,4.5
296,26,4.5
296,47,5.0
296,92,5.0
296,97,5.0
296,165,4.5
296,953,1.0
297,27,4.0
297,28,3.0
297,47,5.0
297,94,5.0
297,100,5.0
297,149,3.0
297,161,4.0
297,223,5.0
297,231,4.0
297,398,4.0
297,649,4.0
297,779,3.0
297,786,3.0
297,812,1.0
297,894,4.0
297,966,3.0
298,0,3.5
298,1,5.0
298,2,3.5
298,5,4.0
298,6,3.5
298,8,4.5
298,9,3.5
298,10,5.0
298,11,4.0
298,12,3.0
298,14,4.0
298,18,3.0
298,19,4.0
298,20,4.0
298,21,4.0
298,22,4.0
298,28,4.0
298,38,2.0
298,39,3.5
298,41,3.25
298,42,3.0
298,43,3.5
298,44,3.5
298,47,3.5
298,57,3.0
298,58,4.0
298,60,3.0
298,61,3.0
298,63,4.5
298,64,3.0
298,68,4.0
298,71,4.0
298,74,3.0
298,92,3.0
298,93,3.0
298,95,4.0
298,96,2.5
298,98,4.0
298,100,4.0
298,101,3.5
298,103,2.5
298,105,4.0
298,107,2.0
298,109,3.0
298,114,4.5
298,135,0.5
298,140,3.0
298,141,3.0
298,144,4.0
298,145,2.5
298,146,4.0
298,149,3.0
298,151,3.0
298,152,4.0
298,154,3.0
298,155,4.0
298,158,3.0
298,160,2.5
298,162,3.5
298,168,3.5
298,169,2.5
298,211,3.0
298,213,3.0
298,214,3.5
298,215,3.0
298,216,2.5
298,217,4.5
298,219,4.0
298,221,3.0
298,223,5.0
298,224,3.0
298,226,2.5
298,228,2.5
298,231,3.0
298,233,2.5
298,237,2.5
298,239,3.5
298,242,3.0
298,246,2.0
298,250,3.0
298,251,2.5
298,254,3.5
298,255,3.0
298,257,3.0
298,259,3.5
298,283,3.0
298,296,4.0
298,348,4.0
298,350,3.0
298,351,3.5
298,352,3.0
298,353,3.0
298,356,3.5
298,358,3.5
298,359,2.0
298,362,2.0
298,363,3.5
298,371,2.0
298,373,3.5
298,374,4.0
298,375,2.75
298,376,4.0
298,377,4.0
298,379,4.0
298,380,2.5
298,382,1.0
298,386,4.0
298,389,1.5
298,396,3.0
298,397,2.0
298,404,1.0
298,475,3.0
298,478,3.0
298,480,3.5
298,482,3.0
298,483,1.5
298,486,3.0
298,489,3.0
298,490,3.5
298,491,3.5
298,495,2.0
298,496,2.5
298,499,3.0
298,500,2.0
298,503,2.0
298,505,2.5
298,508,4.0
298,509,3.0
298,521,3.0
298,536,3.0
298,604,3.0
298,605,1.0
298,609,2.5
298,610,3.5
298,613,3.0
298,619,3.0
298,621,2.0
298,622,3.5
298,623,1.5
298,624,3.0
298,628,2.0
298,629,3.5
298,630,3.0
298,631,3.5
298,635,4.0
298,636,3.0
298,638,2.5
298,639,3.0
298,645,3.0
298,652,4.0
298,655,3.0
298,659,3.5
298,660,3.0
298,661,4.0
298,669,2.0
298,672,2.5
298,679,3.0
298,703,3.0
298,761,2.0
298,762,3.5
298,764,3.5
298,765,3.0
298,766,3.0
298,767,2.0
298,769,2.5
298,770,3.0
298,773,3.0
298,781,3.0
298,782,2.5
298,784,1.5
298,788,2.0
298,790,3.0
298,795,3.0
298,796,3.0
298,799,3.5
298,804,3.5
298,805,2.0
298,808,3.0
298,809,3.0
298,838,3.0
298,843,3.5
298,844,2.5
298,847,4.0
298,854,2.0
298,855,4.0
298,873,3.0
298,890,3.0
298,898,1.5
298,920,2.5
298,931,3.0
298,932,3.5
298,933,3.5
298,934,4.0
298,935,3.0
298,937,3.0
298,939,2.75
298,940,4.0
298,941,1.0
298,942,2.0
298,945,3.0
298,946,2.5
298,948,2.5
298,949,3.0
298,953,3.0
298,954,1.5
298,955,0.5
298,957,3.0
298,958,2.0
298,959,3.5
298,965,3.0
298,966,3.0
298,969,2.5
298,971,2.0
298,972,2.0
298,976,3.0
298,984,0.5
298,986,3.0
298,988,3.0
298,990,3.0
298,991,3.0
298,992,2.0
299,41,5.0
299,43,3.0
299,63,4.0
299,67,4.0
299,210,4.0
299,211,4.0
299,365,4.0
299,619,4.0
299,646,5.0
300,0,4.0
300,3,5.0
300,9,4.0
300,10,4.5
300,12,4.0
300,18,5.0
300,21,4.0
300,26,4.0
300,27,4.0
300,44,4.5
300,46,4.5
300,49,4.0
300,64,3.5
300,95,5.0
300,97,3.0
300,103,5.0
300,157,3.5
300,165,5.0
300,213,5.0
300,355,5.0
300,382,4.0
300,509,5.0
300,796,5.0
300,799,4.0
300,958,3.0
301,3,4.5
301,8,4.5
301,12,4.0
301,20,4.5
301,28,0.5
301,38,5.0
301,39,2.5
301,41,4.5
301,42,4.5
301,47,4.5
301,48,3.5
301,49,4.5
301,60,4.0
301,72,4.5
301,92,1.5
301,95,4.0
301,103,4.5
301,143,5.0
301,146,3.0
301,147,4.5
301,151,4.5
301,152,4.5
301,158,4.5
301,160,4.5
301,162,2.5
301,216,4.0
301,219,0.5
301,221,4.0
301,231,3.0
301,255,4.5
301,362,4.0
301,365,4.5
301,388,4.0
301,473,1.5
301,482,3.5
301,491,3.5
301,493,4.0
301,494,4.0
301,495,4.0
301,507,4.0
301,613,2.5
301,616,3.5
301,619,3.5
301,631,4.0
301,638,2.5
301,649,4.0
301,765,4.0
301,769,4.0
301,796,3.0
301,812,4.0
301,817,4.0
301,821,4.5
301,832,4.0
301,931,4.0
301,966,2.0
302,1,5.0
302,6,5.0
302,8,5.0
302,28,4.0
302,63,5.0
302,92,4.0
302,146,5.0
302,231,5.0
302,374,3.0
302,649,4.0
302,779,3.0
302,817,5.0
303,21,5.0
303,22,5.0
303,28,5.0
303,39,3.5
303,43,5.0
303,67,2.0
303,68,5.0
303,114,5.0
303,146,3.5
303,155,2.5
303,167,3.0
303,219,5.0
303,234,2.0
303,374,3.5
303,379,2.0
303,398,5.0
303,494,5.0
303,629,5.0
303,669,3.0
303,773,5.0
303,848,5.0
303,940,3.5
303,949,3.5
303,964,3.0
304,0,4.0
304,3,5.0
304,8,5.0
304,12,5.0
304,21,4.0
304,22,5.0
304,26,5.0
304,27,4.0
304,28,5.0
304,39,5.0
304,43,4.0
304,48,2.0
304,63,5.0
304,68,4.0
304,92,5.0
304,95,2.0
304,97,4.0
304,98,4.0
304,99,5.0
304,107,5.0
304,114,5.0
304,144,5.0
304,146,4.0
304,148,4.0
304,154,4.0
304,157,2.0
304,169,4.0
304,211,4.0
304,217,4.0
304,219,5.0
304,220,5.0
304,249,4.0
304,266,4.0
304,304,5.0
304,353,5.0
304,368,5.0
304,372,4.0
304,373,5.0
304,374,4.0
304,379,4.0
304,385,5.0
304,473,5.0
304,490,4.0
304,494,5.0
304,510,5.0
304,602,4.0
304,611,4.0
304,649,5.0
304,664,4.0
304,669,4.0
304,678,5.0
304,697,5.0
304,778,4.0
304,786,5.0
304,792,3.0
304,805,5.0
304,817,3.0
304,832,4.0
304,837,3.0
304,848,5.0
304,940,4.0
304,945,3.0
304,961,4.0
304,966,4.0
304,985,3.0
304,987,4.0
305,0,5.0
305,1,5.0
305,2,5.0
305,3,5.0
305,4,5.0
305,5,5.0
305,6,5.0
305,8,5.0
305,9,5.0
305,10,4.5
305,11,5.0
305,12,4.5
305,14,5.0
305,18,3.5
305,19,5.0
305,20,5.0
305,21,5.0
305,22,5.0
305,26,4.0
305,27,5.0
305,28,5.0
305,29,5.0
305,35,4.0
305,38,3.0
305,39,5.0
305,41,5.0
305,42,4.5
305,43,4.0
305,44,5.0
305,47,5.0
305,49,5.0
305,52,5.0
305,55,4.5
305,60,3.5
305,61,5.0
305,63,3.0
305,64,5.0
305,67,5.0
305,68,3.5
305,72,5.0
305,74,4.0
305,75,5.0
305,78,5.0
305,82,5.0
305,93,5.0
305,94,3.5
305,95,5.0
305,96,5.0
305,97,4.0
305,98,4.0
305,99,4.5
305,100,5.0
305,101,5.0
305,102,4.0
305,105,5.0
305,109,5.0
305,114,5.0
305,116,3.5
305,118,4.5
305,119,5.0
305,122,5.0
305,140,4.0
305,141,5.0
305,143,4.0
305,145,3.5
305,146,2.0
305,147,4.5
305,148,4.0
305,151,5.0
305,152,5.0
305,153,5.0
305,154,4.0
305,155,4.5
305,157,4.0
305,158,5.0
305,160,5.0
305,161,4.0
305,162,2.5
305,165,5.0
305,166,4.0
305,168,4.0
305,169,2.5
305,170,5.0
305,178,4.0
305,211,3.5
305,213,3.5
305,214,5.0
305,215,2.0
305,217,4.0
305,218,4.0
305,219,3.5
305,220,4.5
305,221,5.0
305,223,4.5
305,224,2.5
305,229,4.5
305,231,3.5
305,232,2.0
305,233,5.0
305,234,4.0
305,235,5.0
305,237,3.5
305,239,5.0
305,240,3.0
305,241,5.0
305,244,3.5
305,248,3.5
305,250,4.0
305,251,3.0
305,253,3.5
305,255,4.5
305,257,5.0
305,259,5.0
305,266,4.5
305,274,5.0
305,278,5.0
305,348,4.5
305,349,5.0
305,350,3.0
305,351,3.0
305,352,5.0
305,353,4.5
305,355,3.0
305,356,5.0
305,358,4.0
305,359,5.0
305,362,3.0
305,363,5.0
305,365,4.0
305,367,3.5
305,368,4.5
305,370,5.0
305,374,5.0
305,376,5.0
305,377,5.0
305,379,5.0
305,380,4.0
305,381,4.5
305,382,5.0
305,388,4.0
305,391,3.5
305,397,5.0
305,403,4.5
305,404,5.0
305,406,4.0
305,473,3.5
305,475,4.5
305,476,4.0
305,478,3.5
305,480,4.5
305,481,4.0
305,482,3.0
305,484,4.5
305,486,5.0
305,490,5.0
305,493,3.5
305,496,5.0
305,498,4.0
305,500,3.5
305,502,4.5
305,503,3.0
305,505,4.5
305,511,5.0
305,512,4.0
305,514,3.5
305,521,5.0
305,538,5.0
305,539,5.0
305,543,4.5
305,598,4.0
305,604,4.0
305,606,3.0
305,610,5.0
305,611,5.0
305,612,3.5
305,613,5.0
305,619,4.0
305,621,4.0
305,622,3.0
305,623,5.0
305,624,3.5
305,627,3.0
305,628,5.0
305,629,4.0
305,630,3.0
305,635,3.0
305,636,5.0
305,637,4.0
305,638,4.5
305,642,3.5
305,645,4.0
305,646,4.0
305,648,4.5
305,649,4.0
305,650,5.0
305,652,4.0
305,655,2.5
305,656,5.0
305,659,3.0
305,660,4.0
305,661,2.5
305,669,3.0
305,685,4.5
305,686,3.0
305,687,5.0
305,695,4.5
305,702,5.0
305,719,4.5
305,761,3.5
305,763,3.5
305,765,4.0
305,766,4.0
305,769,4.0
305,770,5.0
305,771,4.5
305,773,5.0
305,777,5.0
305,781,3.0
305,782,5.0
305,784,2.5
305,787,3.5
305,789,4.5
305,795,3.0
305,796,3.0
305,797,4.0
305,800,5.0
305,802,3.0
305,803,4.0
305,805,3.5
305,809,4.5
305,811,4.5
305,812,5.0
305,824,2.5
305,827,3.5
305,843,4.5
305,847,4.0
305,861,4.0
305,886,5.0
305,888,4.75
305,898,5.0
305,902,3.5
305,931,3.0
305,932,5.0
305,933,4.0
305,935,5.0
305,937,3.0
305,938,5.0
305,939,5.0
305,942,4.5
305,946,4.0
305,948,4.0
305,949,3.5
305,951,3.5
305,952,5.0
305,953,3.5
305,956,5.0
305,959,4.0
305,965,2.5
305,971,3.5
305,975,3.5
305,981,5.0
305,986,5.0
305,992,1.0
306,18,3.0
306,77,4.0
306,78,5.0
306,109,4.0
306,157,3.0
306,160,4.0
306,226,3.5
306,232,4.0
306,242,3.0
306,250,3.0
306,348,3.0
306,352,3.0
306,361,4.0
306,362,3.5
306,475,3.5
306,495,3.0
306,615,3.0
306,619,4.0
306,623,2.0
306,662,4.0
306,769,3.0
306,793,4.0
306,814,4.0
306,955,3.0
307,0,4.5
307,1,4.5
307,2,4.5
307,3,4.5
307,5,3.0
307,6,4.5
307,8,4.5
307,10,4.0
307,11,3.0
307,12,4.0
307,14,3.0
307,19,4.0
307,20,3.5
307,21,3.5
307,22,3.0
307,27,4.5
307,28,2.5
307,29,4.0
307,35,3.0
307,39,4.0
307,41,3.5
307,42,4.5
307,43,2.0
307,47,4.5
307,48,3.0
307,49,5.0
307,52,3.0
307,55,4.0
307,60,4.0
307,63,4.0
307,67,3.5
307,78,5.0
307,92,3.5
307,95,4.0
307,96,4.0
307,97,3.0
307,98,3.5
307,99,3.0
307,100,4.0
307,101,3.5
307,102,4.0
307,103,5.0
307,105,3.0
307,107,4.0
307,109,5.0
307,111,3.5
307,114,3.0
307,117,4.0
307,120,4.0
307,123,4.0
307,141,4.0
307,143,4.5
307,144,3.5
307,146,3.5
307,147,4.0
307,148,4.0
307,149,3.5
307,151,3.5
307,152,3.5
307,153,4.0
307,154,3.0
307,155,4.5
307,157,2.5
307,158,3.0
307,160,3.0
307,161,3.5
307,162,4.0
307,165,3.0
307,166,3.0
307,169,3.5
307,172,3.0
307,178,4.0
307,210,3.0
307,211,3.0
307,216,3.0
307,217,3.5
307,219,2.5
307,220,3.5
307,221,3.5
307,223,4.0
307,231,3.0
307,234,3.5
307,235,5.0
307,237,4.0
307,239,3.0
307,242,3.0
307,248,4.0
307,249,4.0
307,254,3.5
307,280,4.0
307,353,3.5
307,356,5.0
307,357,3.0
307,362,3.0
307,363,4.5
307,364,3.5
307,365,3.0
307,366,3.0
307,367,3.5
307,368,3.0
307,370,4.0
307,371,3.5
307,372,4.0
307,373,3.0
307,374,3.5
307,375,3.0
307,377,3.5
307,379,4.5
307,381,4.5
307,385,3.0
307,389,3.5
307,396,2.5
307,398,2.0
307,400,3.5
307,403,4.0
307,473,2.0
307,480,5.0
307,482,3.0
307,487,4.0
307,490,2.5
307,491,5.0
307,493,3.5
307,494,3.0
307,495,2.5
307,498,5.0
307,500,3.0
307,503,3.0
307,507,4.0
307,508,3.0
307,510,3.0
307,511,3.5
307,514,3.0
307,522,4.0
307,538,3.5
307,610,4.5
307,611,4.0
307,613,3.5
307,618,4.5
307,619,3.0
307,621,3.5
307,631,4.0
307,632,2.5
307,636,3.0
307,637,2.5
307,641,4.0
307,646,3.5
307,649,3.0
307,656,4.5
307,664,4.0
307,666,2.5
307,672,4.5
307,695,3.0
307,697,2.5
307,762,4.0
307,765,3.5
307,766,3.0
307,770,5.0
307,771,3.0
307,773,2.0
307,774,4.5
307,775,4.5
307,778,2.0
307,779,4.0
307,783,3.0
307,786,2.0
307,787,4.5
307,788,3.5
307,789,4.0
307,796,4.0
307,797,4.0
307,798,3.25
307,800,3.5
307,807,3.0
307,810,3.5
307,811,3.0
307,812,3.5
307,816,2.5
307,821,3.0
307,829,3.0
307,832,3.5
307,834,3.0
307,837,3.0
307,843,4.0
307,847,4.0
307,854,3.0
307,865,4.5
307,893,2.0
307,894,4.0
307,931,3.0
307,932,5.0
307,934,4.0
307,937,3.5
307,939,2.5
307,941,3.5
307,945,3.0
307,948,4.0
307,949,3.0
307,952,2.0
307,955,2.5
307,957,4.5
307,959,4.0
307,965,4.0
307,966,2.5
307,970,2.5
307,972,4.0
307,981,3.0
308,0,1.0
308,1,1.5
308,2,4.0
308,3,1.0
308,4,0.5
308,5,3.5
308,6,1.0
308,9,1.0
308,10,0.5
308,11,3.5
308,12,2.5
308,14,4.0
308,21,3.0
308,22,2.5
308,26,0.5
308,28,1.0
308,41,1.0
308,47,2.5
308,48,3.0
308,53,3.0
308,55,1.0
308,60,1.0
308,61,3.0
308,63,1.0
308,68,1.0
308,75,1.5
308,78,4.0
308,92,1.0
308,94,1.0
308,100,1.0
308,109,3.5
308,144,0.5
308,154,1.0
308,157,0.5
308,160,4.0
308,169,4.0
308,216,3.5
308,226,4.0
308,234,5.0
308,242,4.0
308,249,3.0
308,250,4.5
308,353,4.5
308,358,4.5
308,362,4.0
308,382,1.0
308,388,0.5
308,475,4.0
308,481,4.0
308,482,5.0
308,489,5.0
308,514,3.0
308,649,3.0
308,664,4.0
308,765,5.0
308,769,1.0
308,824,1.0
308,847,1.0
308,977,4.0
309,0,4.0
309,3,4.0
309,4,5.0
309,5,4.5
309,8,3.5
309,11,4.5
309,14,4.0
309,19,2.5
309,21,4.0
309,26,4.5
309,35,4.0
309,38,3.5
309,47,4.5
309,52,3.5
309,53,5.0
309,55,4.0
309,63,4.0
309,84,4.5
309,99,3.0
309,100,4.0
309,111,4.0
309,120,3.5
309,122,4.0
309,124,4.0
309,128,4.0
309,148,4.0
309,157,3.5
309,170,4.5
309,211,4.0
309,235,4.5
309,242,4.0
309,248,3.0
309,253,4.0
309,255,4.0
309,274,5.0
309,279,3.5
309,290,3.5
309,304,2.5
309,373,4.5
309,412,5.0
309,413,4.25
309,414,4.0
309,425,4.5
309,443,4.0
309,504,4.5
309,517,4.0
309,525,3.5
309,527,4.0
309,534,3.0
309,539,4.0
309,552,4.0
309,559,4.5
309,560,3.5
309,648,4.0
309,653,1.5
309,680,4.0
309,688,3.5
309,835,4.0
309,850,4.0
309,856,3.0
309,861,4.0
309,899,5.0
309,917,4.0
309,982,4.0
310,55,5.0
310,63,4.0
310,74,4.0
310,111,5.0
310,155,1.0
310,158,4.0
310,273,5.0
310,379,4.5
310,394,5.0
310,495,3.5
310,769,4.0
310,796,5.0
310,861,5.0
310,869,5.0
311,28,3.0
311,67,4.0
311,71,2.5
311,155,2.5
311,379,1.0
311,394,1.5
311,507,4.0
312,3,5.0
312,12,4.0
312,14,5.0
312,21,3.0
312,22,5.0
312,26,4.0
312,28,4.0
312,29,4.0
312,43,4.0
312,52,5.0
312,53,5.0
312,55,4.0
312,68,4.0
312,71,5.0
312,74,5.0
312,82,5.0
312,92,4.0
312,94,4.0
312,98,5.0
312,100,4.0
312,101,5.0
312,105,5.0
312,111,5.0
312,114,5.0
312,116,5.0
312,146,3.0
312,149,5.0
312,153,4.0
312,154,3.0
312,155,4.0
312,157,4.0
312,161,4.0
312,166,5.0
312,210,5.0
312,211,5.0
312,217,5.0
312,219,4.0
312,221,4.0
312,231,4.0
312,241,4.0
312,272,4.0
312,275,3.0
312,356,4.0
312,357,5.0
312,374,4.0
312,375,3.5
312,376,4.0
312,398,4.0
312,404,4.0
312,410,4.0
312,494,5.0
312,512,4.0
312,526,5.0
312,536,4.0
312,539,4.0
312,552,4.0
312,613,4.0
312,619,4.0
312,629,3.0
312,646,4.0
312,649,4.0
312,687,5.0
312,702,4.0
312,728,4.0
312,771,3.0
312,792,4.0
312,798,4.0
312,828,5.0
312,844,4.0
312,848,4.0
312,894,4.0
312,932,3.0
312,939,4.0
312,949,4.0
312,955,4.0
312,964,3.0
312,981,4.0
313,0,3.0
313,1,5.0
313,6,4.0
313,8,5.0
313,10,5.0
313,11,5.0
313,19,5.0
313,21,5.0
313,22,4.0
313,26,5.0
313,27,5.0
313,28,5.0
313,39,2.0
313,41,5.0
313,43,3.5
313,47,5.0
313,52,3.0
313,53,3.0
313,60,4.0
313,63,5.0
313,67,5.0
313,68,5.0
313,71,4.0
313,74,5.0
313,94,3.0
313,95,4.0
313,98,3.0
313,100,5.0
313,105,5.0
313,114,3.0
313,144,4.0
313,146,3.0
313,154,4.0
313,157,4.0
313,167,2.0
313,169,2.0
313,210,5.0
313,211,3.0
313,217,5.0
313,219,5.0
313,223,4.0
313,231,4.0
313,233,2.0
313,235,3.0
313,265,3.0
313,266,3.0
313,272,1.0
313,353,3.0
313,360,3.0
313,373,4.0
313,374,4.0
313,375,4.0
313,376,3.0
313,379,3.0
313,386,5.0
313,490,1.0
313,494,2.0
313,507,3.0
313,510,3.0
313,512,5.0
313,513,3.0
313,536,2.0
313,541,5.0
313,610,2.0
313,611,3.0
313,613,1.0
313,619,2.0
313,629,5.0
313,636,3.0
313,649,2.0
313,669,4.0
313,687,5.0
313,762,3.0
313,771,5.0
313,773,3.0
313,783,4.0
313,784,5.0
313,785,4.0
313,797,3.0
313,805,3.0
313,831,3.0
313,837,4.0
313,840,4.0
313,843,4.0
313,847,5.0
313,848,4.0
313,888,3.0
313,894,4.0
313,932,4.0
313,939,4.0
313,944,2.0
313,952,1.0
313,959,3.0
313,964,3.0
313,966,3.0
314,0,5.0
314,3,5.0
314,8,1.0
314,12,4.0
314,27,3.0
314,28,5.0
314,47,4.0
314,48,4.0
314,92,4.0
314,94,3.0
314,98,5.0
314,107,3.0
314,146,3.0
314,168,3.0
314,368,2.0
314,372,3.0
314,373,4.0
314,374,3.0
314,385,3.0
314,514,3.0
314,618,3.0
314,649,3.0
314,786,4.0
314,817,4.0
314,848,3.0
314,966,2.0
314,970,3.0
314,987,4.0
315,98,3.0
315,99,5.0
315,111,3.0
315,123,5.0
315,170,4.0
315,249,4.0
315,253,4.0
315,375,3.0
315,379,5.0
315,394,3.0
315,425,3.0
315,525,4.0
315,535,4.0
315,664,3.0
315,696,3.0
315,856,4.0
315,899,3.0
315,981,3.0
316,14,3.0
316,21,4.5
316,95,4.0
316,103,4.0
316,152,4.0
316,377,3.5
316,611,3.0
316,804,3.0
316,932,3.5
316,945,3.5
316,949,3.5
316,955,2.5
317,0,4.0
317,1,5.0
317,2,4.0
317,8,5.0
317,9,4.0
317,10,5.0
317,12,5.0
317,18,3.0
317,19,4.0
317,20,3.0
317,21,4.0
317,26,5.0
317,27,5.0
317,28,4.0
317,29,4.0
317,41,3.0
317,42,5.0
317,46,2.0
317,47,5.0
317,49,5.0
317,52,5.0
317,55,4.0
317,61,4.0
317,67,5.0
317,68,4.0
317,71,5.0
317,74,5.0
317,75,4.0
317,92,5.0
317,93,5.0
317,94,5.0
317,95,5.0
317,96,4.0
317,97,5.0
317,99,3.0
317,100,5.0
317,102,5.0
317,103,4.0
317,105,3.0
317,143,5.0
317,145,4.0
317,147,2.0
317,149,5.0
317,151,4.0
317,152,5.0
317,155,5.0
317,157,2.0
317,161,4.0
317,170,3.0
317,211,3.0
317,212,5.0
317,213,3.0
317,221,5.0
317,223,3.0
317,231,5.0
317,239,5.0
317,254,3.0
317,255,5.0
317,257,3.0
317,349,2.0
317,355,4.0
317,362,2.0
317,363,3.0
317,365,2.0
317,366,3.0
317,367,4.0
317,371,4.0
317,374,4.0
317,377,3.0
317,379,5.0
317,382,4.0
317,480,3.0
317,481,3.0
317,491,3.0
317,493,3.0
317,495,4.0
317,496,4.0
317,500,2.0
317,502,2.0
317,503,4.0
317,511,4.0
317,521,5.0
317,552,3.0
317,604,4.0
317,623,4.0
317,624,3.0
317,628,5.0
317,638,4.0
317,639,3.0
317,646,3.0
317,649,3.0
317,652,4.0
317,654,4.0
317,660,2.0
317,672,4.0
317,684,3.0
317,763,5.0
317,766,4.0
317,767,3.0
317,770,2.0
317,771,5.0
317,774,3.0
317,786,3.0
317,789,4.0
317,802,5.0
317,805,5.0
317,807,4.0
317,809,2.0
317,812,3.0
317,821,4.0
317,827,2.0
317,837,2.0
317,847,4.0
317,942,3.0
317,945,4.0
317,946,3.0
317,960,4.0
317,965,4.0
317,975,3.0
317,990,3.0
318,0,4.0
318,2,4.0
318,3,4.0
318,4,4.0
318,5,3.5
318,8,4.5
318,9,4.0
318,11,4.0
318,12,4.5
318,14,3.5
318,18,5.0
318,20,4.0
318,21,3.5
318,22,3.0
318,26,3.5
318,27,4.0
318,29,4.0
318,39,2.5
318,48,4.5
318,55,4.0
318,57,3.0
318,60,4.0
318,61,3.0
318,64,5.0
318,71,4.0
318,74,4.0
318,75,4.0
318,78,4.5
318,83,4.0
318,85,4.5
318,93,4.0
318,94,4.0
318,95,3.5
318,98,3.5
318,100,4.0
318,101,3.5
318,103,4.5
318,105,4.0
318,109,4.0
318,114,4.0
318,141,4.0
318,143,4.0
318,145,4.5
318,146,4.0
318,148,4.5
318,151,4.0
318,152,3.0
318,154,4.0
318,158,3.5
318,162,3.5
318,165,3.5
318,169,3.5
318,172,3.5
318,190,4.0
318,214,4.0
318,215,3.0
318,216,3.5
318,217,3.5
318,221,4.0
318,223,4.0
318,224,4.0
318,228,4.0
318,230,4.5
318,231,4.0
318,232,4.5
318,234,3.5
318,237,4.5
318,239,4.0
318,241,4.0
318,242,3.5
318,249,2.5
318,250,4.0
318,257,4.0
318,264,4.5
318,266,3.5
318,272,3.5
318,283,4.0
318,292,5.0
318,312,3.0
318,337,3.5
318,346,4.5
318,349,3.5
318,356,3.0
318,358,3.5
318,359,3.0
318,363,2.5
318,365,3.5
318,368,3.5
318,371,4.5
318,373,4.0
318,374,4.5
318,375,3.75
318,379,3.0
318,380,4.0
318,381,3.5
318,382,3.5
318,385,3.5
318,386,5.0
318,387,3.5
318,388,4.0
318,396,4.0
318,404,3.5
318,413,3.5
318,442,4.0
318,446,4.0
318,475,3.5
318,480,3.5
318,481,3.5
318,482,3.0
318,483,4.5
318,485,3.0
318,487,4.0
318,490,3.5
318,491,4.0
318,494,3.5
318,495,3.5
318,496,3.5
318,500,4.0
318,502,3.0
318,503,4.0
318,506,4.0
318,507,4.0
318,510,3.0
318,512,3.5
318,521,3.5
318,522,4.0
318,536,3.5
318,592,4.0
318,604,3.5
318,606,4.5
318,610,3.5
318,612,3.0
318,614,4.0
318,621,4.0
318,624,4.0
318,627,3.5
318,628,3.5
318,630,4.0
318,631,4.5
318,635,3.0
318,639,3.5
318,648,3.5
318,652,4.5
318,655,3.5
318,656,4.0
318,659,3.5
318,669,4.0
318,670,4.0
318,672,3.5
318,676,4.0
318,695,3.5
318,702,2.75
318,763,3.0
318,765,3.0
318,766,4.0
318,767,4.0
318,770,3.5
318,780,3.5
318,781,4.0
318,784,3.5
318,785,4.0
318,789,4.0
318,791,4.0
318,796,4.0
318,804,4.5
318,805,4.0
318,809,4.0
318,810,4.0
318,812,4.0
318,822,4.0
318,827,4.0
318,831,3.5
318,837,4.0
318,838,3.5
318,844,4.0
318,847,4.5
318,849,5.0
318,854,4.0
318,855,3.0
318,859,5.0
318,868,4.0
318,874,4.0
318,877,4.0
318,885,4.0
318,886,3.5
318,890,4.0
318,896,4.5
318,898,3.5
318,931,3.0
318,933,5.0
318,934,3.5
318,937,3.5
318,939,3.0
318,940,4.0
318,942,4.0
318,944,4.0
318,945,4.0
318,946,3.5
318,951,3.5
318,953,3.0
318,959,3.5
318,960,5.0
318,961,3.5
318,966,3.5
318,969,3.5
318,970,3.5
318,972,3.5
318,977,4.0
318,991,3.5
318,992,4.0
318,994,3.5
319,0,4.5
319,1,5.0
319,2,5.0
319,3,5.0
319,6,5.0
319,9,5.0
319,10,4.0
319,12,4.0
319,18,5.0
319,21,5.0
319,44,5.0
319,48,5.0
319,53,4.5
319,78,5.0
319,92,4.5
319,160,3.5
319,350,4.5
319,352,3.5
319,359,4.0
319,361,4.5
319,372,5.0
319,380,4.0
319,385,4.0
319,478,3.5
319,635,3.5
319,662,4.5
319,961,4.0
319,977,3.5
320,41,3.5
320,473,0.5
320,475,4.0
320,480,4.0
320,481,4.0
321,12,5.0
321,27,4.0
321,28,3.0
321,48,4.0
321,146,4.0
321,372,3.0
321,385,3.0
321,649,3.0
321,778,3.0
321,786,4.0
321,966,3.0
322,0,4.0
322,1,1.5
322,2,3.5
322,4,4.0
322,6,1.0
322,8,5.0
322,10,4.0
322,11,3.5
322,12,3.5
322,20,2.5
322,21,4.0
322,35,4.0
322,41,4.0
322,47,4.0
322,53,5.0
322,60,3.5
322,67,2.5
322,74,4.0
322,75,5.0
322,92,3.5
322,95,4.5
322,101,3.0
322,103,4.0
322,107,3.5
322,146,3.5
322,148,3.5
322,151,1.0
322,152,4.0
322,157,4.0
322,161,3.5
322,162,3.0
322,169,5.0
322,231,4.5
322,239,3.5
322,249,2.5
322,278,4.5
322,373,4.0
322,379,3.0
322,396,3.0
322,413,3.5
322,473,1.0
322,495,2.0
322,508,2.5
322,512,3.5
322,522,4.0
322,550,3.5
322,610,3.0
322,631,4.5
322,636,3.0
322,638,3.5
322,661,3.5
322,707,3.0
322,766,3.5
322,777,5.0
322,778,3.5
322,784,5.0
322,786,4.0
322,804,3.5
322,821,3.0
322,837,0.5
322,945,3.5
322,952,3.5
323,0,5.0
323,3,4.5
323,5,2.5
323,8,4.0
323,12,3.5
323,18,3.5
323,21,3.0
323,22,4.5
323,43,3.0
323,47,4.5
323,48,4.0
323,63,2.5
323,92,2.0
323,107,3.5
323,146,3.5
323,213,3.0
323,214,2.0
323,262,4.0
323,348,4.0
323,349,4.5
323,366,2.5
323,372,4.0
323,374,2.5
323,509,3.5
323,514,4.0
323,624,4.0
323,649,3.5
323,655,1.5
323,662,3.5
323,777,3.5
323,786,3.5
323,792,2.5
323,799,4.5
323,810,3.5
323,817,3.5
323,820,4.0
323,824,3.5
323,976,1.5
323,985,3.0
324,1,4.0
324,96,3.0
324,231,5.0
324,353,3.0
324,491,4.0
324,537,4.0
325,0,5.0
325,1,5.0
325,8,5.0
325,11,5.0
325,12,2.0
325,22,4.0
325,27,5.0
325,29,3.0
325,39,4.0
325,52,3.5
325,55,5.0
325,60,4.0
325,84,4.0
325,94,4.0
325,98,5.0
325,99,4.0
325,119,4.0
325,122,4.0
325,128,5.0
325,148,3.0
325,149,5.0
325,154,4.0
325,157,4.0
325,175,5.0
325,211,5.0
325,217,5.0
325,223,5.0
325,235,4.0
325,241,5.0
325,254,5.0
325,306,4.0
325,353,3.0
325,367,4.0
325,374,4.0
325,375,2.0
325,387,5.0
325,394,3.0
325,398,5.0
325,404,4.0
325,410,4.0
325,430,5.0
325,473,4.0
325,486,4.0
325,493,4.0
325,512,5.0
325,535,4.0
325,536,4.0
325,549,5.0
325,552,5.0
325,610,3.0
325,619,4.0
325,634,4.0
325,664,4.0
325,669,4.0
325,694,4.0
325,695,5.0
325,702,4.0
325,722,4.0
325,769,2.5
325,777,3.0
325,784,4.0
325,811,3.0
325,821,4.0
325,847,3.0
325,879,5.0
325,896,4.0
325,940,3.0
325,949,4.0
325,952,3.0
325,981,4.0
326,0,4.5
326,3,4.5
326,5,4.0
326,8,4.0
326,9,4.5
326,10,4.0
326,11,4.0
326,12,5.0
326,14,4.0
326,18,3.0
326,20,4.5
326,21,3.5
326,26,3.5
326,27,4.5
326,29,4.5
326,41,5.0
326,42,5.0
326,46,5.0
326,47,2.0
326,49,4.5
326,60,3.5
326,64,4.5
326,75,4.5
326,92,5.0
326,93,4.0
326,95,3.5
326,96,4.5
326,103,4.5
326,110,4.0
326,143,4.5
326,145,4.5
326,152,5.0
326,158,4.5
326,214,3.0
326,224,2.0
326,234,4.5
326,237,5.0
326,240,4.5
326,251,4.5
326,255,3.5
326,257,3.5
326,275,4.0
326,278,5.0
326,349,4.5
326,350,5.0
326,351,4.0
326,363,2.0
326,380,3.5
326,381,5.0
326,382,4.5
326,388,5.0
326,391,3.5
326,406,4.5
326,407,3.0
326,493,5.0
326,496,4.5
326,500,4.5
326,521,3.0
326,592,4.0
326,604,4.0
326,628,3.75
326,643,1.5
326,654,4.5
326,660,3.0
326,672,5.0
326,674,3.5
326,678,3.0
326,691,4.5
326,692,4.5
326,732,4.0
326,752,4.5
326,771,3.0
326,807,5.0
326,808,3.0
326,812,3.75
326,838,4.5
326,886,3.5
326,887,4.5
326,902,4.0
326,920,4.5
326,946,1.0
326,966,4.0
326,986,4.5
326,990,3.5
326,992,4.0
327,0,4.5
327,1,3.5
327,2,3.5
327,6,4.0
327,12,5.0
327,19,4.5
327,20,4.0
327,35,5.0
327,42,4.5
327,47,4.5
327,49,4.5
327,60,4.5
327,394,5.0
327,491,4.0
327,508,4.0
327,621,3.5
327,786,4.5
328,0,5.0
328,1,5.0
328,2,2.0
328,3,5.0
328,4,5.0
328,5,4.0
328,6,5.0
328,8,5.0
328,9,1.5
328,10,5.0
328,12,3.0
328,14,4.0
328,19,4.5
328,20,5.0
328,21,2.0
328,22,5.0
328,26,2.5
328,28,1.0
328,35,5.0
328,39,4.0
328,42,3.5
328,47,4.0
328,48,1.5
328,49,3.0
328,52,5.0
328,53,1.0
328,55,3.5
328,61,1.0
328,63,5.0
328,64,3.0
328,67,4.0
328,68,4.0
328,71,4.0
328,72,4.0
328,74,5.0
328,78,3.5
328,92,1.0
328,93,4.5
328,96,3.0
328,98,4.0
328,100,5.0
328,101,4.5
328,105,3.0
328,107,5.0
328,109,4.5
328,112,5.0
328,114,4.0
328,118,0.5
328,141,1.0
328,143,4.5
328,144,4.0
328,146,2.0
328,148,3.5
328,149,2.0
328,151,4.0
328,154,1.0
328,157,2.0
328,158,0.5
328,162,2.0
328,166,2.0
328,169,5.0
328,170,4.0
328,210,2.0
328,211,5.0
328,214,3.0
328,216,3.5
328,220,3.0
328,221,3.5
328,223,3.5
328,224,4.0
328,231,5.0
328,232,3.0
328,235,3.0
328,249,5.0
328,251,3.0
328,266,5.0
328,348,1.0
328,351,3.5
328,353,4.0
328,356,1.0
328,361,2.0
328,362,5.0
328,364,4.0
328,365,2.0
328,372,3.5
328,373,3.0
328,376,5.0
328,377,5.0
328,379,3.0
328,380,3.0
328,381,2.0
328,382,3.0
328,385,3.0
328,388,4.0
328,475,3.5
328,478,4.0
328,480,3.0
328,481,4.0
328,482,4.0
328,490,5.0
328,493,4.0
328,494,5.0
328,495,4.5
328,502,3.0
328,507,3.0
328,508,3.0
328,510,4.5
328,514,2.0
328,573,4.5
328,606,4.0
328,610,2.5
328,611,5.0
328,612,3.0
328,613,3.0
328,621,5.0
328,623,1.0
328,625,4.0
328,628,1.0
328,630,3.0
328,631,2.0
328,635,2.5
328,636,2.0
328,642,3.5
328,643,3.0
328,646,5.0
328,649,2.5
328,664,5.0
328,679,3.0
328,696,4.0
328,762,3.5
328,769,3.0
328,770,1.0
328,773,5.0
328,781,4.0
328,786,3.0
328,790,0.5
328,793,2.0
328,797,4.5
328,800,3.0
328,804,5.0
328,807,3.5
328,811,2.0
328,837,1.0
328,840,3.5
328,848,4.0
328,874,5.0
328,931,4.0
328,934,3.0
328,951,2.5
328,953,1.5
328,954,1.5
328,959,1.5
328,960,1.0
328,961,3.0
328,969,2.5
328,970,4.0
328,977,3.5
328,981,4.0
329,0,2.0
329,1,2.0
329,20,4.0
329,27,2.0
329,47,2.0
329,52,2.0
329,67,5.0
329,74,3.0
329,101,0.5
329,102,0.5
329,166,2.0
329,169,0.5
329,223,0.5
329,239,4.5
329,531,5.0
330,0,4.5
330,1,4.0
330,2,5.0
330,5,4.0
330,8,4.0
330,9,5.0
330,10,4.0
330,11,3.5
330,12,5.0
330,14,4.0
330,19,3.5
330,20,4.0
330,21,3.5
330,22,5.0
330,26,3.5
330,27,5.0
330,28,3.5
330,29,4.0
330,39,4.0
330,41,4.0
330,42,4.5
330,43,3.75
330,46,3.5
330,47,5.0
330,48,3.0
330,49,4.0
330,52,3.5
330,55,3.5
330,60,5.0
330,63,3.5
330,67,4.0
330,68,4.0
330,71,2.5
330,72,4.5
330,74,4.5
330,78,5.0
330,92,3.5
330,93,5.0
330,95,4.5
330,96,4.5
330,98,1.5
330,99,4.0
330,100,2.5
330,101,4.0
330,102,3.5
330,103,3.5
330,105,5.0
330,107,4.0
330,114,5.0
330,141,3.0
330,144,3.5
330,146,2.0
330,148,3.5
330,149,3.5
330,151,4.5
330,152,5.0
330,155,3.5
330,157,4.0
330,160,4.5
330,168,4.5
330,169,4.5
330,211,4.0
330,217,2.0
330,219,2.5
330,220,5.0
330,221,4.0
330,223,5.0
330,231,4.0
330,233,3.0
330,234,4.5
330,235,4.5
330,239,4.0
330,242,5.0
330,248,3.0
330,249,4.5
330,257,4.0
330,353,4.5
330,356,4.5
330,362,4.5
330,365,4.0
330,368,4.0
330,372,3.0
330,373,4.5
330,374,5.0
330,376,4.0
330,377,5.0
330,385,2.5
330,398,5.0
330,473,3.5
330,486,5.0
330,487,4.0
330,493,2.0
330,494,4.0
330,495,4.5
330,498,5.0
330,502,4.0
330,507,4.0
330,508,4.5
330,512,3.5
330,514,5.0
330,610,5.0
330,611,5.0
330,613,3.0
330,618,5.0
330,619,4.0
330,636,4.0
330,638,5.0
330,649,2.5
330,664,4.0
330,685,5.0
330,692,4.0
330,695,1.5
330,769,3.5
330,773,4.0
330,778,3.5
330,783,4.0
330,786,3.0
330,800,2.5
330,811,4.0
330,818,4.0
330,821,5.0
330,837,4.5
330,847,4.5
330,931,4.5
330,932,3.5
330,939,2.5
330,940,4.0
330,945,5.0
330,949,3.5
330,970,3.0
330,972,1.0
330,986,5.0
331,0,5.0
331,1,5.0
331,2,5.0
331,5,4.5
331,8,5.0
331,9,4.0
331,10,4.0
331,11,4.5
331,14,4.5
331,19,5.0
331,27,5.0
331,41,4.5
331,44,5.0
331,47,5.0
331,61,4.0
331,64,5.0
331,77,4.0
331,103,4.0
331,112,4.0
331,140,3.5
331,141,4.0
331,143,5.0
331,147,5.0
331,152,4.0
331,158,4.5
331,160,4.0
331,165,5.0
331,169,4.5
331,213,5.0
331,214,5.0
331,215,5.0
331,216,3.0
331,224,4.0
331,226,4.0
331,231,5.0
331,242,3.0
331,255,3.5
331,278,4.0
331,348,3.0
331,349,4.0
331,351,4.0
331,352,5.0
331,359,4.0
331,362,4.0
331,364,4.5
331,377,3.0
331,381,3.5
331,388,4.0
331,476,2.5
331,481,4.0
331,491,4.5
331,493,4.0
331,495,3.0
331,496,5.0
331,498,5.0
331,500,5.0
331,604,5.0
331,605,4.0
331,621,4.0
331,627,3.0
331,628,5.0
331,631,5.0
331,639,4.0
331,642,4.0
331,643,3.0
331,648,4.0
331,651,4.0
331,656,4.0
331,659,4.0
331,672,4.0
331,763,2.0
331,764,3.5
331,767,4.0
331,769,4.0
331,782,5.0
331,787,5.0
331,788,2.5
331,790,5.0
331,796,5.0
331,807,3.0
331,932,5.0
331,934,5.0
331,935,4.0
331,938,4.0
331,941,3.0
331,948,3.0
332,0,4.5
332,2,4.0
332,3,4.0
332,4,4.0
332,5,4.0
332,8,4.0
332,9,4.0
332,10,4.5
332,11,4.0
332,12,4.5
332,14,4.0
332,19,4.0
332,21,5.0
332,22,4.5
332,26,4.0
332,27,4.5
332,28,3.5
332,38,3.5
332,39,4.0
332,41,3.5
332,43,4.5
332,47,4.0
332,49,3.5
332,53,4.5
332,55,4.5
332,60,5.0
332,67,3.5
332,68,4.0
332,71,4.0
332,72,4.5
332,74,4.5
332,83,4.5
332,92,3.5
332,93,3.5
332,95,4.5
332,100,4.0
332,101,4.0
332,102,3.5
332,103,3.5
332,107,4.0
332,111,4.5
332,112,4.0
332,114,3.5
332,122,4.0
332,141,4.0
332,143,4.0
332,144,4.0
332,146,3.5
332,147,4.0
332,148,4.5
332,149,4.0
332,151,4.0
332,152,4.0
332,155,3.5
332,157,4.5
332,158,4.0
332,161,4.0
332,162,3.0
332,165,4.0
332,172,4.5
332,200,4.0
332,216,4.5
332,217,5.0
332,219,4.0
332,223,4.0
332,231,4.0
332,358,2.5
332,362,3.5
332,363,3.5
332,365,4.0
332,367,4.5
332,368,4.5
332,371,4.0
332,373,5.0
332,374,2.5
332,377,3.5
332,388,3.5
332,397,3.5
332,449,4.5
332,475,4.0
332,480,3.5
332,494,3.5
332,495,4.5
332,498,4.0
332,507,3.0
332,511,3.5
332,512,3.0
332,522,3.5
332,536,3.5
332,563,4.5
332,613,3.0
332,628,1.0
332,629,4.0
332,631,4.0
332,638,3.5
332,648,3.5
332,669,2.0
332,722,4.5
332,766,3.5
332,769,3.5
332,770,4.0
332,771,3.0
332,784,3.5
332,786,3.5
332,788,3.5
332,796,4.0
332,797,3.0
332,812,4.5
332,818,4.0
332,837,3.5
332,861,3.5
332,871,4.0
332,874,4.0
332,894,3.5
332,933,4.0
332,940,2.5
332,942,3.0
332,949,3.5
332,951,4.0
332,956,3.5
332,957,3.5
332,963,3.5
332,969,4.0
332,972,3.5
333,20,5.0
333,41,4.0
333,98,2.0
333,135,1.0
333,539,3.0
333,810,3.0
334,0,3.5
334,2,3.0
334,5,3.5
334,8,4.0
334,10,3.5
334,11,3.5
334,12,4.0
334,14,3.5
334,21,4.0
334,22,4.0
334,28,4.0
334,38,3.5
334,39,3.5
334,41,4.0
334,43,3.5
334,48,4.0
334,60,3.5
334,63,3.5
334,67,3.5
334,74,3.5
334,78,3.5
334,103,4.0
334,107,3.5
334,114,3.5
334,120,3.5
334,143,3.0
334,144,3.5
334,145,2.5
334,146,3.0
334,157,4.0
334,160,4.0
334,165,4.0
334,169,4.0
334,219,3.5
334,226,4.0
334,237,3.5
334,242,3.5
334,250,4.0
334,274,3.5
334,275,3.5
334,278,2.0
334,356,3.5
334,362,3.5
334,364,2.5
334,365,3.5
334,371,4.0
334,373,4.0
334,382,3.5
334,385,3.5
334,475,3.5
334,480,3.5
334,483,4.0
334,493,3.5
334,495,4.5
334,498,3.0
334,537,1.5
334,618,3.5
334,627,3.5
334,631,3.0
334,656,3.5
334,661,4.0
334,672,3.5
334,674,3.5
334,676,2.0
334,769,3.5
334,770,4.0
334,778,3.0
334,784,3.0
334,796,4.0
334,804,4.0
334,837,4.0
334,839,3.5
334,844,3.5
334,931,3.5
334,932,2.5
334,935,0.5
334,940,4.0
334,948,3.5
334,951,3.5
334,953,3.0
334,955,3.5
335,0,5.0
335,8,5.0
335,12,4.0
335,21,5.0
335,22,5.0
335,27,3.5
335,28,5.0
335,47,5.0
335,92,4.0
335,487,3.5
335,797,4.5
335,952,3.0
336,0,5.0
336,1,4.0
336,3,4.0
336,5,4.5
336,8,5.0
336,10,4.5
336,12,4.5
336,21,5.0
336,26,4.0
336,27,5.0
336,28,5.0
336,29,4.5
336,47,5.0
336,49,4.5
336,92,4.0
336,94,4.0
336,95,5.0
336,97,4.0
336,107,4.0
336,157,4.5
336,234,4.5
336,242,5.0
336,363,4.0
336,406,4.5
336,510,4.0
336,544,3.5
336,777,4.0
336,779,4.5
336,784,3.5
336,786,4.0
336,821,5.0
336,945,5.0
336,949,5.0
337,0,5.0
337,47,3.0
337,92,5.0
337,94,5.0
337,107,4.0
337,114,5.0
337,155,4.0
337,239,4.0
337,374,4.0
337,486,5.0
337,573,4.0
337,611,5.0
337,618,3.0
337,779,5.0
337,817,4.0
337,987,3.0
338,0,5.0
338,1,4.5
338,3,5.0
338,4,5.0
338,5,2.5
338,6,5.0
338,8,4.5
338,10,4.5
338,14,3.0
338,27,4.0
338,47,4.5
338,77,2.5
338,152,4.5
338,230,5.0
338,278,3.5
338,346,1.0
338,484,1.0
338,651,1.5
338,661,3.5
338,768,1.5
338,938,1.0
338,949,2.0
339,0,4.0
339,1,4.5
339,2,3.0
339,3,5.0
339,4,4.0
339,5,4.0
339,6,4.5
339,8,2.5
339,9,5.0
339,10,4.0
339,11,3.5
339,12,4.0
339,14,4.0
339,18,5.0
339,19,4.5
339,20,5.0
339,26,5.0
339,27,5.0
339,29,5.0
339,38,5.0
339,39,4.0
339,41,5.0
339,42,4.5
339,43,4.0
339,46,5.0
339,48,4.0
339,52,4.0
339,55,4.5
339,58,4.0
339,60,4.5
339,61,3.0
339,63,5.0
339,64,3.0
339,67,5.0
339,74,5.0
339,75,4.5
339,78,4.5
339,82,4.5
339,93,3.5
339,94,4.0
339,95,5.0
339,96,3.5
339,98,5.0
339,101,5.0
339,102,4.5
339,103,4.5
339,106,5.0
339,107,4.0
339,109,3.0
339,112,4.0
339,120,4.5
339,140,5.0
339,141,3.5
339,143,5.0
339,144,4.0
339,145,5.0
339,146,4.0
339,147,5.0
339,148,4.5
339,149,4.0
339,153,4.25
339,155,4.5
339,157,4.5
339,158,5.0
339,160,4.0
339,161,5.0
339,162,4.0
339,165,2.5
339,166,4.5
339,200,5.0
339,210,4.0
339,212,4.5
339,213,3.5
339,214,4.0
339,216,3.0
339,217,5.0
339,220,5.0
339,221,5.0
339,223,5.0
339,224,2.5
339,231,5.0
339,232,5.0
339,237,3.5
339,242,4.0
339,250,2.0
339,251,4.0
339,257,4.0
339,278,3.5
339,346,4.5
339,347,5.0
339,349,4.0
339,350,4.0
339,351,4.5
339,352,2.0
339,356,4.5
339,357,5.0
339,358,3.0
339,362,4.0
339,367,4.5
339,370,5.0
339,373,5.0
339,374,3.0
339,379,3.0
339,380,4.0
339,381,4.0
339,382,5.0
339,396,4.0
339,473,4.0
339,475,3.0
339,476,3.5
339,478,3.5
339,480,3.5
339,481,4.0
339,482,2.5
339,494,3.5
339,495,4.0
339,498,3.0
339,500,3.0
339,502,3.0
339,505,5.0
339,506,4.0
339,509,4.5
339,536,3.5
339,539,4.5
339,543,4.5
339,598,5.0
339,604,3.5
339,606,4.5
339,612,4.5
339,619,2.5
339,621,2.5
339,623,3.0
339,624,4.0
339,625,4.0
339,627,4.5
339,628,5.0
339,633,4.0
339,638,5.0
339,642,3.5
339,648,4.5
339,649,4.0
339,652,5.0
339,654,4.5
339,656,5.0
339,660,3.5
339,669,5.0
339,676,4.5
339,678,3.5
339,690,5.0
339,691,4.5
339,745,3.5
339,765,2.5
339,766,5.0
339,770,3.5
339,771,4.5
339,773,3.5
339,781,2.5
339,784,4.0
339,786,4.0
339,787,5.0
339,788,4.5
339,790,3.5
339,796,4.0
339,802,3.5
339,805,4.0
339,808,4.0
339,809,4.0
339,816,5.0
339,821,4.0
339,822,4.5
339,828,4.0
339,836,4.5
339,846,5.0
339,854,3.5
339,864,5.0
339,872,3.0
339,888,4.5
339,931,2.5
339,932,5.0
339,934,4.5
339,935,3.0
339,940,2.5
339,945,4.5
339,946,4.5
339,949,5.0
339,954,4.5
339,955,5.0
339,958,4.0
339,960,4.5
339,969,4.5
339,978,5.0
339,989,4.5
339,990,4.0
340,0,5.0
340,8,4.0
340,12,3.0
340,28,4.0
340,92,5.0
340,146,5.0
340,368,5.0
340,385,4.0
340,649,5.0
340,786,5.0
340,966,4.0
341,12,3.5
341,39,3.5
341,107,5.0
341,145,5.0
341,146,2.0
341,154,4.0
341,214,4.0
341,232,4.0
341,370,4.0
341,764,4.0
341,770,2.5
341,782,4.0
341,945,4.5
342,10,4.0
342,39,4.0
342,63,4.0
342,811,3.0
342,847,5.0
342,972,3.0
342,984,5.0
343,0,4.5
343,1,3.0
343,3,5.0
343,4,4.5
343,5,4.5
343,6,3.0
343,8,4.5
343,10,5.0
343,11,5.0
343,14,5.0
343,19,5.0
343,21,5.0
343,22,3.0
343,27,4.5
343,42,4.5
343,43,4.0
343,47,4.5
343,49,4.0
343,60,5.0
343,63,4.5
343,68,3.5
343,95,4.0
343,100,4.5
343,143,4.5
343,161,4.0
343,165,2.0
343,217,4.5
343,226,3.5
343,356,4.5
343,362,4.5
343,621,4.0
343,656,2.5
343,839,4.0
343,934,5.0
344,0,5.0
344,12,5.0
344,21,5.0
344,26,4.0
344,29,5.0
344,39,5.0
344,43,1.0
344,60,1.5
344,78,3.5
344,92,4.5
344,95,5.0
344,96,0.5
344,109,5.0
344,114,5.0
344,151,4.0
344,157,3.0
344,221,4.0
344,348,5.0
344,356,2.0
344,358,4.5
344,367,3.0
344,373,5.0
344,478,4.0
344,480,4.5
344,491,3.0
344,493,4.0
344,495,5.0
344,499,5.0
344,638,3.0
344,771,2.0
344,778,5.0
344,793,4.0
344,933,5.0
344,955,1.0
345,4,5.0
345,43,5.0
345,68,4.5
345,95,4.0
345,98,4.0
345,182,5.0
345,374,3.5
345,420,4.0
345,504,4.0
345,522,4.0
345,536,3.5
345,694,5.0
345,703,4.0
345,773,4.0
345,844,4.0
345,861,4.0
345,879,4.5
346,1,4.0
346,3,3.5
346,6,3.5
346,8,3.5
346,10,3.5
346,20,4.0
346,46,4.0
346,47,4.0
346,52,5.0
346,53,4.5
346,55,4.5
346,67,3.5
346,71,4.5
346,72,4.0
346,74,4.5
346,75,4.0
346,95,4.5
346,96,3.0
346,97,3.5
346,101,4.0
346,102,3.5
346,116,4.0
346,117,4.0
346,146,2.5
346,149,4.0
346,152,4.0
346,157,3.5
346,161,3.5
346,165,4.5
346,166,4.5
346,210,4.0
346,219,2.5
346,231,3.0
346,239,3.5
346,268,4.0
346,271,4.5
346,272,4.0
346,273,3.5
346,333,4.0
346,356,4.0
346,357,4.5
346,363,2.5
346,367,4.5
346,377,4.0
346,384,4.5
346,389,4.5
346,396,4.5
346,408,4.0
346,413,3.0
346,430,4.5
346,455,3.5
346,526,4.0
346,537,3.5
346,610,4.0
346,631,4.0
346,685,4.0
346,705,4.0
346,712,3.5
346,715,4.5
346,784,2.5
346,785,3.5
346,796,3.5
346,810,3.5
346,817,4.0
346,830,3.0
346,837,2.5
346,864,4.5
346,898,3.5
346,932,3.5
346,956,3.0
346,972,4.0
346,981,3.5
347,12,4.0
347,28,3.0
347,48,4.0
347,92,3.0
347,107,5.0
347,146,4.0
347,368,3.0
347,372,4.0
347,374,3.0
347,385,4.0
347,649,4.0
347,786,4.0
347,966,3.0
348,0,5.0
348,1,5.0
348,2,4.5
348,3,5.0
348,6,5.0
348,8,5.0
348,9,5.0
348,10,5.0
348,11,5.0
348,14,5.0
348,19,4.5
348,22,5.0
348,27,5.0
348,47,5.0
348,49,5.0
348,53,5.0
348,60,5.0
348,71,5.0
348,74,4.5
348,95,5.0
348,116,5.0
348,149,5.0
348,169,4.5
348,217,5.0
348,231,5.0
348,274,4.5
348,368,4.0
348,536,4.0
348,544,4.5
348,674,4.0
348,871,5.0
348,922,5.0
348,987,4.5
348,992,4.5
349,3,4.0
349,8,4.0
349,12,5.0
349,27,5.0
349,28,4.0
349,48,4.0
349,146,3.0
349,368,4.0
349,372,4.0
349,385,3.0
349,486,3.0
349,573,3.0
349,778,3.0
349,810,4.0
349,966,4.0
349,985,5.0
350,1,3.0
350,107,4.0
350,114,4.0
350,231,3.0
350,374,4.0
350,611,3.0
350,817,2.0
350,987,3.0
351,2,3.5
351,5,4.0
351,8,4.5
351,9,4.0
351,10,4.0
351,11,4.0
351,12,4.5
351,14,4.0
351,20,3.5
351,21,4.0
351,27,4.5
351,38,4.0
351,42,5.0
351,60,4.0
351,78,4.0
351,93,3.5
351,96,5.0
351,97,4.5
351,102,3.5
351,103,3.5
351,110,5.0
351,143,4.0
351,146,4.0
351,152,3.0
351,157,4.0
351,158,4.5
351,160,3.0
351,216,4.0
351,221,4.0
351,238,4.0
351,239,4.5
351,255,3.5
351,355,4.5
351,356,3.5
351,366,4.0
351,382,3.5
351,473,4.0
351,475,2.5
351,496,3.5
351,604,4.0
351,605,4.0
351,611,4.0
351,616,4.5
351,623,4.5
351,628,4.0
351,643,4.5
351,769,4.0
351,770,3.5
351,808,3.0
351,816,4.0
351,825,3.5
351,865,3.5
351,920,4.0
351,937,4.0
351,941,4.5
351,946,4.0
351,951,3.5
351,955,3.5
351,958,4.0
351,971,4.5
352,0,5.0
352,2,3.5
352,3,5.0
352,5,5.0
352,8,5.0
352,9,5.0
352,10,5.0
352,11,5.0
352,12,5.0
352,14,5.0
352,18,5.0
352,19,3.5
352,21,4.5
352,22,4.0
352,26,4.5
352,27,4.0
352,29,5.0
352,38,3.5
352,41,4.0
352,42,4.5
352,43,5.0
352,44,4.0
352,46,5.0
352,47,5.0
352,49,4.5
352,60,5.0
352,61,4.0
352,63,4.0
352,64,4.5
352,67,5.0
352,68,4.0
352,78,5.0
352,93,5.0
352,95,5.0
352,97,3.5
352,98,4.0
352,100,5.0
352,101,3.5
352,105,4.0
352,109,4.0
352,140,5.0
352,143,3.0
352,145,5.0
352,148,3.0
352,151,5.0
352,153,5.0
352,157,4.0
352,162,4.0
352,165,3.0
352,210,4.5
352,212,5.0
352,213,4.0
352,215,3.5
352,216,4.0
352,217,4.5
352,223,4.0
352,224,4.0
352,255,4.0
352,257,5.0
352,350,5.0
352,351,5.0
352,352,2.5
352,355,2.0
352,363,3.0
352,368,5.0
352,381,5.0
352,388,3.0
352,418,4.0
352,473,4.0
352,475,5.0
352,476,3.0
352,478,5.0
352,480,3.0
352,495,3.0
352,503,4.5
352,506,4.0
352,536,3.5
352,612,4.0
352,628,4.0
352,630,5.0
352,639,4.0
352,642,4.0
352,643,3.0
352,650,5.0
352,654,4.0
352,662,4.5
352,702,3.0
352,764,4.0
352,765,4.0
352,766,4.5
352,775,3.0
352,780,4.5
352,781,4.0
352,782,4.5
352,784,4.5
352,802,5.0
352,805,4.0
352,809,4.0
352,837,3.0
352,854,4.0
352,932,4.0
352,937,4.0
352,940,3.5
352,948,3.5
352,953,4.0
352,969,4.0
353,0,5.0
353,8,5.0
353,27,5.0
353,48,4.0
353,92,3.0
353,94,4.0
353,107,5.0
353,368,4.0
353,372,3.0
353,374,5.0
353,385,4.0
353,486,4.0
353,511,4.0
353,618,4.0
353,649,5.0
353,847,5.0
353,966,5.0
354,0,4.5
354,1,4.0
354,3,4.0
354,8,4.5
354,10,4.5
354,12,4.5
354,21,4.0
354,22,4.0
354,26,3.5
354,27,4.0
354,28,4.5
354,29,3.5
354,39,4.0
354,41,3.5
354,42,4.0
354,43,4.0
354,47,4.5
354,49,4.5
354,52,4.0
354,71,3.5
354,72,4.5
354,74,3.0
354,95,4.0
354,96,4.0
354,97,4.0
354,98,3.5
354,100,4.0
354,102,4.5
354,103,4.0
354,105,3.5
354,111,4.0
354,114,4.0
354,116,4.0
354,146,4.0
354,148,4.5
354,149,4.0
354,152,4.5
354,154,4.0
354,157,3.5
354,158,4.0
354,162,3.5
354,210,4.0
354,219,4.0
354,221,4.0
354,223,4.0
354,233,4.0
354,249,4.0
354,255,4.0
354,356,4.5
354,360,3.5
354,362,4.0
354,364,4.5
354,365,4.0
354,371,4.5
354,372,3.5
354,373,4.0
354,374,4.0
354,377,4.0
354,473,4.0
354,493,4.0
354,494,4.0
354,495,4.0
354,536,2.0
354,610,4.0
354,613,3.0
354,619,4.0
354,629,4.0
354,649,3.5
354,769,3.5
354,777,3.5
354,778,3.0
354,784,3.5
354,786,4.0
354,789,4.0
354,800,4.0
354,804,3.5
354,807,4.0
354,811,4.0
354,812,4.5
354,837,3.5
354,840,4.0
354,935,4.0
354,937,3.5
354,939,4.5
354,940,4.0
354,941,3.5
354,945,4.0
354,949,3.5
354,953,4.0
354,959,3.5
354,964,3.5
354,966,4.0
354,981,4.0
355,63,5.0
355,146,3.0
355,172,4.0
355,403,4.0
355,473,4.0
355,987,4.0
356,0,4.5
356,2,5.0
356,5,3.5
356,10,5.0
356,11,3.5
356,12,4.0
356,14,3.5
356,21,4.0
356,26,4.0
356,29,4.0
356,39,5.0
356,41,4.0
356,42,4.0
356,47,3.5
356,53,5.0
356,60,5.0
356,63,4.0
356,71,5.0
356,78,3.5
356,95,4.0
356,96,5.0
356,97,4.5
356,100,5.0
356,101,4.0
356,103,5.0
356,105,4.5
356,122,4.0
356,128,5.0
356,141,5.0
356,144,4.5
356,148,3.0
356,151,4.5
356,154,3.0
356,157,4.0
356,158,3.5
356,162,3.5
356,169,4.0
356,216,3.0
356,217,4.5
356,220,3.5
356,221,3.5
356,223,5.0
356,234,5.0
356,239,4.0
356,353,4.0
356,356,5.0
356,363,3.5
356,364,4.0
356,367,4.0
356,373,4.0
356,377,3.5
356,379,5.0
356,382,4.0
356,384,4.0
356,403,4.5
356,490,5.0
356,491,5.0
356,493,3.5
356,496,4.0
356,498,5.0
356,500,5.0
356,507,4.0
356,536,2.5
356,538,4.0
356,541,4.5
356,549,4.5
356,610,3.5
356,613,4.5
356,618,4.5
356,619,5.0
356,621,4.5
356,627,3.0
356,631,5.0
356,632,5.0
356,636,5.0
356,648,3.5
356,649,4.5
356,669,4.5
356,672,4.5
356,762,4.0
356,771,3.0
356,804,4.0
356,805,4.0
356,807,4.0
356,810,4.5
356,812,3.5
356,821,4.0
356,832,4.5
356,837,4.0
356,844,4.0
356,847,3.5
356,893,5.0
356,898,5.0
356,934,5.0
356,937,3.0
356,940,5.0
356,945,3.5
356,949,3.5
356,957,4.0
356,963,4.0
356,971,4.5
356,972,3.5
357,0,4.0
357,1,5.0
357,2,4.5
357,3,5.0
357,5,3.5
357,6,5.0
357,8,4.5
357,9,4.0
357,10,4.5
357,12,3.5
357,19,5.0
357,22,4.5
357,26,4.5
357,27,4.5
357,28,3.5
357,29,4.0
357,35,5.0
357,38,4.5
357,39,4.0
357,41,4.5
357,42,4.0
357,47,5.0
357,48,3.5
357,49,4.0
357,52,4.5
357,61,4.5
357,63,4.0
357,67,5.0
357,71,3.5
357,72,5.0
357,92,4.0
357,95,3.5
357,97,5.0
357,99,5.0
357,100,3.0
357,101,4.0
357,103,5.0
357,107,5.0
357,109,3.5
357,112,4.0
357,114,4.0
357,118,5.0
357,141,4.0
357,144,3.5
357,145,4.0
357,146,4.0
357,148,3.5
357,149,3.5
357,155,3.5
357,157,5.0
357,158,4.0
357,160,4.5
357,166,3.5
357,167,5.0
357,169,4.5
357,182,5.0
357,210,4.5
357,211,4.0
357,220,4.0
357,221,4.5
357,224,5.0
357,231,4.0
357,234,5.0
357,235,4.5
357,239,3.5
357,242,4.0
357,249,4.5
357,253,5.0
357,265,4.0
357,290,4.0
357,353,4.5
357,356,5.0
357,357,5.0
357,362,4.0
357,364,3.5
357,365,4.5
357,366,3.5
357,368,3.5
357,371,3.5
357,372,4.5
357,373,4.5
357,379,4.5
357,381,4.0
357,385,4.0
357,398,2.5
357,409,4.5
357,473,4.0
357,475,4.0
357,482,4.5
357,490,3.0
357,491,5.0
357,494,3.5
357,495,4.0
357,503,3.5
357,504,4.0
357,507,4.0
357,510,5.0
357,514,5.0
357,525,5.0
357,534,5.0
357,538,5.0
357,541,4.0
357,544,4.0
357,560,4.5
357,573,4.25
357,603,5.0
357,610,4.0
357,611,3.5
357,613,4.0
357,618,5.0
357,619,4.0
357,623,4.5
357,631,4.0
357,636,4.0
357,637,3.5
357,638,4.0
357,664,4.5
357,678,5.0
357,690,3.5
357,696,4.0
357,697,3.5
357,715,1.5
357,717,3.0
357,762,4.5
357,765,4.5
357,766,4.0
357,767,3.5
357,769,4.5
357,770,3.5
357,775,4.0
357,778,4.0
357,779,4.5
357,781,5.0
357,785,3.5
357,786,3.5
357,787,4.0
357,804,5.0
357,810,3.5
357,811,3.0
357,816,4.0
357,817,5.0
357,818,5.0
357,821,3.5
357,824,4.5
357,829,4.5
357,832,4.5
357,841,4.0
357,847,3.5
357,856,4.5
357,874,3.0
357,899,4.0
357,931,3.5
357,941,4.0
357,945,4.0
357,949,4.0
357,955,4.5
357,957,3.5
357,958,4.0
357,965,5.0
357,970,4.0
357,981,3.5
357,987,3.0
358,78,4.0
358,103,4.0
358,355,2.0
358,473,5.0
358,605,4.5
358,616,5.0
358,767,4.5
358,941,3.5
359,3,4.5
359,8,4.0
359,21,2.5
359,27,4.5
359,28,3.0
359,39,3.0
359,63,3.0
359,72,5.0
359,75,4.0
359,95,4.0
359,97,4.5
359,107,4.0
359,146,4.0
359,148,3.0
359,158,5.0
359,160,4.5
359,217,1.5
359,219,2.5
359,234,5.0
359,237,2.5
359,365,4.0
359,368,4.0
359,388,2.5
359,473,4.5
359,494,4.0
359,495,5.0
359,605,4.5
359,611,4.0
359,646,3.5
359,786,3.5
359,811,3.5
359,818,4.5
359,871,4.5
359,948,1.0
359,964,2.5
360,161,5.0
360,473,4.0
360,784,5.0
361,0,3.0
361,1,2.5
361,3,2.5
361,11,2.5
361,12,3.5
361,27,2.5
361,28,3.5
361,43,3.0
361,68,3.0
361,95,2.5
361,114,2.0
361,141,4.0
361,216,3.5
361,221,2.5
361,223,1.5
361,248,1.5
361,249,2.0
361,363,2.0
361,364,4.0
361,370,4.0
361,375,2.0
361,473,2.0
361,493,4.0
361,637,5.0
361,769,4.5
361,786,3.0
361,848,2.0
361,937,3.5
361,945,2.0
361,957,1.5
362,0,4.5
362,1,5.0
362,5,5.0
362,6,5.0
362,8,5.0
362,9,4.0
362,10,4.5
362,11,5.0
362,12,4.5
362,14,5.0
362,19,4.0
362,20,5.0
362,21,4.5
362,22,4.5
362,27,5.0
362,28,4.0
362,29,4.0
362,38,4.0
362,41,4.0
362,42,4.0
362,47,3.5
362,49,4.0
362,54,5.0
362,61,4.0
362,67,5.0
362,71,5.0
362,92,4.0
362,93,4.0
362,94,4.0
362,98,5.0
362,100,4.5
362,101,5.0
362,102,4.5
362,105,4.5
362,141,4.5
362,147,5.0
362,148,4.0
362,149,5.0
362,152,4.5
362,153,4.5
362,155,4.0
362,158,3.5
362,160,4.0
362,161,4.0
362,166,4.5
362,168,4.5
362,212,4.0
362,216,4.0
362,221,3.5
362,223,5.0
362,231,5.0
362,248,4.5
362,257,4.0
362,265,4.5
362,272,4.5
362,273,4.5
362,358,3.0
362,362,4.0
362,377,4.5
362,495,4.0
362,503,4.5
362,507,4.0
362,511,4.0
362,551,4.5
362,624,4.0
362,630,4.0
362,634,4.0
362,672,4.5
362,676,3.5
362,766,4.5
362,784,4.0
362,827,4.0
362,933,4.0
363,0,4.0
363,5,3.0
363,8,5.0
363,11,3.0
363,21,2.5
363,22,1.5
363,47,4.0
363,63,4.0
363,97,5.0
363,223,4.0
363,229,4.0
363,234,4.0
363,365,3.0
363,615,4.0
363,821,3.5
364,1,5.0
364,107,5.0
364,114,3.0
364,374,3.0
364,611,5.0
364,779,5.0
365,0,4.5
365,2,3.5
365,5,3.0
365,9,1.5
365,11,3.5
365,12,4.5
365,14,3.0
365,18,3.0
365,22,4.0
365,27,0.5
365,29,4.0
365,41,1.5
365,46,1.0
365,60,0.5
365,61,2.5
365,64,3.0
365,95,1.0
365,97,5.0
365,109,3.0
365,140,3.5
365,141,2.0
365,152,2.5
365,153,2.0
365,158,4.0
365,160,2.5
365,212,2.0
365,216,3.5
365,217,1.0
365,220,4.0
365,221,5.0
365,226,2.5
365,242,4.0
365,250,2.5
365,348,3.0
365,349,3.0
365,351,3.5
365,352,3.5
365,353,1.5
365,355,0.5
365,358,2.5
365,362,2.0
365,365,1.5
365,366,1.5
365,370,2.0
365,373,2.5
365,375,2.5
365,377,3.5
365,475,4.0
365,480,3.5
365,481,2.0
365,482,3.0
365,489,1.5
365,493,2.5
365,495,1.5
365,498,4.0
365,500,1.5
365,502,2.0
365,507,3.0
365,538,3.5
365,605,2.0
365,606,2.5
365,609,1.5
365,610,4.0
365,619,3.0
365,621,4.0
365,631,2.5
365,636,3.5
365,638,5.0
365,672,2.0
365,762,3.0
365,765,3.0
365,769,2.5
365,770,3.5
365,781,3.0
365,804,3.0
365,816,1.5
365,824,2.0
365,931,2.5
365,934,3.5
365,937,3.5
365,940,2.0
365,948,1.0
365,949,1.0
365,990,4.0
366,2,4.0
366,5,4.5
366,9,4.0
366,10,4.5
366,11,4.5
366,18,5.0
366,26,4.0
366,28,4.0
366,41,4.5
366,42,4.5
366,61,4.0
366,92,4.0
366,93,4.5
366,96,4.0
366,100,5.0
366,141,4.0
366,152,4.0
366,154,4.0
366,162,3.5
366,215,2.0
366,216,4.0
366,349,4.5
366,362,4.0
366,363,3.0
366,377,4.0
366,480,3.5
366,482,4.5
366,662,3.5
367,0,5.0
367,1,5.0
367,3,3.0
367,6,4.0
367,12,5.0
367,22,4.0
367,27,5.0
367,35,5.0
367,39,4.0
367,52,4.0
367,53,5.0
367,63,5.0
367,67,4.0
367,97,5.0
367,99,5.0
367,107,5.0
367,117,5.0
367,118,5.0
367,128,4.0
367,135,5.0
367,157,5.0
367,169,3.0
367,172,4.0
367,182,4.0
367,211,4.0
367,220,4.0
367,233,5.0
367,234,5.0
367,235,5.0
367,265,4.0
367,276,4.0
367,373,4.0
367,375,3.0
367,376,2.0
367,394,5.0
367,494,5.0
367,495,5.0
367,504,4.0
367,510,5.0
367,514,2.0
367,538,5.0
367,549,5.0
367,573,5.0
367,610,5.0
367,619,5.0
367,634,4.0
367,636,5.0
367,637,5.0
367,638,3.0
367,664,5.0
367,786,4.0
367,821,4.0
367,832,3.0
367,874,2.0
367,977,5.0
367,987,4.0
368,1,5.0
368,3,5.0
368,6,4.0
368,8,5.0
368,12,4.0
368,19,4.0
368,20,5.0
368,21,4.0
368,22,3.0
368,26,5.0
368,27,4.0
368,28,3.0
368,29,4.0
368,41,3.0
368,43,3.5
368,47,4.0
368,52,3.0
368,55,3.0
368,63,4.0
368,68,5.0
368,71,5.0
368,92,4.0
368,94,4.0
368,95,4.0
368,98,3.0
368,100,4.0
368,105,4.0
368,114,4.0
368,116,3.0
368,120,3.0
368,144,2.0
368,146,4.0
368,149,3.0
368,153,2.0
368,154,4.0
368,155,4.0
368,157,4.0
368,161,4.0
368,166,5.0
368,167,4.0
368,170,4.0
368,211,5.0
368,219,4.0
368,220,4.0
368,223,3.0
368,231,4.0
368,233,4.0
368,241,5.0
368,248,4.0
368,249,3.0
368,274,3.0
368,284,3.0
368,353,5.0
368,358,2.0
368,367,4.0
368,375,3.0
368,394,3.0
368,398,4.0
368,410,3.0
368,486,3.0
368,487,3.0
368,490,3.0
368,507,3.0
368,511,3.0
368,536,3.0
368,539,3.0
368,610,3.0
368,629,3.0
368,634,3.0
368,649,3.0
368,669,3.0
368,678,4.0
368,698,2.0
368,773,4.0
368,777,4.0
368,783,3.0
368,784,4.0
368,792,3.0
368,803,3.0
368,805,3.0
368,836,3.0
368,840,3.0
368,848,3.0
368,860,4.0
368,861,4.0
368,871,4.0
368,894,3.0
368,939,3.0
368,940,3.0
368,944,3.0
368,952,3.0
368,959,3.0
368,964,3.0
368,966,2.0
368,982,3.0
369,10,4.5
369,21,4.5
369,22,4.0
369,60,4.5
369,71,3.0
369,72,2.5
369,78,3.5
369,96,3.0
369,100,2.5
369,102,3.0
369,103,4.0
369,148,4.0
369,151,4.0
369,152,3.5
369,162,3.5
369,169,3.5
369,170,3.0
369,217,2.5
369,223,5.0
369,239,4.0
369,356,4.0
369,410,4.0
369,473,1.5
369,490,3.5
369,493,3.5
369,508,3.5
369,511,2.5
369,613,3.0
369,619,3.0
369,636,3.5
369,750,4.0
369,754,3.5
369,784,4.5
369,786,3.0
369,805,3.5
369,807,4.0
369,844,4.0
369,932,4.5
369,934,4.0
369,944,4.0
369,957,3.5
369,966,3.5
370,0,3.5
370,5,4.5
370,8,5.0
370,10,4.5
370,11,4.5
370,14,4.5
370,21,4.0
370,22,2.5
370,27,4.0
370,28,4.0
370,47,4.5
370,49,4.0
370,60,3.5
370,63,4.0
370,95,3.5
370,100,2.5
370,102,2.5
370,103,4.0
370,114,2.0
370,141,3.0
370,144,4.0
370,151,4.0
370,152,4.0
370,157,4.5
370,160,3.5
370,162,4.0
370,169,2.5
370,216,4.0
370,217,3.5
370,219,4.0
370,220,3.5
370,221,3.5
370,223,1.0
370,231,2.0
370,239,4.5
370,353,2.5
370,356,4.0
370,362,4.0
370,363,4.0
370,377,3.5
370,473,3.5
370,487,3.5
370,495,4.0
370,508,4.0
370,603,3.0
370,610,4.0
370,619,3.5
370,636,3.5
370,837,4.0
370,847,4.5
370,945,4.0
371,5,4.5
371,11,4.5
371,21,5.0
371,60,4.5
371,67,5.0
371,98,5.0
371,101,5.0
371,103,5.0
371,386,5.0
371,512,5.0
371,781,4.0
371,796,5.0
371,811,4.5
371,972,5.0
372,0,5.0
372,1,5.0
372,3,5.0
372,4,4.0
372,6,5.0
372,8,4.0
372,12,3.0
372,19,5.0
372,22,4.0
372,27,4.0
372,28,4.0
372,35,4.0
372,39,5.0
372,43,5.0
372,47,5.0
372,48,4.0
372,52,3.0
372,55,4.0
372,63,5.0
372,67,4.0
372,68,5.0
372,71,5.0
372,92,4.0
372,94,5.0
372,98,2.0
372,100,5.0
372,101,2.0
372,105,3.0
372,106,3.0
372,107,3.0
372,111,5.0
372,114,5.0
372,116,3.0
372,144,5.0
372,149,3.0
372,154,5.0
372,155,4.0
372,167,3.0
372,169,3.0
372,211,5.0
372,217,4.0
372,219,3.0
372,220,4.0
372,231,5.0
372,234,3.0
372,239,3.0
372,241,4.0
372,333,4.0
372,353,4.0
372,368,3.0
372,372,4.0
372,373,4.0
372,374,4.0
372,376,2.0
372,385,4.0
372,386,1.0
372,398,3.0
372,426,4.0
372,486,4.0
372,490,3.0
372,494,4.0
372,512,3.0
372,573,3.0
372,602,3.0
372,611,3.0
372,618,4.0
372,641,3.0
372,649,5.0
372,675,4.0
372,678,5.0
372,695,2.0
372,722,3.0
372,779,4.0
372,786,3.0
372,792,5.0
372,810,2.0
372,812,1.0
372,824,3.0
372,832,4.0
372,834,3.0
372,843,5.0
372,847,4.0
372,848,3.0
372,856,3.0
372,859,3.0
372,876,5.0
372,894,4.0
372,966,4.0
372,997,5.0
373,0,5.0
373,3,5.0
373,8,5.0
373,12,4.0
373,27,5.0
373,28,3.0
373,47,5.0
373,48,5.0
373,92,4.0
373,94,5.0
373,107,3.0
373,146,4.0
373,149,5.0
373,155,4.0
373,262,5.0
373,368,4.0
373,374,4.0
373,511,5.0
373,514,5.0
373,649,3.0
373,695,4.0
373,778,3.0
373,786,2.0
373,810,5.0
373,824,5.0
373,970,5.0
373,977,1.0
374,0,4.0
374,8,5.0
374,12,4.0
374,52,3.0
374,67,4.0
374,92,5.0
374,146,4.0
374,368,3.0
374,372,3.0
374,385,3.0
374,649,3.0
374,786,3.0
374,966,3.0
374,981,4.0
375,0,5.0
375,12,4.5
375,22,5.0
375,41,5.0
375,60,5.0
375,157,5.0
375,374,5.0
375,385,3.0
375,876,5.0
376,1,4.0
376,3,4.5
376,5,4.0
376,6,4.5
376,9,4.0
376,11,4.5
376,12,3.5
376,14,3.5
376,21,3.5
376,22,4.0
376,28,5.0
376,39,4.5
376,42,4.5
376,43,5.0
376,53,4.0
376,60,5.0
376,63,4.0
376,67,4.0
376,68,3.5
376,74,4.0
376,78,4.5
376,92,3.5
376,103,2.5
376,114,4.5
376,122,4.5
376,141,4.0
376,144,4.0
376,146,4.0
376,157,4.0
376,158,4.5
376,166,4.0
376,170,4.0
376,211,4.0
376,217,5.0
376,219,4.0
376,221,4.5
376,353,4.0
376,362,3.5
376,364,5.0
376,368,3.5
376,373,4.0
376,374,5.0
376,388,5.0
376,413,4.0
376,473,3.5
376,493,5.0
376,494,3.5
376,495,4.0
376,512,3.5
376,613,5.0
376,619,4.5
376,629,4.0
376,642,4.5
376,643,5.0
376,649,4.0
376,661,4.0
376,771,5.0
376,778,2.0
376,786,5.0
376,807,5.0
376,809,5.0
376,811,4.0
376,832,4.0
376,931,4.5
376,940,2.0
376,941,4.0
376,944,4.0
376,949,5.0
376,966,3.5
377,4,5.0
377,43,5.0
377,68,4.5
377,71,5.0
377,72,4.0
377,95,4.5
377,98,5.0
377,123,4.0
377,170,4.5
377,182,4.5
377,287,3.5
377,358,5.0
377,374,4.5
377,386,5.0
377,396,3.5
377,475,4.5
377,522,5.0
377,560,4.5
377,694,3.0
377,703,4.0
377,739,4.0
377,773,5.0
377,786,5.0
377,937,3.5
377,964,4.0
378,0,4.5
378,1,3.0
378,2,4.5
378,3,4.5
378,5,4.5
378,9,5.0
378,10,3.5
378,11,4.5
378,14,4.5
378,18,4.5
378,19,4.0
378,20,4.5
378,27,4.5
378,38,5.0
378,42,4.5
378,48,4.5
378,49,4.5
378,60,3.5
378,61,4.5
378,64,3.0
378,96,3.5
378,107,4.5
378,109,4.0
378,112,4.0
378,140,4.0
378,141,4.5
378,145,4.5
378,148,4.0
378,151,3.5
378,162,4.0
378,165,3.5
378,216,4.0
378,349,4.0
378,362,4.0
378,382,3.5
378,388,3.5
378,481,4.0
378,510,4.5
378,648,3.5
378,809,3.5
378,958,4.0
379,0,3.0
379,3,3.0
379,8,2.0
379,12,5.0
379,28,4.0
379,48,3.0
379,92,5.0
379,146,4.0
379,368,5.0
379,649,5.0
379,786,5.0
379,966,2.0
380,0,3.0
380,1,4.0
380,2,5.0
380,5,5.0
380,6,5.0
380,8,5.0
380,9,5.0
380,10,4.0
380,11,5.0
380,12,5.0
380,14,5.0
380,19,5.0
380,20,4.0
380,21,4.5
380,22,5.0
380,26,5.0
380,27,5.0
380,28,5.0
380,35,4.0
380,38,5.0
380,39,5.0
380,41,4.0
380,43,4.5
380,47,4.0
380,48,5.0
380,52,4.0
380,60,5.0
380,61,4.0
380,63,5.0
380,64,4.0
380,67,4.0
380,68,5.0
380,71,4.0
380,74,5.0
380,78,5.0
380,85,4.0
380,92,4.0
380,93,3.0
380,94,5.0
380,98,4.0
380,99,5.0
380,100,4.0
380,102,3.0
380,105,5.0
380,107,5.0
380,109,5.0
380,112,5.0
380,114,5.0
380,118,3.0
380,119,4.5
380,122,5.0
380,135,3.0
380,141,5.0
380,143,4.0
380,144,5.0
380,146,5.0
380,148,4.0
380,151,5.0
380,152,4.0
380,153,4.25
380,154,5.0
380,155,3.0
380,157,5.0
380,160,4.0
380,161,5.0
380,162,4.0
380,165,5.0
380,168,5.0
380,169,5.0
380,210,3.0
380,211,4.0
380,214,4.0
380,215,4.0
380,216,5.0
380,217,5.0
380,219,5.0
380,221,4.0
380,223,5.0
380,224,4.0
380,229,5.0
380,231,4.0
380,232,5.0
380,233,5.0
380,235,3.0
380,242,5.0
380,244,5.0
380,249,3.0
380,253,4.0
380,254,3.0
380,255,5.0
380,266,4.0
380,346,4.0
380,347,4.0
380,348,5.0
380,352,5.0
380,353,3.5
380,355,4.0
380,356,4.0
380,358,5.0
380,361,5.0
380,362,4.0
380,363,4.0
380,364,5.0
380,371,4.0
380,372,5.0
380,373,5.0
380,374,5.0
380,375,4.0
380,376,5.0
380,377,3.0
380,385,4.0
380,388,3.5
380,397,5.0
380,473,2.0
380,475,3.0
380,476,4.0
380,478,5.0
380,480,5.0
380,481,4.0
380,482,3.0
380,484,5.0
380,486,5.0
380,490,5.0
380,493,4.0
380,494,4.0
380,495,5.0
380,496,5.0
380,498,5.0
380,499,5.0
380,502,5.0
380,503,4.0
380,510,5.0
380,512,5.0
380,514,5.0
380,526,4.0
380,536,4.0
380,538,4.0
380,544,3.0
380,604,5.0
380,606,3.0
380,611,4.0
380,613,4.0
380,619,5.0
380,621,5.0
380,622,4.0
380,628,2.0
380,629,5.0
380,630,5.0
380,635,4.0
380,636,4.0
380,637,5.0
380,638,4.0
380,642,2.0
380,643,5.0
380,645,5.0
380,646,5.0
380,648,4.0
380,649,4.0
380,652,5.0
380,655,5.0
380,659,2.0
380,661,5.0
380,662,5.0
380,664,4.0
380,669,4.0
380,685,5.0
380,687,5.0
380,700,5.0
380,704,5.0
380,719,5.0
380,750,4.0
380,762,3.5
380,763,4.0
380,764,5.0
380,765,5.0
380,769,3.0
380,770,4.0
380,771,4.0
380,773,4.0
380,778,4.0
380,780,4.0
380,781,4.0
380,783,4.0
380,785,5.0
380,787,5.0
380,796,5.0
380,797,5.0
380,798,5.0
380,800,4.0
380,803,5.0
380,807,3.0
380,811,5.0
380,814,5.0
380,816,5.0
380,827,4.0
380,831,5.0
380,835,4.0
380,837,4.0
380,839,4.0
380,840,5.0
380,843,5.0
380,847,4.0
380,849,4.0
380,869,5.0
380,874,3.0
380,924,5.0
380,931,3.0
380,932,5.0
380,933,3.0
380,935,4.0
380,937,4.0
380,938,3.0
380,939,4.0
380,940,4.0
380,941,4.0
380,942,4.0
380,948,5.0
380,949,4.0
380,953,4.0
380,956,4.0
380,958,4.0
380,959,4.0
380,961,5.0
380,964,4.5
380,966,5.0
380,970,4.0
380,976,5.0
380,977,4.0
380,981,4.0
381,0,3.5
381,5,4.0
381,10,5.0
381,11,4.0
381,12,4.0
381,14,4.0
381,21,5.0
381,22,3.5
381,28,2.5
381,38,4.0
381,39,4.0
381,42,5.0
381,46,5.0
381,47,4.5
381,48,4.0
381,49,4.0
381,60,4.5
381,63,4.0
381,67,4.0
381,71,2.0
381,96,5.0
381,97,4.5
381,99,3.0
381,103,4.0
381,107,3.5
381,109,4.5
381,112,4.0
381,114,3.5
381,141,3.5
381,143,4.0
381,144,3.5
381,146,4.0
381,148,3.5
381,154,2.0
381,157,5.0
381,158,4.0
381,160,5.0
381,162,4.5
381,165,3.5
381,169,4.0
381,216,3.5
381,219,2.5
381,220,3.5
381,221,4.0
381,226,3.5
381,231,3.5
381,234,4.0
381,235,4.0
381,242,4.0
381,249,4.0
381,266,4.5
381,278,5.0
381,353,4.0
381,356,5.0
381,362,4.5
381,364,3.5
381,365,4.5
381,370,5.0
381,371,3.5
381,372,4.0
381,373,3.5
381,374,3.5
381,375,2.0
381,381,4.5
381,382,4.5
381,385,2.5
381,388,4.0
381,473,3.5
381,475,4.5
381,481,3.5
381,482,4.0
381,483,5.0
381,493,5.0
381,494,4.0
381,495,4.0
381,498,3.5
381,500,5.0
381,502,3.5
381,507,5.0
381,510,3.5
381,514,5.0
381,536,3.5
381,538,2.5
381,610,5.0
381,611,4.0
381,613,3.0
381,619,4.0
381,622,3.0
381,631,5.0
381,636,4.5
381,637,4.0
381,638,4.0
381,648,4.5
381,649,4.0
381,661,3.5
381,664,4.5
381,669,4.0
381,762,4.5
381,765,4.0
381,769,4.0
381,774,4.5
381,775,5.0
381,778,1.0
381,786,3.5
381,796,3.0
381,804,4.0
381,807,4.0
381,811,3.0
381,812,4.0
381,832,3.5
381,865,4.0
381,874,4.0
381,890,4.5
381,931,4.0
381,937,3.5
381,940,2.0
381,945,4.5
381,948,3.5
381,949,3.0
381,953,3.5
381,954,5.0
381,955,4.5
381,961,4.0
381,970,2.0
381,977,3.0
382,0,5.0
382,1,5.0
382,2,5.0
382,3,5.0
382,5,5.0
382,8,5.0
382,9,5.0
382,10,5.0
382,11,5.0
382,12,4.5
382,14,5.0
382,21,5.0
382,22,5.0
382,26,4.5
382,27,5.0
382,43,5.0
382,47,5.0
382,52,5.0
382,53,5.0
382,60,5.0
382,63,5.0
382,64,4.5
382,74,5.0
382,75,5.0
382,78,5.0
382,93,5.0
382,107,4.5
382,109,4.5
382,111,5.0
382,112,5.0
382,114,4.5
382,172,4.0
382,215,5.0
382,237,5.0
382,243,4.0
382,358,4.5
382,372,5.0
382,373,5.0
382,382,4.5
382,396,5.0
382,406,4.0
382,473,5.0
382,480,4.5
382,482,4.5
382,619,3.0
382,627,5.0
382,630,4.5
382,645,4.0
382,654,5.0
382,655,4.0
382,659,4.5
382,669,4.5
382,765,4.5
382,781,4.0
382,786,4.0
382,793,4.5
382,832,4.5
382,840,4.5
382,931,4.5
382,953,4.5
382,961,4.5
382,977,4.25
383,22,3.0
383,116,4.0
383,122,3.0
383,157,5.0
383,234,5.0
383,407,5.0
383,676,5.0
383,692,4.0
383,697,5.0
383,786,4.0
383,836,3.0
384,8,5.0
384,10,4.0
384,67,4.0
384,98,3.0
384,101,3.0
384,105,4.0
384,111,5.0
384,146,4.0
384,151,5.0
384,154,4.0
384,241,4.0
384,629,2.0
384,649,4.0
384,680,4.0
384,687,3.0
384,777,4.0
384,811,4.0
384,847,4.0
384,945,4.0
385,0,5.0
385,1,5.0
385,6,4.0
385,8,4.0
385,12,4.0
385,19,5.0
385,22,5.0
385,27,3.0
385,28,5.0
385,39,4.0
385,47,3.0
385,48,3.0
385,52,4.0
385,63,5.0
385,67,4.0
385,68,4.0
385,71,4.0
385,72,3.0
385,74,5.0
385,85,4.0
385,94,3.0
385,98,4.0
385,101,5.0
385,105,4.0
385,107,4.0
385,111,5.0
385,114,4.0
385,116,4.0
385,122,4.0
385,144,5.0
385,146,4.0
385,154,3.0
385,155,3.0
385,169,4.0
385,193,4.0
385,211,3.0
385,217,5.0
385,219,4.0
385,231,5.0
385,234,4.0
385,243,3.0
385,249,3.0
385,254,4.0
385,256,3.0
385,265,4.0
385,353,4.0
385,368,3.0
385,372,4.0
385,373,5.0
385,374,4.0
385,376,3.0
385,385,3.0
385,394,4.0
385,407,4.0
385,410,4.0
385,412,4.0
385,490,4.0
385,494,3.0
385,508,5.0
385,512,5.0
385,514,3.0
385,539,5.0
385,573,3.0
385,611,4.0
385,618,4.0
385,649,4.0
385,664,3.0
385,695,2.0
385,722,5.0
385,786,5.0
385,792,4.0
385,810,5.0
385,825,3.0
385,832,3.0
385,874,4.0
385,877,2.0
385,940,4.0
385,970,3.0
386,0,3.0
386,8,5.0
386,27,4.0
386,28,3.0
386,47,3.0
386,92,3.0
386,94,3.0
386,146,2.0
386,155,4.0
386,231,4.0
386,368,2.0
386,374,3.0
386,649,3.0
386,778,3.0
386,847,3.0
386,966,2.0
387,0,3.5
387,1,4.5
387,6,4.5
387,8,5.0
387,10,4.5
387,11,3.0
387,12,4.0
387,19,3.5
387,20,4.0
387,21,4.0
387,22,4.5
387,27,4.0
387,28,3.5
387,35,2.5
387,38,4.5
387,39,2.0
387,41,3.0
387,42,4.0
387,43,4.0
387,47,4.5
387,48,3.0
387,49,4.0
387,52,4.5
387,53,5.0
387,54,3.0
387,55,3.5
387,60,4.5
387,63,4.0
387,67,4.5
387,68,3.5
387,71,5.0
387,74,5.0
387,75,4.0
387,83,4.0
387,92,3.5
387,95,4.5
387,96,4.0
387,97,4.0
387,98,5.0
387,99,3.5
387,100,4.5
387,101,5.0
387,102,4.5
387,105,4.0
387,106,4.0
387,111,4.0
387,114,4.0
387,116,5.0
387,117,4.5
387,118,3.0
387,119,4.25
387,120,4.0
387,122,3.0
387,124,3.0
387,127,3.5
387,141,4.0
387,143,4.5
387,144,3.5
387,146,3.0
387,147,4.0
387,148,3.0
387,149,4.5
387,152,4.0
387,153,4.0
387,154,3.0
387,157,2.5
387,158,3.0
387,161,4.5
387,162,4.5
387,165,4.0
387,166,5.0
387,167,3.0
387,168,3.0
387,169,4.5
387,170,3.5
387,171,4.0
387,172,3.5
387,193,4.0
387,210,4.0
387,211,3.5
387,216,3.5
387,217,4.5
387,219,4.0
387,223,3.5
387,231,4.0
387,233,3.0
387,235,3.0
387,239,4.5
387,241,3.5
387,248,5.0
387,249,2.0
387,253,4.0
387,254,4.0
387,259,3.0
387,264,4.5
387,265,3.5
387,271,4.5
387,272,5.0
387,273,4.5
387,274,4.0
387,275,4.5
387,276,4.0
387,280,3.5
387,304,3.0
387,353,4.0
387,356,4.5
387,357,4.5
387,360,3.5
387,363,4.0
387,364,3.0
387,368,3.0
387,372,2.5
387,373,3.5
387,374,3.5
387,375,3.5
387,376,3.0
387,377,4.0
387,379,4.5
387,385,2.0
387,386,4.5
387,387,4.5
387,394,3.5
387,396,5.0
387,404,4.5
387,408,4.0
387,413,4.25
387,414,4.0
387,419,4.5
387,430,4.5
387,434,4.0
387,449,4.5
387,455,4.5
387,487,3.5
387,490,3.5
387,491,3.5
387,494,3.5
387,498,3.0
387,500,4.5
387,507,4.0
387,508,4.5
387,512,4.5
387,513,3.5
387,514,3.5
387,516,3.0
387,517,4.0
387,525,4.0
387,526,3.5
387,527,4.5
387,530,3.0
387,534,4.0
387,538,4.0
387,541,4.5
387,544,3.5
387,545,3.5
387,549,3.0
387,552,3.0
387,553,3.0
387,562,4.5
387,563,3.5
387,565,2.5
387,610,3.5
387,611,4.5
387,613,2.0
387,619,3.0
387,621,3.5
387,622,4.0
387,629,3.5
387,631,3.5
387,632,2.5
387,636,3.5
387,646,3.5
387,653,4.0
387,664,2.5
387,669,3.5
387,672,3.5
387,673,4.5
387,678,3.0
387,683,3.5
387,684,5.0
387,685,3.0
387,687,3.5
387,688,3.5
387,690,3.0
387,692,4.0
387,695,3.5
387,703,4.5
387,712,3.0
387,715,3.5
387,722,3.5
387,727,3.5
387,745,4.0
387,750,4.0
387,754,4.0
387,762,2.5
387,766,3.0
387,769,3.5
387,773,3.5
387,778,2.0
387,783,4.0
387,785,4.5
387,797,4.0
387,798,3.0
387,800,4.0
387,803,3.0
387,804,4.0
387,807,3.5
387,811,3.5
387,812,3.5
387,827,3.0
387,829,3.5
387,832,3.5
387,836,4.0
387,837,4.0
387,840,4.0
387,841,4.0
387,843,4.0
387,844,3.5
387,847,4.0
387,859,4.0
387,870,3.0
387,871,3.0
387,874,4.0
387,879,3.0
387,885,4.0
387,888,4.0
387,894,3.5
387,898,3.5
387,909,4.0
387,914,4.0
387,922,3.5
387,925,4.0
387,928,4.0
387,931,3.0
387,932,4.5
387,935,3.5
387,937,3.5
387,939,3.0
387,940,3.5
387,945,4.0
387,949,3.0
387,952,2.5
387,956,3.5
387,957,3.5
387,958,4.0
387,961,2.5
387,964,3.5
387,965,4.0
387,971,3.5
387,972,4.0
387,978,3.5
387,981,3.5
387,983,4.0
387,987,3.5
387,991,3.5
388,4,1.0
388,160,4.0
388,353,4.0
388,495,5.0
389,94,5.0
389,107,5.0
389,374,4.0
389,779,5.0
389,817,4.0
390,2,2.5
390,3,4.5
390,10,5.0
390,20,5.0
390,21,4.5
390,49,4.0
390,60,4.5
390,92,4.0
390,95,2.5
390,101,3.0
390,103,5.0
390,119,4.5
390,153,4.0
390,160,5.0
390,175,5.0
390,221,2.0
390,368,3.5
390,371,4.5
390,389,4.5
390,494,1.5
390,507,5.0
390,512,4.5
390,537,3.5
390,627,4.0
390,686,3.0
390,695,4.0
390,774,4.0
390,775,4.0
390,785,4.5
390,788,2.5
390,821,4.5
390,854,3.5
390,865,4.0
390,941,4.5
390,992,3.0
391,0,5.0
391,1,5.0
391,3,5.0
391,6,4.0
391,8,5.0
391,10,4.0
391,11,5.0
391,12,5.0
391,19,4.0
391,20,5.0
391,21,5.0
391,22,5.0
391,26,2.0
391,27,3.0
391,28,4.0
391,35,5.0
391,39,4.0
391,41,1.0
391,43,4.0
391,47,4.0
391,52,5.0
391,53,5.0
391,55,5.0
391,60,5.0
391,67,5.0
391,68,3.0
391,71,5.0
391,72,5.0
391,74,5.0
391,82,5.0
391,85,5.0
391,92,5.0
391,94,4.0
391,95,4.0
391,96,5.0
391,97,3.0
391,98,5.0
391,100,5.0
391,101,5.0
391,105,4.0
391,107,3.0
391,111,5.0
391,114,4.0
391,116,5.0
391,117,5.0
391,120,5.0
391,144,4.0
391,146,2.0
391,148,4.0
391,149,5.0
391,151,4.0
391,153,2.0
391,154,5.0
391,157,2.0
391,158,4.0
391,161,4.0
391,167,5.0
391,168,2.0
391,169,5.0
391,172,5.0
391,190,4.0
391,200,5.0
391,217,5.0
391,219,4.0
391,220,4.0
391,223,3.0
391,231,5.0
391,234,4.0
391,239,5.0
391,241,4.0
391,242,3.0
391,249,5.0
391,254,5.0
391,275,2.0
391,293,5.0
391,333,5.0
391,353,5.0
391,360,4.0
391,365,4.0
391,367,5.0
391,373,4.0
391,374,4.0
391,379,4.0
391,385,3.0
391,396,4.0
391,398,5.0
391,404,5.0
391,418,3.0
391,426,4.0
391,486,5.0
391,490,5.0
391,491,4.0
391,493,4.0
391,494,5.0
391,495,4.0
391,507,3.0
391,512,5.0
391,526,4.0
391,527,5.0
391,534,5.0
391,537,3.0
391,592,3.0
391,610,4.0
391,613,3.0
391,619,4.0
391,634,5.0
391,636,4.0
391,649,4.0
391,653,5.0
391,664,5.0
391,669,5.0
391,676,2.0
391,703,4.0
391,750,5.0
391,773,3.0
391,785,4.0
391,786,4.0
391,792,4.0
391,804,3.0
391,805,3.0
391,811,5.0
391,832,4.0
391,837,5.0
391,840,4.0
391,846,5.0
391,847,4.0
391,854,1.0
391,859,5.0
391,871,4.0
391,874,5.0
391,896,4.0
391,932,2.0
391,940,2.0
391,945,5.0
391,957,2.0
391,966,2.0
391,972,4.0
391,977,5.0
391,981,4.0
391,997,4.0
392,6,5.0
392,20,4.0
392,63,5.0
392,95,4.0
392,353,3.0
392,507,4.0
392,837,5.0
393,2,5.0
393,5,5.0
393,9,5.0
393,10,5.0
393,11,5.0
393,14,5.0
393,21,5.0
393,28,0.5
393,41,4.0
393,43,3.0
393,49,5.0
393,60,5.0
393,61,5.0
393,63,5.0
393,74,5.0
393,92,4.0
393,100,5.0
393,101,5.0
393,141,5.0
393,144,5.0
393,145,0.5
393,148,4.0
393,151,5.0
393,152,5.0
393,158,4.0
393,162,4.0
393,165,5.0
393,216,5.0
393,217,0.5
393,219,0.5
393,223,0.5
393,239,0.5
393,348,5.0
393,356,5.0
393,358,5.0
393,363,0.5
393,364,5.0
393,377,5.0
393,388,5.0
393,475,0.5
393,480,5.0
393,481,5.0
393,493,5.0
393,496,5.0
393,499,5.0
393,502,5.0
393,512,5.0
393,604,0.5
393,621,4.5
393,628,0.5
393,630,5.0
393,638,5.0
393,642,5.0
393,643,0.5
393,649,5.0
393,652,5.0
393,655,5.0
393,659,5.0
393,661,5.0
393,669,4.0
393,769,5.0
393,780,4.5
393,784,3.0
393,804,4.0
393,807,5.0
393,837,5.0
393,844,0.5
393,933,4.0
393,942,0.5
393,948,5.0
393,949,0.5
393,955,3.0
393,958,2.0
394,12,4.0
394,47,5.0
394,92,5.0
394,146,3.0
394,368,2.0
394,372,2.0
394,385,2.0
394,618,4.0
394,649,4.0
394,786,3.0
395,3,2.0
395,8,3.0
395,12,3.0
395,28,3.0
395,48,3.0
395,92,4.0
395,146,4.0
395,368,3.0
395,372,2.0
395,385,3.0
395,778,3.0
395,966,3.0
396,0,4.5
396,43,0.5
396,47,4.0
396,49,4.5
396,107,5.0
396,116,4.5
396,160,4.5
396,242,4.0
396,253,5.0
396,510,4.0
396,573,1.0
396,784,3.5
396,949,2.0
397,74,4.0
397,75,4.0
397,396,5.0
397,413,4.0
397,534,4.5
397,703,5.0
397,715,4.5
397,836,4.5
398,9,3.0
398,42,4.0
398,63,4.5
398,78,5.0
398,99,5.0
398,103,4.0
398,109,5.0
398,169,5.0
398,172,5.0
398,353,5.0
398,374,5.0
398,376,4.0
398,380,5.0
398,602,3.5
398,664,5.0
398,670,5.0
398,696,5.0
398,960,4.0
398,964,3.0
399,3,4.0
399,5,4.0
399,8,5.0
399,10,3.0
399,11,4.5
399,12,5.0
399,14,5.0
399,21,5.0
399,22,5.0
399,27,4.5
399,28,2.5
399,39,5.0
399,41,5.0
399,63,5.0
399,92,3.0
399,95,0.5
399,107,4.0
399,114,5.0
399,141,2.5
399,144,4.5
399,146,3.0
399,157,4.5
399,160,5.0
399,170,3.5
399,242,4.0
399,362,3.5
399,495,5.0
399,510,4.0
399,634,5.0
399,812,4.5
399,949,0.5
400,0,5.0
400,1,5.0
400,2,4.5
400,5,4.0
400,6,4.5
400,8,5.0
400,9,5.0
400,10,5.0
400,11,4.0
400,12,4.5
400,19,4.5
400,20,4.5
400,21,5.0
400,22,5.0
400,27,5.0
400,39,4.0
400,41,4.0
400,42,4.0
400,47,5.0
400,63,4.5
400,67,4.5
400,94,5.0
400,96,5.0
400,114,5.0
400,154,4.5
400,217,4.5
400,229,4.0
400,231,5.0
400,239,5.0
400,250,4.5
400,351,4.0
400,353,4.5
400,356,4.5
400,370,4.0
400,476,4.5
400,635,4.5
400,827,4.0
401,5,3.0
401,11,3.0
401,12,3.5
401,14,3.0
401,44,3.0
401,48,3.5
401,78,4.0
401,107,3.5
401,109,4.0
401,112,3.5
401,160,3.5
401,169,4.0
401,216,3.5
401,226,4.0
401,232,4.0
401,242,3.5
401,250,3.5
401,348,3.5
401,361,4.0
401,362,4.0
401,372,3.0
401,385,3.0
401,475,3.0
401,480,3.5
401,495,3.5
401,507,3.5
401,510,3.0
401,514,3.5
401,630,3.0
401,775,4.0
401,793,4.0
401,868,3.5
401,951,3.5
401,961,3.5
401,969,3.5
402,3,4.0
402,8,5.0
402,27,5.0
402,28,5.0
402,48,4.0
402,146,4.0
402,154,5.0
402,372,4.0
402,649,4.0
402,778,4.0
402,856,5.0
402,966,5.0
403,8,5.0
403,19,4.5
403,49,4.5
403,92,5.0
403,100,4.0
403,103,4.5
403,144,4.5
403,168,4.0
403,266,3.0
403,360,4.0
403,676,4.5
403,783,3.0
403,843,3.5
403,944,4.5
403,945,4.5
404,0,4.0
404,3,4.0
404,8,3.0
404,12,4.0
404,27,4.0
404,48,3.0
404,92,4.0
404,146,4.0
404,368,4.0
404,372,4.0
404,573,3.0
404,602,3.0
404,618,3.0
404,649,4.0
404,675,3.0
404,817,4.0
404,824,3.0
404,966,3.0
404,985,3.0
405,8,4.5
405,9,4.5
405,10,4.0
405,19,4.5
405,21,4.5
405,38,4.0
405,43,4.0
405,49,3.5
405,54,3.5
405,60,4.5
405,74,4.5
405,92,4.0
405,93,3.5
405,96,4.0
405,100,4.0
405,101,4.5
405,105,4.5
405,143,4.5
405,149,4.5
405,151,4.0
405,155,4.0
405,161,4.0
405,165,3.5
405,166,3.5
405,217,4.5
405,221,3.5
405,223,3.5
405,237,4.5
405,257,4.0
405,356,4.0
405,363,5.0
405,374,4.5
405,379,4.0
405,389,4.5
405,408,4.5
405,446,3.5
405,487,4.0
405,496,3.5
405,512,4.0
405,637,3.5
405,638,3.5
405,652,4.0
405,661,4.0
405,784,4.0
405,785,4.5
405,856,4.0
405,932,4.5
405,934,4.0
405,941,4.0
405,942,4.0
405,958,4.0
406,573,3.0
406,602,4.0
406,762,2.0
406,874,1.5
407,2,5.0
407,5,5.0
407,10,5.0
407,11,5.0
407,14,5.0
407,21,5.0
407,22,4.0
407,26,4.0
407,78,2.5
407,109,3.0
407,144,4.0
407,154,3.0
407,213,5.0
407,214,3.5
407,216,4.0
407,219,3.0
407,250,4.0
407,388,3.5
407,480,5.0
407,949,5.0
408,0,4.5
408,2,5.0
408,5,5.0
408,9,3.5
408,11,5.0
408,14,5.0
408,18,4.0
408,21,4.5
408,22,4.0
408,38,5.0
408,41,4.5
408,61,4.0
408,63,5.0
408,97,4.0
408,114,4.0
408,141,5.0
408,144,5.0
408,154,4.0
408,162,5.0
408,165,4.0
408,298,4.0
408,349,4.0
408,351,4.0
408,352,3.5
408,358,3.5
408,364,5.0
408,373,5.0
408,376,4.5
408,381,4.0
408,388,4.0
408,397,4.0
408,478,5.0
408,493,4.5
408,539,5.0
408,611,3.5
408,630,4.0
408,642,3.0
408,643,4.5
408,648,4.0
408,650,5.0
408,652,4.0
408,659,4.0
408,764,2.0
408,773,5.0
408,774,5.0
408,797,4.0
408,937,4.0
408,942,3.5
408,946,5.0
408,948,4.5
408,966,3.5
409,0,4.0
409,1,5.0
409,6,5.0
409,8,5.0
409,19,5.0
409,20,5.0
409,26,2.0
409,27,4.0
409,52,4.0
409,53,4.0
409,72,5.0
409,95,5.0
409,122,5.0
409,149,5.0
409,157,2.0
409,169,5.0
409,172,5.0
409,220,4.0
409,231,5.0
409,235,5.0
409,253,5.0
409,254,5.0
409,264,4.0
409,353,5.0
409,373,4.0
409,376,4.0
409,379,5.0
409,384,5.0
409,394,5.0
409,396,5.0
409,400,4.0
409,611,4.0
409,619,3.0
409,653,5.0
409,678,4.0
409,687,5.0
409,695,5.0
409,703,3.0
409,745,4.0
409,750,4.0
409,797,5.0
409,832,4.0
409,837,3.0
409,846,5.0
409,847,4.0
409,925,5.0
409,972,2.0
409,993,5.0
410,0,5.0
410,3,4.0
410,8,2.0
410,27,3.0
410,53,4.0
410,55,5.0
410,74,5.0
410,83,5.0
410,95,3.0
410,99,4.0
410,101,4.0
410,116,5.0
410,117,5.0
410,120,4.0
410,149,3.0
410,166,4.0
410,253,5.0
410,254,5.0
410,264,5.0
410,293,5.0
410,333,5.0
410,379,4.0
410,384,4.0
410,400,5.0
410,403,5.0
410,413,4.0
410,430,4.0
410,490,4.0
410,531,5.0
410,537,5.0
410,541,5.0
410,544,4.0
410,547,5.0
410,549,4.0
410,551,5.0
410,552,5.0
410,564,5.0
410,611,5.0
410,676,4.0
410,684,5.0
410,695,3.0
410,717,4.0
410,797,4.0
410,804,5.0
410,811,4.0
410,837,4.0
410,846,4.0
410,856,4.0
410,909,4.0
410,922,5.0
410,952,4.0
410,972,4.0
410,987,4.0
411,0,4.0
411,3,5.0
411,8,5.0
411,12,5.0
411,27,5.0
411,28,3.0
411,47,3.0
411,48,4.0
411,92,4.0
411,107,5.0
411,146,5.0
411,149,4.0
411,368,5.0
411,511,3.0
411,514,4.0
411,602,3.0
411,618,5.0
411,649,4.0
411,675,2.0
411,695,3.0
411,778,4.0
411,786,5.0
411,824,5.0
411,847,4.0
411,966,3.0
411,985,3.0
411,987,3.0
412,1,5.0
412,6,5.0
412,21,3.0
412,27,4.0
412,43,4.0
412,52,4.0
412,55,5.0
412,95,5.0
412,98,5.0
412,100,2.0
412,107,2.0
412,116,4.0
412,120,5.0
412,122,5.0
412,123,3.0
412,154,3.0
412,157,3.0
412,161,5.0
412,166,5.0
412,169,5.0
412,172,4.0
412,231,4.0
412,253,5.0
412,353,5.0
412,376,5.0
412,394,5.0
412,396,4.0
412,413,5.0
412,504,5.0
412,508,4.0
412,512,4.0
412,527,4.0
412,545,5.0
412,560,5.0
412,573,4.0
412,575,5.0
412,611,1.0
412,636,4.0
412,649,4.0
412,697,3.0
412,703,4.0
412,727,5.0
412,785,3.0
412,817,5.0
412,821,4.0
412,832,5.0
412,836,4.0
412,987,3.0
413,0,5.0
413,1,5.0
413,3,5.0
413,6,4.5
413,8,5.0
413,10,5.0
413,11,5.0
413,19,4.5
413,26,5.0
413,27,5.0
413,29,5.0
413,49,5.0
413,63,1.0
413,64,4.5
413,93,5.0
413,95,1.0
413,97,5.0
413,99,5.0
413,102,5.0
413,155,5.0
413,234,1.0
413,388,4.5
413,612,3.0
413,627,5.0
413,637,5.0
413,638,4.5
413,649,5.0
413,770,5.0
413,807,5.0
413,809,5.0
413,937,5.0
413,945,5.0
414,0,5.0
414,1,5.0
414,2,4.0
414,3,4.0
414,5,4.0
414,6,5.0
414,8,5.0
414,9,5.0
414,10,5.0
414,11,5.0
414,12,5.0
414,14,5.0
414,18,4.5
414,19,5.0
414,20,4.0
414,21,5.0
414,22,5.0
414,26,5.0
414,27,4.0
414,28,5.0
414,29,4.0
414,35,5.0
414,38,4.5
414,39,5.0
414,41,5.0
414,42,4.5
414,43,4.0
414,44,4.25
414,46,4.5
414,47,5.0
414,48,4.0
414,49,5.0
414,53,5.0
414,55,5.0
414,60,5.0
414,61,4.5
414,63,5.0
414,64,4.5
414,68,5.0
414,71,5.0
414,72,5.0
414,74,5.0
414,78,4.5
414,82,4.0
414,92,5.0
414,93,4.0
414,94,3.0
414,95,5.0
414,96,4.0
414,97,5.0
414,98,5.0
414,99,5.0
414,100,5.0
414,101,5.0
414,102,4.0
414,103,4.5
414,105,5.0
414,107,4.0
414,109,4.0
414,111,5.0
414,112,5.0
414,114,5.0
414,116,5.0
414,117,5.0
414,118,5.0
414,119,4.0
414,120,4.0
414,122,5.0
414,123,4.0
414,135,4.0
414,140,4.0
414,141,4.5
414,143,4.5
414,144,4.0
414,146,4.0
414,147,3.5
414,148,4.0
414,149,5.0
414,151,5.0
414,152,4.0
414,154,5.0
414,155,3.0
414,157,3.0
414,158,4.0
414,160,4.5
414,161,5.0
414,162,4.0
414,165,4.0
414,166,5.0
414,168,5.0
414,169,5.0
414,170,5.0
414,171,4.0
414,172,5.0
414,175,5.0
414,210,4.0
414,211,4.0
414,213,4.0
414,214,4.0
414,215,5.0
414,216,4.5
414,217,5.0
414,218,4.0
414,219,5.0
414,220,5.0
414,221,4.0
414,223,5.0
414,224,3.5
414,226,4.0
414,229,4.0
414,230,4.5
414,231,5.0
414,232,4.5
414,233,4.0
414,234,4.0
414,235,4.0
414,237,3.5
414,239,5.0
414,240,5.0
414,241,5.0
414,242,4.0
414,243,4.0
414,246,4.5
414,248,4.0
414,249,5.0
414,250,4.5
414,252,4.0
414,253,5.0
414,254,4.0
414,255,4.5
414,257,4.0
414,262,5.0
414,264,4.0
414,266,4.0
414,268,4.0
414,273,4.0
414,274,5.0
414,275,4.0
414,278,4.5
414,293,4.0
414,306,4.0
414,346,5.0
414,348,4.0
414,349,4.0
414,350,5.0
414,351,5.0
414,352,4.0
414,353,5.0
414,355,4.0
414,356,5.0
414,358,4.0
414,359,4.0
414,360,3.0
414,361,4.0
414,362,4.0
414,363,4.0
414,364,4.0
414,365,4.0
414,366,5.0
414,367,5.0
414,368,4.0
414,370,3.5
414,371,4.5
414,372,4.0
414,373,4.0
414,374,5.0
414,375,3.5
414,376,4.0
414,377,4.0
414,379,5.0
414,380,4.0
414,381,4.0
414,382,4.0
414,384,4.0
414,385,3.0
414,386,4.0
414,387,4.0
414,388,4.0
414,389,4.0
414,391,4.0
414,394,5.0
414,398,4.0
414,401,4.0
414,403,5.0
414,404,4.0
414,406,4.0
414,407,3.0
414,410,4.0
414,413,4.0
414,473,4.0
414,475,4.0
414,476,4.0
414,478,4.0
414,480,4.0
414,481,4.0
414,483,4.0
414,484,4.0
414,486,5.0
414,487,4.0
414,489,4.0
414,490,5.0
414,491,5.0
414,493,4.0
414,494,4.0
414,495,4.0
414,496,4.5
414,497,4.0
414,498,4.0
414,500,4.0
414,502,4.5
414,503,4.0
414,507,4.0
414,508,3.0
414,510,5.0
414,511,5.0
414,512,5.0
414,514,4.0
414,521,4.0
414,522,4.0
414,525,4.0
414,530,4.0
414,533,4.0
414,534,4.0
414,535,5.0
414,536,3.0
414,537,4.0
414,538,4.0
414,539,4.0
414,541,4.0
414,543,5.0
414,544,3.0
414,547,5.0
414,573,3.0
414,575,2.5
414,592,3.5
414,598,5.0
414,602,4.0
414,603,4.0
414,604,5.0
414,605,3.5
414,606,5.0
414,609,4.0
414,610,5.0
414,611,4.0
414,612,4.0
414,613,3.0
414,616,3.5
414,618,4.0
414,619,4.0
414,621,3.5
414,622,4.0
414,623,4.0
414,625,4.0
414,627,3.5
414,628,4.25
414,629,4.0
414,631,4.5
414,633,4.5
414,634,4.0
414,635,3.5
414,636,5.0
414,637,4.0
414,638,5.0
414,639,4.5
414,641,4.0
414,642,4.0
414,643,3.5
414,646,4.0
414,648,4.5
414,649,5.0
414,652,4.5
414,653,4.0
414,654,4.0
414,656,4.0
414,657,3.0
414,660,4.5
414,661,3.5
414,662,3.5
414,664,4.0
414,665,4.0
414,666,3.5
414,669,4.0
414,672,4.0
414,676,4.0
414,678,4.0
414,680,3.0
414,682,4.5
414,687,4.0
414,690,5.0
414,691,4.0
414,692,5.0
414,695,4.0
414,697,4.0
414,700,5.0
414,706,4.0
414,722,4.0
414,727,4.0
414,732,3.0
414,761,4.5
414,762,5.0
414,763,2.0
414,764,4.0
414,765,3.5
414,766,3.5
414,767,4.0
414,768,4.0
414,769,4.0
414,770,4.0
414,771,5.0
414,773,4.0
414,774,4.0
414,777,4.0
414,778,3.0
414,779,4.0
414,780,3.5
414,781,3.5
414,782,4.5
414,783,3.0
414,784,4.0
414,785,4.0
414,786,4.0
414,787,4.0
414,788,3.5
414,789,4.0
414,790,4.0
414,792,5.0
414,795,5.0
414,796,4.5
414,797,4.0
414,799,4.0
414,800,5.0
414,802,5.0
414,803,4.0
414,804,5.0
414,805,3.0
414,807,3.5
414,808,4.0
414,809,4.0
414,810,4.0
414,811,4.0
414,812,4.0
414,816,4.0
414,817,4.0
414,819,3.5
414,821,5.0
414,824,3.5
414,827,4.0
414,828,5.0
414,829,2.0
414,830,4.0
414,832,4.0
414,833,3.5
414,834,4.0
414,835,3.25
414,836,3.5
414,837,5.0
414,838,4.0
414,840,3.0
414,843,4.0
414,844,5.0
414,846,4.0
414,847,5.0
414,848,4.0
414,854,4.0
414,856,3.0
414,861,5.0
414,865,4.0
414,868,4.5
414,874,5.0
414,877,3.0
414,879,4.0
414,890,5.0
414,893,4.0
414,894,3.75
414,898,4.0
414,902,4.0
414,915,4.0
414,924,4.0
414,931,2.0
414,932,4.0
414,933,3.5
414,934,4.0
414,937,4.0
414,939,4.0
414,940,5.0
414,941,4.0
414,942,4.0
414,944,4.0
414,945,4.0
414,946,4.5
414,948,3.5
414,949,5.0
414,950,5.0
414,951,4.0
414,952,5.0
414,953,4.0
414,954,3.0
414,955,3.0
414,956,4.0
414,957,5.0
414,958,4.5
414,959,3.0
414,960,4.5
414,961,4.0
414,964,4.0
414,965,4.0
414,966,3.0
414,969,3.5
414,970,4.0
414,971,4.0
414,972,5.0
414,976,4.0
414,977,4.0
414,978,3.0
414,982,4.0
414,983,5.0
414,986,4.0
414,987,3.5
414,988,4.0
414,989,4.0
414,990,4.0
414,992,4.0
414,994,3.5
414,997,4.0
415,0,5.0
415,1,5.0
415,2,4.0
415,4,4.5
415,6,5.0
415,8,5.0
415,9,4.0
415,10,5.0
415,12,5.0
415,19,5.0
415,20,5.0
415,21,4.5
415,27,5.0
415,29,4.5
415,42,4.5
415,47,4.5
415,49,4.0
415,55,4.5
415,60,4.5
415,63,4.0
415,64,4.5
415,67,4.0
415,74,5.0
415,83,4.5
415,95,3.5
415,103,5.0
415,116,4.0
415,120,5.0
415,122,5.0
415,123,4.5
415,146,4.0
415,149,4.5
415,157,4.0
415,166,4.5
415,231,4.5
415,253,4.5
415,276,4.5
415,353,4.5
415,363,4.0
415,372,4.0
415,382,4.5
415,384,4.0
415,400,4.5
415,507,4.0
415,527,4.0
415,552,4.0
415,559,4.5
415,649,3.5
415,684,4.0
415,786,4.0
415,804,4.0
415,837,4.0
415,847,4.0
416,0,3.0
416,3,3.5
416,8,4.0
416,10,4.0
416,12,2.5
416,14,2.5
416,21,1.0
416,22,2.0
416,52,4.0
416,74,4.5
416,95,3.5
416,101,4.0
416,152,3.5
416,157,2.5
416,158,2.5
416,216,2.0
416,231,4.5
416,242,0.5
416,473,0.5
416,495,0.5
416,512,4.0
416,592,4.0
416,619,2.0
416,837,5.0
416,844,4.0
416,898,4.5
416,949,1.0
416,957,5.0
417,0,5.0
417,1,5.0
417,2,4.0
417,5,5.0
417,6,5.0
417,8,5.0
417,9,4.5
417,10,5.0
417,11,5.0
417,12,4.0
417,14,5.0
417,18,3.5
417,19,3.5
417,20,4.5
417,21,5.0
417,27,4.0
417,41,5.0
417,44,4.0
417,49,5.0
417,60,5.0
417,63,2.5
417,67,5.0
417,93,5.0
417,95,4.0
417,96,4.5
417,97,5.0
417,100,3.5
417,101,5.0
417,140,5.0
417,145,5.0
417,148,5.0
417,152,5.0
417,157,4.5
417,158,5.0
417,165,4.0
417,223,4.5
417,237,5.0
417,239,5.0
417,352,4.0
417,356,5.0
417,359,4.5
417,370,5.0
417,380,4.0
417,381,4.0
417,495,5.0
417,506,3.5
417,615,3.0
417,655,3.5
417,659,4.5
417,782,5.0
417,784,4.5
417,791,5.0
417,931,5.0
417,932,3.0
417,941,5.0
418,0,5.0
418,3,4.5
418,5,5.0
418,8,4.5
418,9,4.0
418,10,5.0
418,11,5.0
418,12,4.0
418,14,5.0
418,27,4.0
418,29,4.5
418,39,4.5
418,47,4.5
418,52,4.5
418,60,3.5
418,97,5.0
418,99,5.0
418,101,4.5
418,103,5.0
418,105,4.0
418,145,4.0
418,148,4.0
418,149,4.5
418,154,4.0
418,169,5.0
418,213,4.0
418,220,3.5
418,224,4.5
418,234,5.0
418,239,5.0
418,246,4.5
418,253,5.0
418,349,4.5
418,356,5.0
418,358,0.5
418,379,4.5
418,380,4.5
418,382,4.0
418,473,3.5
418,482,5.0
418,489,4.5
418,490,5.0
418,542,4.0
418,604,4.5
418,609,4.5
418,623,4.5
418,627,3.5
418,630,4.0
418,631,4.5
418,636,4.5
418,643,0.5
418,659,3.0
418,762,4.0
418,796,5.0
418,820,4.5
418,941,4.5
418,949,2.0
418,951,0.5
419,0,5.0
419,1,5.0
419,2,3.5
419,3,5.0
419,6,4.0
419,8,5.0
419,10,5.0
419,12,4.5
419,19,4.0
419,21,4.0
419,26,5.0
419,27,3.0
419,29,4.5
419,38,5.0
419,41,4.0
419,47,4.0
419,49,4.5
419,60,3.0
419,71,3.0
419,92,4.0
419,93,3.5
419,95,4.0
419,97,3.0
419,100,5.0
419,101,4.5
419,102,4.5
419,105,4.5
419,141,5.0
419,146,3.5
419,149,4.0
419,154,4.5
419,157,4.0
419,158,3.5
419,170,4.0
419,219,3.5
419,239,5.0
419,241,4.0
419,257,4.0
419,356,4.5
419,363,2.5
419,493,3.0
419,494,0.5
419,573,0.5
419,611,0.5
419,630,5.0
419,638,4.5
419,656,4.0
419,680,3.5
419,771,4.0
419,809,1.5
419,810,0.5
419,932,4.5
419,945,4.0
420,0,4.5
420,3,4.5
420,4,4.0
420,5,4.5
420,8,4.0
420,10,4.0
420,11,4.5
420,12,4.0
420,14,4.5
420,20,4.0
420,21,4.5
420,29,4.5
420,39,3.5
420,48,4.5
420,49,4.0
420,57,4.0
420,58,3.5
420,71,3.5
420,74,4.0
420,75,4.5
420,85,4.0
420,95,4.0
420,98,4.0
420,101,4.0
420,103,4.0
420,107,4.0
420,117,3.5
420,118,5.0
420,146,3.5
420,152,4.0
420,157,4.0
420,162,4.0
420,165,4.5
420,169,5.0
420,172,5.0
420,216,4.0
420,217,3.5
420,242,3.0
420,287,3.5
420,333,4.0
420,356,4.0
420,363,4.0
420,365,3.0
420,371,4.0
420,372,4.0
420,374,3.5
420,377,3.5
420,388,3.0
420,473,4.0
420,495,4.0
420,498,3.5
420,503,4.0
420,536,3.0
420,552,4.0
420,619,3.5
420,631,4.0
420,698,3.5
420,844,4.0
420,906,4.0
420,920,4.5
420,937,3.5
420,940,3.5
420,948,4.0
421,0,5.0
421,3,5.0
421,4,4.5
421,20,4.0
421,27,5.0
421,35,5.0
421,53,4.0
421,55,4.0
421,82,4.5
421,84,4.5
421,95,5.0
421,96,4.5
421,99,4.5
421,101,4.5
421,123,4.0
421,124,4.5
421,171,5.0
421,265,4.5
421,379,5.0
421,380,4.5
421,418,5.0
421,573,3.5
421,788,4.5
422,0,5.0
422,1,4.0
422,10,4.0
422,19,5.0
422,20,5.0
422,53,4.0
422,55,3.0
422,74,5.0
422,83,5.0
422,107,4.0
422,116,3.0
422,117,4.0
422,153,4.0
422,161,4.0
422,166,4.0
422,210,4.0
422,211,5.0
422,274,4.0
422,290,4.0
422,373,4.0
422,398,3.0
422,400,4.0
422,412,4.0
422,491,4.0
422,513,5.0
422,533,4.0
422,538,4.0
422,539,5.0
422,610,2.0
422,637,4.0
422,638,4.0
422,687,2.0
422,797,4.0
422,831,4.0
423,0,5.0
423,8,4.5
423,12,5.0
423,28,5.0
423,43,1.5
423,92,4.0
423,146,5.0
423,158,3.5
423,376,5.0
423,394,4.0
423,634,4.5
423,649,4.5
423,669,5.0
423,777,4.0
423,786,5.0
423,949,3.5
424,0,3.5
424,1,3.0
424,2,3.5
424,6,2.5
424,8,4.5
424,9,2.5
424,10,4.5
424,19,3.5
424,20,4.0
424,21,2.0
424,27,4.0
424,28,2.0
424,38,3.5
424,42,4.5
424,47,5.0
424,48,4.5
424,49,4.0
424,52,4.0
424,60,4.5
424,64,4.5
424,67,4.5
424,93,4.5
424,95,2.5
424,96,3.5
424,97,4.0
424,99,3.5
424,100,3.5
424,102,3.5
424,140,4.0
424,145,5.0
424,148,3.5
424,149,4.0
424,152,3.0
424,153,3.0
424,157,2.0
424,162,3.5
424,166,3.5
424,212,5.0
424,213,1.0
424,231,3.5
424,239,3.0
424,251,3.5
424,355,3.5
424,357,4.5
424,363,3.0
424,374,3.5
424,377,3.0
424,503,4.5
424,505,4.0
424,507,4.0
424,508,4.0
424,538,3.5
424,610,3.5
424,628,3.5
424,636,3.5
424,646,3.5
424,766,3.0
424,770,3.5
424,775,4.5
424,779,5.0
424,782,4.5
424,784,4.5
424,785,3.5
424,821,3.5
424,847,3.5
424,894,4.5
424,932,3.5
424,934,4.0
424,945,4.5
424,955,3.5
424,958,4.5
425,0,5.0
425,1,3.5
425,3,4.0
425,5,4.0
425,6,3.5
425,8,4.0
425,9,4.5
425,10,4.5
425,11,4.5
425,12,5.0
425,14,4.5
425,21,3.5
425,22,3.0
425,26,4.0
425,27,4.0
425,28,3.5
425,29,4.0
425,41,4.5
425,43,4.0
425,47,4.5
425,48,3.0
425,49,4.0
425,60,3.5
425,63,4.0
425,68,3.5
425,74,3.0
425,92,4.0
425,94,4.0
425,95,3.0
425,97,4.0
425,100,3.5
425,101,3.0
425,103,3.0
425,105,4.0
425,114,3.0
425,144,4.0
425,146,3.5
425,148,3.0
425,151,4.0
425,152,3.5
425,153,3.5
425,154,3.5
425,157,3.5
425,158,4.0
425,160,4.0
425,161,3.5
425,169,3.5
425,211,3.0
425,216,3.5
425,219,3.0
425,220,4.0
425,221,3.5
425,231,2.5
425,233,3.0
425,234,4.0
425,239,5.0
425,242,4.0
425,278,4.5
425,362,4.0
425,365,4.0
425,368,4.0
425,371,3.5
425,372,3.0
425,374,4.0
425,375,3.0
425,377,4.0
425,473,3.5
425,482,3.5
425,491,4.5
425,493,4.0
425,494,3.5
425,495,4.0
425,507,3.5
425,510,3.0
425,511,3.5
425,592,4.0
425,610,3.5
425,619,2.5
425,629,3.5
425,636,3.0
425,637,3.5
425,638,3.5
425,641,4.0
425,648,3.5
425,649,3.5
425,666,3.5
425,669,4.0
425,769,4.0
425,778,2.5
425,784,4.0
425,786,3.0
425,800,4.5
425,804,4.0
425,805,4.0
425,810,4.0
425,812,3.5
425,821,3.5
425,837,3.0
425,865,4.0
425,931,3.5
425,939,3.0
425,940,4.5
425,942,3.5
425,945,4.0
425,949,4.0
425,955,3.5
425,961,3.0
425,966,3.5
425,971,3.5
425,985,3.0
425,992,3.5
425,997,4.0
426,0,3.5
426,5,2.0
426,8,3.5
426,11,1.5
426,12,5.0
426,14,2.0
426,48,5.0
426,60,2.0
426,78,3.5
426,103,3.5
426,109,2.5
426,143,2.5
426,146,4.0
426,158,4.5
426,160,5.0
426,221,4.0
426,224,4.5
426,226,3.0
426,228,4.0
426,242,5.0
426,249,5.0
426,353,5.0
426,362,5.0
426,372,4.5
426,382,2.5
426,385,4.0
426,482,5.0
426,495,4.5
426,605,3.5
426,638,3.5
426,639,2.0
426,661,5.0
426,765,5.0
426,781,5.0
426,786,3.5
426,804,2.0
426,810,4.5
426,931,5.0
426,951,2.5
426,954,5.0
426,969,5.0
426,984,3.5
427,8,4.5
427,11,4.0
427,14,4.5
427,41,4.0
427,49,4.0
427,60,5.0
427,71,5.0
427,92,4.0
427,155,4.0
427,158,4.0
427,167,4.0
427,379,3.5
427,394,4.0
427,486,4.5
427,493,4.0
427,769,4.0
427,771,4.0
427,774,3.5
427,785,4.0
427,816,4.5
427,821,3.0
427,931,2.0
427,940,3.0
427,949,3.5
427,984,3.5
428,5,3.5
428,8,4.5
428,10,4.0
428,11,3.5
428,12,3.0
428,14,3.5
428,21,4.0
428,22,3.5
428,26,3.5
428,27,2.5
428,28,2.5
428,41,3.0
428,43,3.0
428,49,3.5
428,68,3.5
428,71,3.5
428,92,2.5
428,95,3.5
428,100,4.0
428,101,4.5
428,103,4.0
428,105,3.0
428,114,3.5
428,119,2.5
428,144,3.0
428,146,2.0
428,148,3.5
428,152,4.5
428,157,3.5
428,160,2.0
428,169,3.5
428,210,2.5
428,216,2.5
428,217,3.5
428,219,2.5
428,221,3.0
428,233,2.5
428,235,3.5
428,242,2.0
428,356,4.5
428,368,2.0
428,372,2.0
428,375,0.5
428,377,4.0
428,386,4.5
428,473,1.0
428,491,3.0
428,494,1.0
428,495,1.0
428,498,4.0
428,507,3.5
428,514,4.0
428,611,3.5
428,613,1.0
428,619,2.0
428,634,4.0
428,637,2.5
428,638,2.0
428,648,3.0
428,669,3.5
428,771,4.0
428,774,3.0
428,778,2.0
428,786,2.0
428,789,4.0
428,797,3.0
428,810,3.5
428,840,3.0
428,847,4.0
428,877,1.5
428,931,3.0
428,939,2.0
428,940,4.0
428,949,3.5
428,961,2.0
428,966,1.0
428,981,3.5
429,368,5.0
429,372,5.0
429,385,5.0
429,602,5.0
429,618,3.0
429,786,5.0
429,966,4.0
430,0,5.0
430,1,4.0
430,12,3.0
430,21,5.0
430,95,5.0
430,114,4.0
430,117,5.0
430,157,5.0
430,160,3.5
430,495,4.0
430,638,2.0
430,697,5.0
430,775,3.5
430,785,5.0
430,804,5.0
430,811,4.0
430,837,4.0
430,844,5.0
430,848,4.0
430,933,4.5
430,949,5.0
431,116,3.0
431,122,4.0
431,376,4.0
431,486,5.0
431,784,4.0
432,0,3.0
432,1,4.0
432,2,4.0
432,3,4.5
432,5,4.0
432,6,4.0
432,8,2.5
432,9,4.5
432,10,3.5
432,11,3.5
432,12,4.5
432,14,4.0
432,21,3.5
432,22,3.5
432,27,4.0
432,28,3.5
432,29,4.0
432,38,4.5
432,41,4.5
432,42,2.5
432,43,4.0
432,47,3.0
432,48,5.0
432,49,4.5
432,53,5.0
432,60,3.5
432,67,3.0
432,68,4.0
432,78,4.0
432,92,4.0
432,95,3.5
432,96,5.0
432,97,4.5
432,101,4.0
432,107,2.5
432,109,4.0
432,112,4.0
432,114,3.5
432,145,4.5
432,146,4.5
432,152,2.5
432,154,2.0
432,157,4.0
432,158,4.5
432,160,3.5
432,162,4.0
432,165,4.0
432,210,5.0
432,211,4.0
432,216,0.5
432,219,3.5
432,221,4.0
432,234,4.5
432,239,3.5
432,242,4.0
432,255,4.0
432,257,4.0
432,262,3.5
432,275,4.0
432,355,5.0
432,363,3.5
432,364,4.0
432,365,4.5
432,368,4.5
432,370,2.5
432,377,2.5
432,381,2.5
432,382,4.0
432,385,4.0
432,388,3.5
432,406,4.0
432,407,0.5
432,473,4.0
432,475,4.0
432,480,4.5
432,493,4.5
432,494,3.0
432,495,4.5
432,500,1.5
432,503,3.0
432,510,2.0
432,521,4.0
432,605,5.0
432,628,5.0
432,637,4.0
432,638,3.5
432,643,4.5
432,648,4.5
432,669,4.0
432,702,2.5
432,763,4.5
432,769,3.5
432,770,4.5
432,777,4.5
432,779,4.0
432,784,4.5
432,816,3.5
432,920,4.0
432,933,4.0
432,937,4.0
432,940,2.5
432,941,4.0
432,949,4.0
432,951,3.5
432,953,4.0
432,954,3.5
432,955,4.5
432,966,2.0
432,992,3.0
433,0,4.5
433,3,2.5
433,8,5.0
433,9,3.0
433,10,4.0
433,27,4.0
433,47,5.0
433,49,4.0
433,61,4.5
433,64,2.0
433,92,3.0
433,100,4.0
433,145,3.0
433,152,4.0
433,231,4.0
433,239,4.5
433,476,5.0
433,598,1.5
433,623,4.0
434,0,4.0
434,1,5.0
434,2,5.0
434,3,5.0
434,5,5.0
434,8,5.0
434,10,5.0
434,11,5.0
434,12,4.5
434,14,5.0
434,19,4.5
434,20,4.5
434,21,5.0
434,22,5.0
434,26,5.0
434,27,4.0
434,28,4.5
434,29,4.5
434,38,4.0
434,39,3.5
434,41,3.5
434,42,5.0
434,43,5.0
434,49,5.0
434,60,5.0
434,67,5.0
434,68,5.0
434,71,3.5
434,74,4.0
434,78,3.5
434,92,4.5
434,93,5.0
434,94,4.0
434,95,5.0
434,97,4.5
434,98,4.5
434,100,4.0
434,101,4.5
434,102,4.0
434,103,4.0
434,105,5.0
434,107,4.0
434,109,3.5
434,114,4.5
434,141,4.5
434,143,5.0
434,144,4.5
434,145,4.5
434,146,5.0
434,149,5.0
434,151,5.0
434,152,4.0
434,154,4.5
434,157,5.0
434,158,4.0
434,160,4.0
434,162,4.0
434,165,5.0
434,169,5.0
434,211,4.0
434,217,5.0
434,219,3.5
434,221,3.5
434,223,4.5
434,226,4.0
434,231,5.0
434,234,4.0
434,239,4.5
434,241,5.0
434,242,4.5
434,248,3.5
434,353,4.0
434,356,5.0
434,362,4.5
434,364,4.0
434,367,2.0
434,372,4.0
434,373,5.0
434,374,3.5
434,377,4.5
434,382,4.5
434,386,5.0
434,473,3.0
434,475,5.0
434,480,4.0
434,481,3.0
434,483,5.0
434,493,4.0
434,495,3.0
434,498,4.5
434,500,5.0
434,502,5.0
434,503,4.5
434,507,4.0
434,511,3.5
434,521,4.5
434,611,4.5
434,613,3.5
434,619,5.0
434,621,3.5
434,629,4.0
434,631,4.0
434,634,4.0
434,636,3.5
434,638,3.0
434,648,3.5
434,652,5.0
434,666,3.0
434,765,3.5
434,769,4.0
434,770,4.5
434,773,3.5
434,778,3.0
434,786,5.0
434,796,4.0
434,805,3.5
434,807,4.0
434,812,4.0
434,890,4.5
434,931,2.5
434,937,3.5
434,940,5.0
434,945,4.5
434,949,3.0
434,953,1.0
434,957,4.5
434,971,4.0
434,972,3.5
434,986,4.0
435,0,5.0
435,1,5.0
435,2,5.0
435,6,5.0
435,9,4.5
435,10,5.0
435,20,4.5
435,38,5.0
435,41,4.5
435,42,5.0
435,47,4.0
435,103,4.0
435,109,4.0
435,141,4.0
435,145,4.5
435,151,5.0
435,152,4.5
435,162,4.0
435,216,4.5
435,377,5.0
435,382,5.0
435,481,4.5
435,623,4.5
435,661,4.0
435,952,4.0
435,960,4.0
436,0,4.0
436,3,5.0
436,12,4.0
436,27,3.0
436,28,4.0
436,48,4.0
436,107,4.0
436,146,3.0
436,372,3.0
436,385,3.0
436,514,4.0
436,602,3.0
436,649,5.0
436,695,3.0
436,778,4.0
436,786,4.0
436,824,4.0
436,966,3.0
436,970,4.0
436,977,3.0
437,0,5.0
437,3,5.0
437,8,5.0
437,12,3.0
437,19,5.0
437,39,4.0
437,47,4.0
437,71,5.0
437,72,5.0
437,92,4.0
437,94,5.0
437,101,4.0
437,111,5.0
437,114,5.0
437,122,5.0
437,144,4.0
437,155,5.0
437,220,3.0
437,231,5.0
437,234,3.0
437,241,5.0
437,274,4.0
437,353,4.0
437,368,5.0
437,373,5.0
437,374,4.0
437,379,4.0
437,396,5.0
437,407,5.0
437,494,3.0
437,511,3.0
437,531,3.0
437,547,5.0
437,675,4.0
437,678,5.0
437,692,5.0
437,779,4.0
437,786,4.0
437,817,4.0
437,824,5.0
437,832,4.0
437,834,5.0
437,847,5.0
438,0,5.0
438,3,4.5
438,5,4.0
438,10,3.5
438,11,3.0
438,12,4.0
438,14,4.0
438,21,5.0
438,22,5.0
438,26,4.0
438,28,5.0
438,38,4.0
438,39,4.0
438,41,5.0
438,42,4.5
438,48,4.5
438,60,4.5
438,92,4.5
438,94,5.0
438,97,4.5
438,103,4.0
438,107,4.5
438,114,5.0
438,118,4.0
438,141,4.5
438,146,4.0
438,148,4.0
438,151,3.5
438,152,4.5
438,154,4.0
438,157,4.0
438,158,4.0
438,160,4.0
438,161,5.0
438,162,4.0
438,216,5.0
438,219,4.0
438,221,3.5
438,223,2.5
438,233,4.0
438,242,4.0
438,255,4.0
438,265,5.0
438,362,5.0
438,363,4.0
438,364,4.0
438,368,3.0
438,371,3.5
438,372,4.0
438,373,4.0
438,374,4.0
438,375,3.0
438,377,4.0
438,385,4.0
438,404,3.0
438,473,3.0
438,482,4.5
438,491,4.0
438,493,4.5
438,495,4.5
438,500,3.0
438,510,4.5
438,536,2.0
438,544,5.0
438,613,4.0
438,634,4.5
438,636,4.0
438,637,4.0
438,638,3.5
438,648,4.5
438,649,4.0
438,661,4.0
438,669,4.5
438,672,3.5
438,697,3.5
438,704,3.5
438,763,4.0
438,765,4.0
438,769,4.0
438,771,4.5
438,774,3.0
438,786,4.0
438,789,3.0
438,792,5.0
438,796,4.0
438,800,4.5
438,807,3.5
438,811,3.0
438,812,4.5
438,821,4.0
438,824,4.0
438,827,4.0
438,844,4.0
438,847,3.5
438,865,4.0
438,931,4.0
438,937,5.0
438,940,4.5
438,941,4.0
438,945,3.5
438,949,2.0
438,952,4.5
438,953,3.5
438,956,4.5
438,961,2.5
438,966,4.0
438,970,4.0
438,988,3.0
439,0,5.0
439,3,4.5
439,5,5.0
439,11,5.0
439,12,5.0
439,14,4.0
439,21,5.0
439,26,4.0
439,28,3.5
439,63,4.5
439,92,3.5
439,112,4.0
439,144,3.0
439,154,4.5
439,219,4.0
439,362,4.0
439,630,3.5
439,638,4.5
440,43,4.5
440,78,4.0
440,98,4.5
440,103,4.0
440,217,5.0
440,356,4.5
440,360,3.0
440,386,3.0
440,500,3.5
440,512,4.5
440,541,4.5
440,669,4.0
440,871,4.0
441,2,5.0
441,3,0.5
441,5,5.0
441,8,5.0
441,10,4.5
441,11,5.0
441,21,5.0
441,22,4.0
441,27,4.5
441,28,5.0
441,61,5.0
441,63,5.0
441,93,4.5
441,100,4.5
441,140,4.0
441,154,4.0
441,377,5.0
441,481,4.5
441,495,4.5
441,498,5.0
441,502,4.5
441,619,5.0
441,621,5.0
441,630,3.5
441,635,4.5
441,685,4.0
442,360,0.5
442,539,0.5
442,690,1.0
442,977,2.5
443,0,5.0
443,5,5.0
443,8,4.0
443,9,1.0
443,10,4.0
443,11,4.5
443,12,5.0
443,14,5.0
443,20,4.0
443,21,3.5
443,27,3.5
443,49,4.0
443,68,3.0
443,92,4.5
443,95,4.0
443,97,4.0
443,103,4.0
443,107,4.0
443,157,3.5
443,165,4.0
443,231,5.0
443,382,4.0
443,475,3.0
443,627,4.0
443,790,5.0
444,0,4.0
444,3,5.0
444,8,5.0
444,12,5.0
444,27,5.0
444,28,4.0
444,47,5.0
444,92,4.0
444,94,4.0
444,146,3.0
444,149,5.0
444,155,4.0
444,385,4.0
444,486,4.0
444,511,4.0
444,695,5.0
444,778,3.0
445,2,3.5
445,3,3.0
445,5,5.0
445,8,4.0
445,9,4.5
445,10,5.0
445,11,5.0
445,12,3.0
445,14,4.0
445,21,5.0
445,26,3.5
445,27,4.0
445,44,4.5
445,46,3.5
445,74,5.0
445,78,3.5
445,92,5.0
445,93,4.5
445,103,4.0
445,118,3.0
445,141,2.0
445,145,4.5
445,149,3.0
445,151,3.5
445,157,4.0
445,158,4.0
445,165,4.5
445,169,5.0
445,172,3.5
445,214,5.0
445,217,4.0
445,231,3.5
445,239,5.0
445,250,3.5
445,257,4.5
445,353,5.0
445,356,4.0
445,368,3.5
445,374,5.0
445,379,4.0
445,388,3.0
445,396,5.0
445,491,2.0
445,500,3.5
445,550,3.5
445,638,2.0
445,648,3.5
445,649,4.0
445,661,4.0
445,703,3.5
445,765,3.0
445,804,3.0
445,817,3.5
445,931,3.0
446,3,5.0
446,8,4.0
446,12,3.0
446,27,5.0
446,28,5.0
446,47,4.0
446,48,3.0
446,146,4.0
446,155,3.0
446,368,4.0
446,372,3.0
446,374,4.0
446,385,4.0
446,486,3.0
446,514,3.0
446,649,3.0
446,695,3.0
446,778,3.0
446,786,3.0
446,810,5.0
446,817,5.0
446,824,5.0
446,847,4.0
446,966,3.0
446,970,4.0
447,0,5.0
447,8,5.0
447,12,4.0
447,27,4.0
447,28,4.0
447,48,4.0
447,92,5.0
447,146,4.0
447,368,3.0
447,372,5.0
447,385,4.0
447,573,4.0
447,618,4.0
447,649,4.0
447,778,2.0
447,786,4.0
447,810,3.0
447,824,3.0
447,966,4.0
447,970,4.0
447,977,5.0
448,1,5.0
448,2,3.5
448,5,4.5
448,6,5.0
448,8,5.0
448,9,4.0
448,10,4.0
448,11,4.0
448,12,3.0
448,14,4.0
448,18,3.0
448,19,5.0
448,20,5.0
448,21,2.0
448,22,5.0
448,27,5.0
448,28,3.0
448,39,5.0
448,41,4.0
448,42,4.0
448,43,3.0
448,44,4.5
448,47,4.0
448,53,4.5
448,54,5.0
448,60,4.0
448,61,3.5
448,63,5.0
448,64,3.0
448,68,2.0
448,71,4.0
448,78,2.5
448,93,3.5
448,95,4.0
448,96,4.0
448,97,4.0
448,98,4.0
448,100,5.0
448,101,4.0
448,102,4.5
448,106,5.0
448,107,5.0
448,109,3.0
448,112,5.0
448,114,5.0
448,117,4.5
448,122,4.0
448,140,4.5
448,141,3.5
448,144,4.0
448,145,4.0
448,146,3.0
448,148,3.0
448,151,4.0
448,152,4.0
448,154,5.0
448,155,5.0
448,157,4.0
448,160,3.5
448,161,4.0
448,162,3.0
448,168,4.0
448,169,5.0
448,170,5.0
448,211,4.0
448,213,3.0
448,214,3.5
448,215,3.0
448,216,3.5
448,217,4.0
448,219,3.0
448,221,4.0
448,226,3.0
448,231,4.0
448,232,4.0
448,233,4.0
448,235,4.0
448,239,4.0
448,241,4.0
448,242,4.0
448,244,4.0
448,249,4.0
448,253,5.0
448,254,5.0
448,255,4.5
448,274,5.0
448,348,3.5
448,350,3.5
448,351,4.0
448,352,4.0
448,355,3.5
448,356,4.0
448,358,2.25
448,359,3.5
448,360,3.0
448,362,4.5
448,363,4.0
448,364,4.5
448,365,3.0
448,368,3.0
448,373,4.0
448,374,2.0
448,375,2.25
448,376,3.0
448,377,3.5
448,380,4.5
448,381,3.0
448,388,3.5
448,391,4.0
448,394,4.0
448,396,5.0
448,404,1.5
448,412,4.0
448,475,3.0
448,478,3.5
448,480,4.0
448,481,3.5
448,486,4.0
448,490,3.0
448,491,4.0
448,493,3.0
448,494,4.0
448,496,4.0
448,498,4.0
448,499,3.0
448,502,3.5
448,506,3.0
448,507,3.0
448,508,5.0
448,509,3.5
448,510,5.0
448,521,4.0
448,535,5.0
448,536,4.0
448,543,4.0
448,544,3.5
448,610,3.0
448,611,4.0
448,613,3.0
448,618,3.5
448,619,3.25
448,621,4.5
448,623,4.0
448,628,4.0
448,629,1.0
448,630,2.5
448,631,4.0
448,634,4.0
448,635,3.5
448,636,4.0
448,637,3.0
448,638,4.0
448,639,3.5
448,641,3.0
448,642,4.0
448,643,2.5
448,645,3.0
448,648,4.0
448,649,4.0
448,654,4.5
448,655,3.5
448,656,4.0
448,660,4.0
448,662,4.0
448,664,5.0
448,674,3.0
448,691,4.0
448,700,5.0
448,703,4.0
448,711,4.0
448,715,4.0
448,719,2.0
448,745,4.0
448,750,5.0
448,754,5.0
448,762,3.0
448,764,3.5
448,766,4.0
448,767,2.5
448,769,4.0
448,770,3.0
448,771,4.0
448,773,5.0
448,777,4.0
448,778,3.0
448,780,3.0
448,782,3.0
448,786,3.0
448,787,4.0
448,788,3.0
448,789,3.0
448,790,4.0
448,792,2.0
448,795,4.0
448,796,3.5
448,797,5.0
448,798,1.5
448,799,3.5
448,802,4.0
448,803,2.0
448,804,2.0
448,807,3.5
448,808,3.5
448,809,4.0
448,811,4.0
448,812,4.0
448,814,3.5
448,816,4.0
448,820,3.5
448,821,4.0
448,827,3.5
448,831,4.0
448,832,3.0
448,835,5.0
448,836,5.0
448,837,4.0
448,840,4.5
448,847,4.0
448,848,3.0
448,854,4.0
448,869,1.5
448,886,4.5
448,894,5.0
448,924,4.0
448,931,3.0
448,934,3.5
448,935,2.5
448,937,3.0
448,939,4.5
448,940,3.0
448,942,4.0
448,945,3.0
448,946,4.0
448,949,4.0
448,951,3.0
448,952,3.0
448,953,3.5
448,957,3.5
448,959,4.0
448,960,4.5
448,964,3.0
448,966,4.0
448,969,3.0
448,970,4.0
448,976,3.0
448,977,3.0
448,988,4.0
448,995,4.5
449,0,5.0
449,3,4.0
449,10,4.5
449,14,2.0
449,47,4.5
449,49,4.5
449,60,4.5
449,95,4.0
449,105,3.0
449,151,4.0
449,170,4.0
449,241,3.5
449,374,4.0
449,613,2.5
449,804,3.5
449,945,4.5
449,952,2.5
449,972,4.0
450,20,5.0
450,26,5.0
450,28,5.0
450,92,5.0
450,95,4.0
450,96,4.0
450,101,5.0
450,120,4.0
450,149,4.0
450,210,4.0
450,211,5.0
450,220,4.0
450,249,4.0
450,473,4.0
450,487,5.0
450,507,4.0
450,514,4.0
450,611,4.0
450,797,4.0
450,805,4.0
450,932,4.0
451,27,5.0
451,94,4.0
451,107,5.0
451,231,5.0
451,374,5.0
451,611,4.0
451,649,4.0
451,817,5.0
451,987,3.0
452,1,5.0
452,3,5.0
452,6,5.0
452,12,5.0
452,21,5.0
452,22,5.0
452,26,5.0
452,28,5.0
452,29,5.0
452,39,4.0
452,41,4.0
452,43,4.0
452,52,4.0
452,63,5.0
452,67,4.0
452,68,5.0
452,92,5.0
452,95,4.0
452,98,3.0
452,100,5.0
452,101,5.0
452,102,4.0
452,105,5.0
452,114,4.0
452,144,4.0
452,146,4.0
452,151,5.0
452,154,4.0
452,157,5.0
452,161,5.0
452,169,5.0
452,210,5.0
452,211,5.0
452,217,5.0
452,219,5.0
452,220,5.0
452,223,5.0
452,231,5.0
452,233,4.0
452,353,5.0
452,357,5.0
452,373,5.0
452,375,4.5
452,490,4.0
452,494,5.0
452,610,5.0
452,629,5.0
452,634,4.0
452,636,5.0
452,669,5.0
452,719,4.0
452,769,4.0
452,773,5.0
452,783,5.0
452,804,5.0
452,810,5.0
452,831,5.0
452,840,4.0
452,848,5.0
452,894,5.0
452,940,4.0
452,945,5.0
452,959,4.0
453,0,5.0
453,1,4.0
453,3,3.0
453,6,4.0
453,8,5.0
453,10,5.0
453,11,4.0
453,12,5.0
453,21,5.0
453,22,4.0
453,26,4.0
453,27,4.0
453,28,5.0
453,41,5.0
453,47,5.0
453,48,5.0
453,49,4.0
453,53,3.0
453,60,5.0
453,92,5.0
453,95,5.0
453,97,3.0
453,100,5.0
453,101,4.0
453,107,5.0
453,114,3.0
453,146,4.0
453,148,5.0
453,151,5.0
453,154,5.0
453,155,3.0
453,157,4.0
453,158,5.0
453,161,4.0
453,169,5.0
453,219,4.0
453,223,5.0
453,231,4.0
453,239,5.0
453,275,5.0
453,293,4.0
453,367,2.0
453,372,5.0
453,373,5.0
453,374,5.0
453,473,2.0
453,491,4.0
453,493,4.0
453,495,5.0
453,510,5.0
453,537,4.0
453,637,3.0
453,638,5.0
453,649,5.0
453,669,4.0
453,676,4.0
453,804,5.0
453,816,4.0
453,821,4.0
453,832,5.0
453,837,5.0
453,854,5.0
453,939,4.0
453,940,5.0
453,945,5.0
453,949,4.0
453,959,4.0
453,966,5.0
453,972,2.0
453,997,5.0
454,8,4.0
454,52,4.5
454,55,5.0
454,71,3.0
454,95,5.0
454,96,4.0
454,100,4.0
454,103,3.5
454,143,3.5
454,149,3.5
454,152,4.5
454,166,4.0
454,356,3.5
454,357,4.5
454,500,4.0
454,541,5.0
454,652,4.0
454,785,3.0
454,837,2.5
454,957,4.5
454,958,3.5
454,972,4.5
455,0,5.0
455,3,5.0
455,12,5.0
455,27,5.0
455,28,3.0
455,47,3.0
455,48,3.0
455,92,4.0
455,146,3.0
455,149,3.0
455,368,4.0
455,372,3.0
455,385,3.0
455,486,3.0
455,514,3.0
455,602,4.0
455,649,4.0
455,786,3.0
455,966,3.0
456,107,5.0
456,374,3.0
456,611,3.0
456,779,4.0
457,10,5.0
457,39,4.0
457,41,5.0
457,92,5.0
457,95,3.0
457,146,2.0
457,157,5.0
457,169,5.0
457,235,4.0
457,353,5.0
457,491,4.0
457,773,5.0
457,847,5.0
457,848,5.0
458,8,4.0
458,12,5.0
458,28,3.0
458,48,5.0
458,92,5.0
458,146,5.0
458,368,2.0
458,372,4.0
458,385,5.0
458,602,3.0
458,611,2.0
458,649,5.0
458,786,5.0
458,966,4.0
459,9,4.5
459,21,4.0
459,38,5.0
459,64,5.0
459,77,5.0
459,93,4.5
459,109,5.0
459,145,4.5
459,160,5.0
459,226,4.0
459,242,4.5
459,362,5.0
459,475,5.0
459,482,4.5
459,638,4.0
459,814,4.5
460,0,5.0
460,5,5.0
460,9,4.5
460,10,4.5
460,11,5.0
460,12,4.5
460,14,5.0
460,21,4.5
460,38,4.5
460,41,5.0
460,42,4.0
460,78,5.0
460,97,4.0
460,107,4.5
460,109,4.5
460,157,4.5
460,158,5.0
460,160,5.0
460,162,4.0
460,216,4.0
460,217,3.0
460,221,4.0
460,242,4.0
460,250,4.5
460,278,4.5
460,356,4.5
460,362,4.5
460,364,4.0
460,371,4.0
460,382,4.5
460,482,4.5
460,493,5.0
460,494,3.5
460,495,4.0
460,500,5.0
460,510,4.0
460,610,4.0
460,621,4.5
460,638,4.5
460,648,5.0
460,652,3.5
460,661,5.0
460,765,4.0
460,769,4.0
460,786,4.5
460,807,4.0
460,832,3.5
460,865,4.0
460,948,4.0
460,949,4.0
460,954,3.5
460,986,4.5
461,0,4.5
461,3,3.5
461,12,5.0
461,19,4.0
461,21,0.5
461,27,4.0
461,29,4.0
461,41,0.5
461,64,4.5
461,93,0.5
461,97,4.0
461,140,5.0
461,145,4.0
461,146,0.5
461,154,0.5
461,157,4.0
461,220,4.0
461,234,4.5
461,365,3.5
461,649,0.5
461,802,0.5
461,821,4.5
462,0,4.0
462,1,5.0
462,3,1.5
462,5,4.5
462,6,4.5
462,8,2.5
462,10,3.5
462,11,4.5
462,12,2.5
462,14,4.0
462,19,4.5
462,21,0.5
462,22,2.5
462,26,2.0
462,27,3.5
462,28,2.5
462,35,4.0
462,39,1.5
462,41,2.0
462,43,3.0
462,47,3.5
462,48,1.0
462,52,4.5
462,53,4.0
462,55,4.0
462,58,3.5
462,63,3.5
462,67,2.5
462,68,2.0
462,71,3.0
462,72,3.5
462,74,4.5
462,75,4.5
462,95,3.5
462,98,2.0
462,100,3.5
462,101,3.5
462,105,3.0
462,107,1.5
462,114,1.0
462,117,4.5
462,120,4.0
462,141,2.0
462,143,3.0
462,148,4.0
462,149,5.0
462,154,1.5
462,155,3.5
462,157,2.5
462,161,4.0
462,166,5.0
462,168,3.0
462,169,4.5
462,172,3.5
462,182,3.5
462,205,5.0
462,211,3.0
462,215,2.5
462,216,4.0
462,217,3.5
462,219,4.0
462,220,4.0
462,224,2.5
462,231,3.5
462,233,5.0
462,234,1.0
462,235,4.0
462,239,2.5
462,240,4.5
462,241,4.0
462,242,1.5
462,248,4.5
462,252,4.5
462,253,5.0
462,254,5.0
462,264,4.0
462,265,4.0
462,349,3.5
462,356,2.0
462,364,1.5
462,365,2.0
462,374,3.5
462,376,4.5
462,379,5.0
462,384,4.5
462,387,4.0
462,396,4.5
462,400,5.0
462,408,3.0
462,412,4.5
462,419,3.0
462,430,4.0
462,443,4.0
462,446,4.0
462,473,2.5
462,476,4.0
462,490,3.0
462,491,3.0
462,494,1.0
462,500,4.0
462,508,3.5
462,521,4.0
462,522,4.0
462,531,4.5
462,536,2.5
462,541,3.5
462,544,3.75
462,550,3.0
462,552,4.0
462,592,4.0
462,606,3.5
462,610,4.0
462,615,5.0
462,621,3.5
462,629,1.0
462,630,3.5
462,647,4.5
462,653,5.0
462,654,4.0
462,660,4.5
462,666,3.5
462,669,3.0
462,676,4.0
462,683,3.5
462,685,4.0
462,691,3.5
462,695,2.5
462,712,3.0
462,715,3.5
462,745,4.5
462,750,3.0
462,754,3.5
462,761,3.5
462,767,1.5
462,773,4.0
462,780,2.0
462,783,4.0
462,785,4.5
462,788,4.5
462,804,2.5
462,805,3.5
462,808,2.5
462,810,2.5
462,811,2.5
462,821,1.0
462,824,2.5
462,837,3.5
462,843,4.0
462,844,3.5
462,846,5.0
462,847,4.0
462,848,2.0
462,849,4.0
462,859,4.0
462,864,3.5
462,877,4.5
462,894,3.5
462,905,3.5
462,925,3.5
462,939,4.5
462,957,1.0
462,960,3.0
462,963,4.0
462,976,4.0
462,991,4.0
463,3,4.0
463,5,5.0
463,6,4.5
463,8,4.0
463,12,4.0
463,14,5.0
463,26,4.5
463,43,4.0
463,46,3.0
463,92,4.5
463,160,3.5
463,216,3.5
463,771,4.0
464,0,5.0
464,1,5.0
464,2,3.5
464,3,4.5
464,5,5.0
464,6,5.0
464,8,4.5
464,9,5.0
464,10,5.0
464,11,5.0
464,12,5.0
464,14,5.0
464,19,4.5
464,21,5.0
464,22,5.0
464,26,4.5
464,27,5.0
464,28,5.0
464,41,5.0
464,42,4.0
464,46,4.0
464,48,2.5
464,49,5.0
464,60,4.0
464,75,4.0
464,78,2.0
464,92,5.0
464,95,4.0
464,97,4.0
464,101,3.0
464,105,5.0
464,114,5.0
464,143,3.0
464,146,4.0
464,151,4.5
464,154,5.0
464,155,4.5
464,157,5.0
464,161,5.0
464,217,3.5
464,219,4.0
464,221,5.0
464,360,5.0
464,368,5.0
464,374,3.5
464,388,3.0
464,475,5.0
464,480,3.0
464,493,3.0
464,494,4.0
464,629,2.0
464,638,5.0
464,669,4.0
464,769,4.0
464,784,5.0
464,953,5.0
464,966,5.0
465,3,5.0
465,12,5.0
465,21,4.0
465,22,3.0
465,26,5.0
465,27,5.0
465,43,5.0
465,52,5.0
465,53,5.0
465,55,5.0
465,68,5.0
465,71,5.0
465,74,5.0
465,98,5.0
465,100,5.0
465,114,4.0
465,120,5.0
465,149,5.0
465,154,4.0
465,157,5.0
465,161,5.0
465,166,5.0
465,217,5.0
465,219,4.0
465,231,5.0
465,241,4.0
465,525,5.0
465,527,5.0
465,539,5.0
465,544,5.0
465,551,4.0
465,560,5.0
465,649,4.0
465,669,4.0
465,692,5.0
465,750,4.0
465,783,4.0
465,784,4.0
465,797,5.0
465,811,4.0
465,830,4.0
465,861,4.0
465,876,5.0
465,879,5.0
465,894,4.5
465,909,5.0
465,944,4.0
465,982,4.0
466,0,3.0
466,2,3.0
466,5,4.0
466,9,4.0
466,10,4.0
466,11,4.0
466,12,5.0
466,14,4.0
466,18,4.0
466,21,4.0
466,22,2.5
466,41,4.0
466,78,4.5
466,109,5.0
466,112,3.5
466,141,3.5
466,145,4.5
466,152,3.5
466,160,3.5
466,213,3.5
466,216,4.0
466,221,3.5
466,224,4.5
466,226,4.5
466,237,4.5
466,250,4.5
466,348,3.5
466,349,4.5
466,358,3.5
466,362,3.5
466,370,5.0
466,375,3.5
466,377,3.5
466,380,4.0
466,381,4.0
466,382,2.0
466,388,4.0
466,478,5.0
466,480,4.0
466,481,4.0
466,482,4.5
466,493,4.0
466,495,3.0
466,627,3.5
466,630,4.0
466,631,4.5
466,638,4.5
466,679,4.0
466,765,4.5
466,769,5.0
466,770,4.0
466,771,3.5
466,781,4.5
466,807,4.0
466,931,5.0
466,934,3.5
466,935,4.0
466,941,4.5
466,951,4.5
466,969,4.5
467,3,5.0
467,26,4.0
467,27,1.0
467,473,4.0
467,792,3.0
467,997,4.0
468,0,3.0
468,8,3.0
468,92,4.0
468,107,4.0
468,149,3.0
468,368,5.0
468,372,3.0
468,374,4.0
468,385,5.0
468,786,5.0
468,966,3.0
469,0,5.0
469,1,5.0
469,3,4.0
469,6,5.0
469,8,5.0
469,19,4.0
469,20,5.0
469,21,4.0
469,22,5.0
469,26,4.0
469,27,4.0
469,28,4.0
469,29,5.0
469,39,3.0
469,43,4.0
469,47,4.0
469,52,4.0
469,53,5.0
469,55,5.0
469,58,4.0
469,63,4.0
469,67,5.0
469,68,4.0
469,71,5.0
469,72,5.0
469,74,5.0
469,82,5.0
469,92,5.0
469,94,3.0
469,95,5.0
469,97,3.0
469,98,5.0
469,99,4.0
469,100,5.0
469,101,5.0
469,105,5.0
469,106,5.0
469,107,4.0
469,111,4.0
469,114,3.0
469,116,5.0
469,117,5.0
469,118,3.0
469,119,3.0
469,120,5.0
469,122,4.0
469,123,5.0
469,144,3.0
469,146,3.0
469,149,5.0
469,153,5.0
469,154,4.0
469,157,5.0
469,161,5.0
469,166,5.0
469,167,3.0
469,169,5.0
469,170,5.0
469,171,4.0
469,172,3.0
469,178,4.0
469,182,4.0
469,193,3.0
469,210,5.0
469,211,5.0
469,217,5.0
469,219,4.0
469,220,5.0
469,223,5.0
469,231,5.0
469,233,4.0
469,235,4.0
469,241,4.0
469,248,4.0
469,253,4.0
469,254,5.0
469,264,4.0
469,265,5.0
469,272,5.0
469,273,5.0
469,274,4.0
469,276,3.0
469,290,4.0
469,300,4.0
469,306,5.0
469,353,5.0
469,357,4.0
469,367,4.0
469,368,4.0
469,372,2.0
469,373,5.0
469,374,5.0
469,375,4.0
469,376,4.0
469,379,3.0
469,384,4.0
469,386,4.0
469,394,4.0
469,396,5.0
469,398,4.0
469,399,5.0
469,404,4.0
469,413,3.0
469,418,4.0
469,420,4.0
469,425,4.0
469,430,5.0
469,486,5.0
469,490,4.0
469,494,4.0
469,497,4.0
469,504,4.0
469,508,4.0
469,512,5.0
469,514,4.0
469,526,4.0
469,527,4.0
469,530,4.0
469,531,5.0
469,534,5.0
469,536,3.0
469,538,5.0
469,541,5.0
469,544,5.0
469,552,5.0
469,560,4.0
469,610,5.0
469,611,5.0
469,619,4.0
469,629,3.0
469,634,5.0
469,636,4.0
469,646,4.0
469,649,3.0
469,653,5.0
469,664,4.0
469,669,5.0
469,676,3.0
469,684,5.0
469,690,4.0
469,692,4.0
469,700,4.0
469,702,3.0
469,703,5.0
469,717,3.0
469,722,4.0
469,728,5.0
469,741,5.0
469,745,4.0
469,773,3.0
469,777,3.0
469,783,5.0
469,784,4.0
469,797,4.0
469,803,4.0
469,805,3.0
469,811,2.0
469,821,4.0
469,832,4.0
469,836,5.0
469,837,5.0
469,840,4.0
469,841,5.0
469,843,4.0
469,847,3.0
469,848,4.0
469,851,5.0
469,888,3.0
469,922,4.0
469,925,3.0
469,939,3.0
469,940,5.0
469,945,5.0
469,952,4.0
469,959,4.0
469,964,3.0
469,972,4.0
469,977,5.0
469,981,5.0
469,993,4.0
470,0,4.0
470,3,5.0
470,8,3.0
470,12,5.0
470,28,5.0
470,47,3.0
470,48,4.0
470,92,5.0
470,94,3.0
470,107,4.0
470,146,5.0
470,231,3.0
470,368,4.0
470,372,3.0
470,374,3.0
470,385,3.0
470,602,3.0
470,611,4.0
470,649,4.0
470,675,4.0
470,779,3.0
470,786,3.0
470,966,3.0
470,987,3.0
471,3,4.5
471,8,4.0
471,9,4.0
471,10,4.0
471,12,3.0
471,21,3.5
471,78,4.5
471,93,4.0
471,107,5.0
471,112,4.5
471,160,4.0
471,162,3.5
471,216,3.5
471,229,4.5
471,242,4.0
471,349,3.0
471,362,3.5
471,371,4.0
471,498,3.5
471,647,4.5
472,0,5.0
472,1,5.0
472,2,5.0
472,5,4.0
472,6,5.0
472,11,4.0
472,14,4.0
472,20,4.5
472,42,5.0
472,47,5.0
472,60,1.0
472,61,5.0
473,0,5.0
473,10,4.0
473,49,4.5
473,103,5.0
473,356,4.0
473,371,4.0
473,491,5.0
473,631,4.5
473,890,4.0
473,935,4.0
473,957,4.5
474,0,5.0
474,1,5.0
474,3,5.0
474,4,4.0
474,5,5.0
474,6,5.0
474,8,4.0
474,10,4.0
474,11,5.0
474,12,3.0
474,14,5.0
474,19,3.5
474,20,3.5
474,21,4.5
474,22,5.0
474,26,3.0
474,27,4.5
474,28,4.0
474,29,4.0
474,35,3.5
474,38,4.0
474,39,4.5
474,41,3.0
474,42,4.0
474,43,4.0
474,46,4.5
474,47,4.0
474,48,4.5
474,49,4.0
474,52,4.5
474,53,5.0
474,54,3.5
474,55,4.0
474,57,4.5
474,58,4.5
474,60,5.0
474,63,4.0
474,67,4.0
474,68,3.5
474,71,3.5
474,72,4.5
474,74,4.5
474,75,3.5
474,82,3.5
474,83,4.0
474,84,4.0
474,85,4.0
474,92,3.0
474,94,3.0
474,95,3.5
474,96,4.0
474,97,3.5
474,98,4.0
474,99,4.0
474,100,4.0
474,101,3.5
474,102,3.5
474,103,4.5
474,105,4.0
474,107,4.0
474,111,4.0
474,114,4.0
474,116,4.5
474,117,4.5
474,118,4.0
474,119,3.5
474,120,3.5
474,122,4.0
474,123,4.0
474,124,3.0
474,127,4.0
474,128,4.0
474,135,4.0
474,141,3.5
474,144,4.0
474,146,4.5
474,148,4.5
474,149,4.0
474,152,4.0
474,154,3.0
474,155,4.0
474,157,5.0
474,158,3.5
474,160,4.0
474,161,5.0
474,162,4.0
474,165,3.5
474,166,4.0
474,167,2.0
474,168,4.0
474,169,4.5
474,170,4.0
474,171,4.5
474,172,4.0
474,175,4.0
474,178,4.0
474,182,4.5
474,190,3.5
474,193,4.5
474,200,3.5
474,202,4.0
474,210,4.0
474,211,4.5
474,216,3.5
474,217,3.0
474,219,4.0
474,220,4.0
474,221,4.0
474,223,3.5
474,231,4.0
474,233,4.0
474,234,4.5
474,235,4.5
474,239,4.0
474,241,3.5
474,242,3.0
474,243,3.5
474,248,3.0
474,249,5.0
474,253,3.5
474,254,3.0
474,255,4.0
474,261,3.5
474,262,4.0
474,264,4.0
474,266,4.0
474,268,4.0
474,272,4.0
474,273,4.0
474,274,4.0
474,276,5.0
474,278,4.5
474,280,3.5
474,282,5.0
474,284,3.5
474,287,3.5
474,290,4.5
474,298,4.5
474,300,2.5
474,304,4.5
474,306,3.5
474,318,4.0
474,325,4.0
474,337,4.5
474,353,4.5
474,356,4.5
474,357,4.0
474,360,4.0
474,362,4.0
474,365,4.0
474,366,3.0
474,367,5.0
474,368,3.5
474,370,4.0
474,371,3.0
474,372,4.0
474,373,3.0
474,374,4.0
474,375,4.0
474,376,4.0
474,377,4.5
474,379,5.0
474,384,3.5
474,385,4.5
474,386,2.0
474,387,4.0
474,389,4.5
474,391,3.5
474,394,3.5
474,396,4.0
474,398,4.5
474,399,4.0
474,400,3.5
474,403,4.0
474,404,2.5
474,406,4.0
474,407,4.0
474,408,4.5
474,409,4.0
474,412,3.5
474,413,4.0
474,414,2.5
474,415,4.0
474,418,4.0
474,419,3.0
474,420,4.0
474,425,3.5
474,426,4.5
474,430,3.5
474,437,4.0
474,439,4.0
474,440,3.5
474,443,3.5
474,446,3.5
474,447,3.5
474,453,4.0
474,455,4.5
474,458,4.0
474,473,4.0
474,482,5.0
474,487,3.5
474,490,3.0
474,491,4.5
474,493,3.5
474,494,4.0
474,495,4.5
474,497,3.5
474,498,4.0
474,500,4.0
474,503,3.5
474,504,4.0
474,507,4.5
474,508,4.0
474,510,4.0
474,512,3.0
474,513,4.0
474,514,3.0
474,516,3.5
474,517,3.5
474,522,4.0
474,525,3.5
474,526,2.5
474,527,4.0
474,530,4.5
474,531,4.0
474,533,3.5
474,534,4.0
474,535,3.0
474,537,4.0
474,538,4.0
474,539,4.0
474,541,4.0
474,544,3.75
474,545,3.5
474,549,3.0
474,550,3.5
474,551,3.5
474,552,4.5
474,553,3.5
474,559,3.5
474,560,3.5
474,565,3.5
474,570,4.0
474,573,2.75
474,574,3.5
474,575,4.0
474,578,4.0
474,579,3.5
474,592,3.5
474,602,3.6666666666666665
474,603,3.5
474,610,3.5
474,611,3.5
474,613,2.0
474,619,4.5
474,629,2.0
474,631,3.5
474,634,4.0
474,636,4.0
474,638,3.5
474,646,3.5
474,648,3.0
474,649,5.0
474,653,4.0
474,657,3.5
474,661,4.5
474,664,3.0
474,669,4.5
474,672,4.0
474,673,4.0
474,674,4.5
474,675,5.0
474,676,4.0
474,678,4.5
474,680,2.5
474,684,4.0
474,687,4.0
474,688,5.0
474,690,4.0
474,691,3.5
474,692,3.5
474,695,4.0
474,696,4.5
474,697,3.5
474,698,3.5
474,700,3.0
474,702,4.0
474,703,3.5
474,705,4.5
474,706,3.5
474,707,4.5
474,708,3.5
474,712,4.0
474,715,4.0
474,717,4.0
474,719,3.5
474,722,4.0
474,723,4.0
474,727,4.5
474,728,4.0
474,733,3.5
474,739,3.5
474,741,3.5
474,745,3.5
474,750,2.5
474,754,3.5
474,762,3.0
474,765,5.0
474,766,4.0
474,769,4.0
474,773,4.0
474,774,4.0
474,777,4.0
474,778,2.0
474,779,3.0
474,783,4.0
474,784,4.0
474,785,4.0
474,786,4.5
474,788,4.0
474,789,3.5
474,792,4.0
474,796,3.5
474,797,2.0
474,798,3.5
474,804,4.0
474,805,4.0
474,807,3.5
474,810,4.0
474,811,4.0
474,812,4.0
474,816,3.0
474,817,5.0
474,821,3.5
474,824,3.0
474,828,3.5
474,829,3.0
474,830,4.0
474,832,5.0
474,835,3.5
474,836,4.0
474,837,3.5
474,838,4.0
474,839,4.0
474,840,3.0
474,841,3.0
474,844,3.5
474,847,3.5
474,848,4.0
474,849,4.0
474,850,3.5
474,854,4.0
474,856,3.5
474,859,3.0
474,861,3.5
474,865,4.0
474,869,3.0
474,870,2.0
474,871,4.0
474,874,3.0
474,876,3.6666666666666665
474,877,4.0
474,879,5.0
474,887,4.0
474,888,4.0
474,890,2.0
474,894,4.5
474,898,4.0
474,900,4.0
474,906,4.0
474,909,3.0
474,914,4.0
474,915,4.0
474,917,3.5
474,920,3.0
474,924,3.0
474,928,4.0
474,931,4.5
474,943,3.5
474,945,4.0
474,948,3.5
474,949,4.5
474,952,2.0
474,953,4.5
474,955,3.5
474,957,4.0
474,958,4.0
474,961,3.5
474,964,3.0
474,970,3.0
474,971,4.0
474,972,3.0
474,977,4.0
474,978,3.5
474,981,4.5
474,982,3.0
474,983,4.0
474,987,3.5
474,988,4.0
474,989,4.5
474,991,3.5
474,992,3.5
474,993,4.0
474,997,3.5
474,998,4.0
475,2,3.5
475,5,5.0
475,11,5.0
475,14,5.0
475,18,4.0
475,21,4.5
475,22,5.0
475,28,5.0
475,39,5.0
475,41,5.0
475,48,4.5
475,61,4.0
475,63,5.0
475,114,5.0
475,141,4.5
475,144,5.0
475,148,5.0
475,160,3.5
475,165,4.5
475,215,4.5
475,216,4.5
475,219,4.5
475,224,5.0
475,229,3.5
475,242,4.5
475,348,4.5
475,349,4.5
475,350,4.0
475,352,5.0
475,358,4.0
475,361,4.5
475,362,4.5
475,372,5.0
475,388,4.5
475,475,4.5
475,478,4.0
475,480,4.0
475,481,4.0
475,482,4.5
475,493,4.5
475,495,4.5
475,499,4.5
475,502,5.0
475,603,4.5
475,613,5.0
475,619,5.0
475,635,4.5
475,645,3.5
475,765,5.0
475,778,4.5
475,781,5.0
475,782,4.5
475,807,4.0
475,848,4.5
475,931,5.0
475,940,5.0
475,941,4.0
475,951,4.0
475,953,4.5
475,966,4.5
475,969,3.5
476,0,5.0
476,8,3.0
476,12,5.0
476,28,5.0
476,48,4.0
476,107,4.0
476,146,4.0
476,243,4.0
476,368,5.0
476,372,5.0
476,374,4.0
476,385,5.0
476,573,3.0
476,602,5.0
476,649,5.0
476,778,3.0
476,786,4.0
476,810,4.0
476,966,3.0
476,970,4.0
476,977,5.0
477,0,5.0
477,2,4.5
477,3,4.5
477,4,4.0
477,5,4.0
477,8,4.5
477,9,4.5
477,11,4.5
477,12,5.0
477,14,4.0
477,20,4.5
477,21,4.0
477,22,5.0
477,26,4.0
477,27,5.0
477,28,5.0
477,38,4.5
477,39,4.5
477,42,5.0
477,43,4.5
477,48,4.0
477,52,4.0
477,55,3.5
477,58,4.0
477,60,4.0
477,63,4.0
477,67,4.5
477,71,5.0
477,72,4.0
477,74,5.0
477,78,5.0
477,83,4.5
477,95,4.5
477,98,4.5
477,99,4.0
477,100,4.0
477,103,4.0
477,105,5.0
477,107,4.0
477,111,4.0
477,114,4.5
477,116,3.5
477,117,4.0
477,119,3.25
477,120,4.0
477,141,4.0
477,144,4.0
477,145,5.0
477,146,4.0
477,148,4.5
477,152,3.5
477,153,5.0
477,154,4.5
477,157,4.0
477,160,3.5
477,162,4.5
477,165,4.0
477,166,4.5
477,169,4.5
477,172,3.5
477,211,4.0
477,216,3.0
477,217,5.0
477,219,4.0
477,220,4.0
477,231,4.5
477,234,4.5
477,235,3.5
477,253,4.0
477,254,4.0
477,266,4.0
477,273,4.0
477,278,4.0
477,282,4.0
477,287,4.0
477,356,5.0
477,362,4.0
477,363,5.0
477,367,4.0
477,371,4.0
477,372,3.0
477,373,4.0
477,374,4.5
477,375,3.5
477,376,4.0
477,385,3.0
477,386,5.0
477,398,4.0
477,404,4.5
477,407,4.5
477,412,3.0
477,413,3.0
477,446,4.5
477,473,3.5
477,475,4.0
477,480,4.5
477,481,4.5
477,483,4.5
477,491,4.0
477,494,4.5
477,495,4.0
477,496,5.0
477,498,5.0
477,500,4.5
477,502,4.5
477,507,2.5
477,510,3.0
477,512,4.5
477,514,3.5
477,521,4.5
477,536,4.0
477,538,4.0
477,610,4.0
477,613,4.0
477,619,4.0
477,621,4.5
477,629,4.0
477,632,3.5
477,636,4.0
477,638,3.5
477,648,3.0
477,649,5.0
477,652,4.5
477,653,4.0
477,657,4.0
477,661,4.0
477,669,3.5
477,685,3.0
477,687,2.0
477,702,4.0
477,704,4.5
477,762,4.0
477,765,3.5
477,766,4.0
477,767,5.0
477,770,4.5
477,773,4.0
477,778,3.0
477,786,4.0
477,796,4.0
477,797,4.5
477,800,4.5
477,810,4.0
477,811,4.0
477,812,3.0
477,816,4.0
477,829,4.5
477,836,4.5
477,837,4.0
477,844,4.0
477,847,4.0
477,855,4.5
477,888,4.0
477,890,4.0
477,914,4.0
477,922,4.0
477,928,4.0
477,933,4.5
477,934,5.0
477,937,4.5
477,940,4.0
477,942,4.5
477,945,4.5
477,949,4.0
477,951,4.0
477,952,3.0
477,953,4.0
477,957,4.5
477,964,4.0
477,970,3.0
477,972,4.5
477,981,4.0
477,983,3.5
477,997,4.0
478,72,3.5
478,141,4.5
478,510,3.0
478,611,4.0
478,810,2.5
478,811,2.5
478,953,4.0
478,970,3.5
479,1,4.0
479,26,3.0
479,27,4.0
479,43,3.0
479,55,5.0
479,63,4.0
479,92,2.0
479,114,3.0
479,118,4.0
479,158,5.0
479,172,5.0
479,235,5.0
479,242,5.0
479,264,4.0
479,373,5.0
479,375,2.5
479,376,5.0
479,473,2.0
479,490,5.0
479,536,2.0
479,610,5.0
479,613,2.0
479,675,4.0
479,690,5.0
479,797,5.0
479,957,5.0
479,964,3.0
479,987,5.0
480,0,5.0
480,1,5.0
480,3,5.0
480,4,5.0
480,5,4.0
480,6,5.0
480,8,4.0
480,10,4.5
480,11,3.5
480,12,5.0
480,14,4.5
480,19,4.0
480,20,3.5
480,21,5.0
480,22,5.0
480,26,4.5
480,27,4.5
480,28,4.5
480,29,4.5
480,35,4.0
480,38,4.5
480,39,5.0
480,41,4.5
480,42,4.5
480,43,3.5
480,46,5.0
480,47,3.5
480,48,3.5
480,49,5.0
480,60,4.0
480,63,5.0
480,67,5.0
480,68,4.0
480,71,4.0
480,72,5.0
480,92,5.0
480,94,4.0
480,95,4.0
480,96,3.5
480,97,5.0
480,99,4.0
480,100,4.0
480,101,4.0
480,102,3.5
480,103,4.5
480,105,3.5
480,107,3.0
480,114,3.5
480,117,5.0
480,141,4.0
480,144,5.0
480,146,5.0
480,148,4.5
480,149,4.5
480,151,3.5
480,152,4.0
480,154,3.5
480,155,4.0
480,157,4.0
480,158,4.0
480,160,3.0
480,162,4.0
480,165,4.5
480,168,5.0
480,169,5.0
480,210,3.0
480,211,3.5
480,216,3.0
480,217,4.0
480,219,4.0
480,220,3.5
480,221,5.0
480,223,3.5
480,231,4.0
480,233,4.5
480,234,5.0
480,235,5.0
480,239,4.0
480,241,4.0
480,242,2.5
480,248,4.5
480,255,4.0
480,304,4.5
480,353,4.5
480,356,5.0
480,360,3.5
480,362,3.5
480,363,4.0
480,364,4.5
480,365,4.5
480,366,4.5
480,367,4.0
480,368,5.0
480,370,3.5
480,371,4.5
480,372,4.0
480,373,3.0
480,374,4.0
480,375,2.5
480,376,2.5
480,377,4.0
480,379,4.0
480,381,4.5
480,384,4.0
480,385,3.0
480,386,4.0
480,394,4.5
480,396,5.0
480,406,4.5
480,473,4.0
480,482,4.5
480,487,4.5
480,491,5.0
480,493,2.0
480,494,5.0
480,495,3.5
480,498,4.0
480,500,4.5
480,503,4.5
480,507,4.0
480,508,4.0
480,510,3.0
480,511,3.0
480,513,4.0
480,514,3.5
480,522,4.5
480,536,4.0
480,538,5.0
480,541,4.0
480,602,3.75
480,605,3.5
480,610,3.5
480,611,3.5
480,613,4.0
480,618,4.0
480,619,4.0
480,621,4.0
480,629,2.5
480,631,5.0
480,632,2.0
480,634,3.5
480,636,4.0
480,637,2.5
480,638,4.5
480,646,3.0
480,648,3.5
480,649,3.5
480,661,4.0
480,664,4.5
480,666,4.0
480,669,5.0
480,672,3.5
480,678,4.0
480,685,1.0
480,695,3.0
480,697,3.5
480,715,5.0
480,732,4.0
480,745,4.5
480,750,4.0
480,762,4.5
480,765,4.0
480,769,3.5
480,771,4.0
480,774,4.0
480,778,4.0
480,784,2.0
480,786,3.5
480,788,4.0
480,789,4.0
480,792,5.0
480,796,3.5
480,797,0.5
480,798,3.0
480,800,4.5
480,804,4.5
480,805,4.5
480,810,4.0
480,811,4.0
480,812,4.0
480,821,3.5
480,824,4.0
480,827,4.5
480,829,3.0
480,831,3.5
480,832,5.0
480,837,4.0
480,838,4.0
480,840,3.0
480,843,2.0
480,844,4.5
480,846,1.5
480,847,1.5
480,854,3.0
480,865,4.0
480,874,3.5
480,876,3.5
480,888,3.0
480,890,3.0
480,925,5.0
480,931,3.5
480,932,3.0
480,935,2.0
480,937,4.0
480,939,2.5
480,940,3.5
480,945,5.0
480,952,2.5
480,953,4.0
480,957,5.0
480,958,3.5
480,959,3.0
480,963,4.0
480,964,2.5
480,966,3.0
480,970,3.5
480,972,5.0
480,978,4.0
480,983,4.0
481,161,5.0
481,473,5.0
481,669,3.0
481,812,1.0
482,5,3.0
482,39,5.0
482,47,4.0
482,63,4.0
482,68,4.5
482,154,5.0
482,155,2.0
482,216,4.0
482,234,3.5
482,255,4.5
482,362,5.0
482,365,3.0
482,396,3.0
482,482,5.0
482,490,3.0
482,508,3.5
482,522,3.5
482,610,4.0
482,629,4.0
482,796,4.0
482,807,4.0
482,821,3.0
482,832,4.0
482,838,4.0
482,848,5.0
482,940,5.0
483,0,5.0
483,1,4.0
483,2,4.0
483,3,5.0
483,4,5.0
483,5,4.0
483,6,3.5
483,8,5.0
483,9,5.0
483,10,4.5
483,11,4.5
483,12,5.0
483,14,4.5
483,18,5.0
483,20,3.0
483,21,4.5
483,22,4.5
483,26,4.0
483,28,4.0
483,29,3.5
483,35,4.0
483,38,5.0
483,39,4.5
483,41,3.5
483,42,4.5
483,43,3.25
483,47,4.5
483,48,4.0
483,49,3.0
483,53,4.0
483,60,4.0
483,63,4.0
483,64,5.0
483,68,4.5
483,78,5.0
483,92,4.0
483,93,4.0
483,95,4.0
483,97,4.5
483,103,5.0
483,107,4.0
483,109,5.0
483,112,5.0
483,114,4.5
483,118,4.0
483,122,4.5
483,123,5.0
483,135,4.0
483,141,4.0
483,144,5.0
483,146,4.0
483,148,3.5
483,151,4.0
483,152,5.0
483,154,3.5
483,155,4.0
483,157,3.5
483,158,4.5
483,160,4.5
483,162,5.0
483,165,5.0
483,167,1.5
483,168,4.5
483,169,4.5
483,170,5.0
483,172,4.5
483,210,2.5
483,211,2.0
483,216,4.0
483,219,3.5
483,221,4.5
483,223,5.0
483,224,4.5
483,226,5.0
483,231,4.0
483,234,3.5
483,235,1.0
483,239,4.5
483,242,4.5
483,249,3.5
483,250,3.5
483,255,4.0
483,257,5.0
483,262,4.0
483,265,4.0
483,278,4.0
483,353,5.0
483,358,4.0
483,360,3.5
483,362,4.0
483,363,4.0
483,364,3.0
483,367,3.5
483,371,5.0
483,372,4.0
483,373,5.0
483,374,5.0
483,375,2.25
483,376,4.0
483,377,4.0
483,380,5.0
483,382,4.5
483,385,3.5
483,386,3.5
483,396,4.5
483,473,2.0
483,475,4.5
483,480,4.0
483,482,5.0
483,487,4.0
483,490,3.0
483,493,4.5
483,494,3.0
483,495,4.0
483,496,4.5
483,498,4.5
483,499,4.0
483,503,4.0
483,506,5.0
483,507,4.0
483,510,3.0
483,511,4.0
483,512,5.0
483,513,4.0
483,514,4.0
483,543,4.5
483,604,4.0
483,605,4.0
483,610,3.5
483,611,3.0
483,613,4.0
483,619,3.0
483,621,5.0
483,623,4.0
483,627,4.0
483,629,2.5
483,630,4.5
483,634,4.0
483,649,2.5
483,661,4.5
483,664,4.5
483,669,5.0
483,670,5.0
483,695,2.0
483,696,4.0
483,706,5.0
483,750,4.0
483,754,4.5
483,762,4.0
483,765,3.5
483,767,4.5
483,769,4.0
483,770,4.5
483,773,4.0
483,775,4.5
483,777,3.0
483,778,2.0
483,781,4.5
483,784,4.0
483,786,2.0
483,790,4.5
483,791,4.5
483,795,4.0
483,796,4.5
483,800,4.0
483,802,5.0
483,808,5.0
483,809,4.5
483,810,2.5
483,811,4.0
483,816,3.5
483,827,4.5
483,829,2.0
483,832,3.5
483,837,5.0
483,844,5.0
483,847,3.5
483,854,4.0
483,855,5.0
483,865,4.0
483,924,3.5
483,931,4.5
483,934,4.0
483,935,0.5
483,937,4.0
483,939,2.5
483,940,3.5
483,942,4.0
483,948,5.0
483,949,4.5
483,951,4.0
483,953,3.0
483,955,5.0
483,959,3.5
483,961,3.5
483,966,4.5
483,977,2.5
483,987,3.5
484,0,5.0
484,2,3.5
484,10,5.0
484,12,5.0
484,19,4.5
484,38,1.5
484,42,5.0
484,43,1.5
484,48,5.0
484,49,5.0
484,55,2.5
484,58,3.5
484,67,3.5
484,68,1.5
484,95,4.5
484,96,5.0
484,100,4.0
484,107,4.5
484,117,4.5
484,119,3.0
484,141,4.0
484,143,2.0
484,145,2.5
484,146,4.0
484,148,4.0
484,151,3.0
484,152,4.5
484,157,4.5
484,211,3.5
484,226,5.0
484,235,5.0
484,363,4.5
484,371,4.5
484,372,4.5
484,381,4.5
484,385,5.0
484,473,3.0
484,491,3.5
484,503,4.0
484,507,4.5
484,514,4.0
484,602,4.0
484,604,2.0
484,610,4.0
484,611,4.0
484,621,4.0
484,623,3.0
484,632,4.0
484,666,5.0
484,678,4.0
484,770,4.0
484,778,4.0
484,784,2.5
484,789,3.0
484,793,5.0
484,798,3.0
484,812,5.0
484,832,3.5
484,856,4.0
484,932,3.5
484,933,3.0
484,934,5.0
484,935,4.0
484,937,3.0
484,941,3.5
484,942,4.0
484,945,4.5
484,955,2.0
484,958,3.0
484,970,5.0
484,977,5.0
484,981,1.0
484,988,4.0
485,12,5.0
485,27,5.0
485,92,3.0
485,368,5.0
485,372,4.0
485,649,4.0
485,786,5.0
485,966,5.0
486,0,5.0
486,8,5.0
486,12,5.0
486,27,3.0
486,28,5.0
486,92,5.0
486,94,5.0
486,146,5.0
486,372,3.0
486,374,5.0
486,486,4.0
486,649,5.0
486,786,5.0
486,966,3.0
487,0,3.0
487,5,4.0
487,9,2.5
487,10,4.0
487,11,4.0
487,14,4.0
487,18,4.0
487,21,3.0
487,27,2.5
487,44,3.0
487,55,4.0
487,63,3.5
487,74,3.5
487,78,3.5
487,103,4.0
487,152,3.5
487,158,3.0
487,214,3.0
487,216,2.5
487,226,3.0
487,242,3.5
487,349,4.5
487,353,4.0
487,356,4.0
487,362,4.0
487,364,3.0
487,377,4.0
487,380,4.0
487,493,2.0
487,495,4.0
487,498,4.0
487,639,2.5
487,661,3.5
487,769,2.5
487,796,3.0
487,804,3.0
487,949,3.0
487,955,3.0
488,0,5.0
488,3,5.0
488,5,5.0
488,11,5.0
488,14,5.0
488,27,4.5
488,29,3.5
488,35,4.5
488,46,4.5
488,53,4.5
488,55,5.0
488,63,3.5
488,83,3.0
488,97,4.0
488,99,5.0
488,107,4.5
488,118,5.0
488,122,3.0
488,157,5.0
488,160,5.0
488,169,5.0
488,172,5.0
488,216,4.0
488,231,4.5
488,242,5.0
488,255,4.0
488,262,3.0
488,353,5.0
488,362,4.0
488,371,4.5
488,376,2.5
488,385,4.5
488,407,2.5
488,409,4.0
488,413,3.5
488,482,5.0
488,491,4.5
488,495,5.0
488,504,4.5
488,508,3.0
488,510,4.0
488,549,5.0
488,559,2.5
488,560,3.0
488,636,4.0
488,649,4.0
488,696,4.5
488,707,5.0
488,717,4.0
488,786,3.5
488,797,4.0
488,804,5.0
488,817,5.0
488,841,2.5
488,915,2.5
488,952,3.0
488,985,3.0
488,987,3.0
489,2,4.0
489,5,4.0
489,8,4.0
489,9,4.5
489,10,4.5
489,11,4.0
489,12,4.0
489,14,4.0
489,21,4.0
489,26,3.0
489,27,4.0
489,28,3.5
489,29,4.0
489,35,4.0
489,39,3.5
489,41,0.5
489,43,3.75
489,46,3.5
489,48,4.0
489,52,2.25
489,53,4.0
489,55,4.5
489,60,4.5
489,63,4.0
489,67,4.0
489,68,4.0
489,72,4.0
489,74,4.0
489,78,4.0
489,92,4.5
489,95,4.0
489,96,3.5
489,97,3.5
489,98,4.0
489,100,3.5
489,103,4.5
489,106,4.5
489,109,4.5
489,111,3.0
489,116,3.5
489,117,3.5
489,118,4.5
489,120,3.0
489,141,3.5
489,144,4.0
489,146,3.5
489,148,2.5
489,149,3.0
489,152,5.0
489,153,3.0
489,154,3.0
489,157,3.0
489,158,4.0
489,160,4.0
489,161,4.5
489,162,4.0
489,165,5.0
489,167,4.0
489,169,3.5
489,172,4.5
489,178,3.0
489,210,3.5
489,211,3.5
489,216,2.0
489,217,4.0
489,219,3.5
489,220,3.5
489,221,3.5
489,224,3.5
489,231,4.5
489,234,4.0
489,235,4.5
489,248,4.5
489,249,3.5
489,252,3.5
489,274,2.0
489,275,4.0
489,276,2.5
489,355,5.0
489,357,3.5
489,358,4.5
489,362,3.5
489,363,3.0
489,364,3.5
489,365,4.0
489,368,4.0
489,371,0.5
489,372,3.5
489,373,3.5
489,374,3.5
489,375,2.25
489,377,5.0
489,380,4.0
489,382,3.5
489,385,4.0
489,396,2.5
489,404,4.0
489,473,3.5
489,475,1.5
489,480,4.5
489,482,4.0
489,490,3.0
489,491,4.0
489,494,4.0
489,495,4.0
489,498,4.5
489,500,4.0
489,507,4.0
489,511,2.5
489,514,4.5
489,521,4.5
489,536,2.0
489,559,5.0
489,575,4.0
489,602,4.0
489,605,5.0
489,610,4.0
489,611,3.5
489,613,3.5
489,619,4.0
489,621,4.5
489,628,4.0
489,629,4.0
489,630,4.0
489,631,4.0
489,638,3.5
489,642,4.0
489,646,3.5
489,657,4.0
489,664,4.5
489,696,5.0
489,702,3.0
489,708,4.0
489,765,3.0
489,766,4.0
489,767,4.5
489,769,3.5
489,775,4.0
489,778,1.5
489,781,3.5
489,786,3.5
489,788,4.5
489,792,4.0
489,804,2.5
489,810,4.5
489,811,3.5
489,817,4.5
489,818,4.0
489,821,4.5
489,829,4.5
489,832,5.0
489,839,3.5
489,840,3.0
489,844,2.5
489,855,3.0
489,931,3.5
489,932,2.5
489,933,4.0
489,935,0.5
489,937,4.0
489,939,0.5
489,940,4.5
489,948,3.0
489,949,4.0
489,951,3.0
489,952,1.0
489,955,3.5
489,959,3.0
489,964,3.5
489,966,3.0
489,970,3.5
489,978,4.0
489,981,4.0
489,982,4.0
489,984,3.5
489,985,4.5
489,987,4.5
489,990,5.0
490,2,4.0
490,5,3.5
490,8,4.0
490,9,4.0
490,10,3.5
490,11,3.5
490,12,3.5
490,14,3.5
490,21,4.0
490,27,4.0
490,38,3.5
490,60,4.0
490,75,4.0
490,100,4.0
490,101,4.0
490,103,4.0
490,107,3.5
490,109,3.5
490,112,4.0
490,127,4.5
490,141,3.0
490,145,3.5
490,162,3.5
490,216,3.0
490,224,3.5
490,234,3.0
490,243,4.0
490,255,3.5
490,257,3.5
490,268,4.0
490,355,4.0
490,382,3.5
490,473,3.0
490,475,3.0
490,482,3.0
490,500,3.5
490,521,4.0
490,623,4.0
490,628,3.5
490,631,3.5
490,767,4.0
490,770,3.0
490,781,3.0
490,821,3.0
490,832,2.5
490,931,3.0
490,942,3.0
490,946,4.0
490,977,3.0
490,990,3.0
491,12,4.5
491,140,4.5
491,148,4.5
491,216,3.0
491,224,5.0
491,226,4.0
491,228,5.0
491,373,4.0
491,380,4.5
491,495,2.0
491,609,4.5
491,619,4.0
491,765,5.0
491,767,4.0
491,778,5.0
491,781,5.0
491,790,2.0
491,821,4.5
491,931,5.0
492,1,3.0
492,94,3.0
492,107,4.0
492,114,4.0
492,239,2.0
492,374,3.0
492,611,3.0
492,779,3.0
492,987,3.0
493,1,5.0
493,6,5.0
493,21,5.0
493,22,5.0
493,26,4.0
493,28,4.0
493,41,3.0
493,43,2.0
493,63,4.0
493,68,4.0
493,92,5.0
493,94,4.0
493,105,4.0
493,144,3.0
493,219,4.0
493,233,5.0
493,353,4.0
493,473,3.0
493,536,2.0
493,629,4.0
493,649,4.0
493,939,4.0
493,940,3.0
493,959,4.0
494,1,5.0
494,6,5.0
494,21,5.0
494,22,5.0
494,26,5.0
494,28,5.0
494,41,5.0
494,43,5.0
494,63,5.0
494,68,5.0
494,92,5.0
494,111,3.0
494,114,4.0
494,144,5.0
494,146,3.0
494,154,5.0
495,0,5.0
495,1,4.5
495,2,5.0
495,3,4.0
495,9,5.0
495,10,5.0
495,11,0.5
495,12,4.0
495,14,0.5
495,20,5.0
495,21,5.0
495,26,4.5
495,41,5.0
495,42,5.0
495,47,4.0
495,64,5.0
495,71,4.5
495,93,4.5
495,96,4.0
495,97,5.0
495,102,4.5
495,103,4.5
495,140,5.0
495,143,2.0
495,145,4.5
495,148,4.5
495,152,5.0
495,157,4.5
495,158,5.0
495,161,4.5
495,213,5.0
495,215,4.5
495,216,2.5
495,220,4.5
495,221,5.0
495,223,5.0
495,224,5.0
495,226,4.5
495,234,5.0
495,238,5.0
495,240,5.0
495,248,4.0
495,257,4.5
495,348,5.0
495,350,5.0
495,351,5.0
495,352,5.0
495,358,4.0
495,372,4.0
495,373,4.0
495,375,4.0
495,377,5.0
495,379,5.0
495,381,4.5
495,382,5.0
495,473,5.0
495,475,5.0
495,478,5.0
495,502,5.0
495,503,4.5
495,505,5.0
495,506,5.0
495,509,4.5
495,514,3.5
495,604,4.0
495,605,5.0
495,606,5.0
495,622,4.5
495,623,5.0
495,624,5.0
495,628,5.0
495,631,4.0
495,635,4.5
495,636,4.5
495,638,4.5
495,639,4.5
495,643,4.0
495,656,4.5
495,659,0.5
495,665,5.0
495,685,4.5
495,761,4.0
495,763,4.5
495,766,2.5
495,769,5.0
495,770,5.0
495,775,3.0
495,786,4.5
495,789,5.0
495,790,5.0
495,799,5.0
495,809,5.0
495,812,3.0
495,837,3.5
495,847,4.0
495,932,4.5
495,934,5.0
495,941,5.0
495,946,5.0
495,954,4.0
495,957,5.0
495,972,3.5
496,1,5.0
496,2,4.5
496,5,4.0
496,6,4.0
496,11,4.0
496,14,4.0
496,53,4.5
496,55,5.0
496,214,4.0
496,348,3.0
496,359,4.5
496,495,3.0
496,499,3.5
496,639,3.5
496,802,3.0
497,0,3.0
497,1,4.0
497,2,4.0
497,5,2.0
497,9,2.0
497,10,4.0
497,11,2.0
497,14,2.0
497,18,5.0
497,20,5.0
497,21,2.5
497,26,3.0
497,27,4.0
497,44,5.0
497,47,3.0
497,49,5.0
497,55,3.0
497,63,4.0
497,67,4.0
497,74,4.0
497,95,4.0
497,97,3.0
497,101,4.0
497,103,5.0
497,109,5.0
497,110,5.0
497,120,3.0
497,149,5.0
497,157,5.0
497,165,2.0
497,213,3.5
497,216,2.5
497,231,4.5
497,379,5.0
497,499,2.0
497,509,4.0
497,514,4.0
497,799,5.0
498,0,5.0
498,8,4.0
498,12,5.0
498,48,5.0
498,92,5.0
498,146,4.0
498,368,3.0
498,372,5.0
498,649,5.0
498,786,5.0
498,987,4.0
499,72,5.0
499,165,3.5
499,394,4.0
499,490,5.0
499,700,4.0
499,835,4.0
499,893,5.0
499,924,3.5
500,12,4.0
500,48,3.0
500,95,5.0
500,107,4.0
500,146,4.0
500,372,4.0
500,373,3.0
500,385,4.0
500,386,4.0
500,495,5.0
500,510,5.0
500,610,4.0
500,811,4.0
500,821,5.0
500,837,5.0
500,874,5.0
500,890,1.0
500,970,3.0
500,977,3.0
501,47,3.0
501,94,3.0
501,155,3.0
501,374,3.0
501,779,3.0
501,817,3.0
501,987,4.0
502,0,5.0
502,29,5.0
502,35,1.5
502,43,4.25
502,101,5.0
502,116,3.5
502,274,5.0
502,300,5.0
502,784,0.5
502,797,5.0
503,0,4.0
503,1,4.5
503,3,4.0
503,4,4.0
503,6,4.0
503,8,5.0
503,9,3.5
503,10,3.5
503,12,4.0
503,19,5.0
503,20,4.0
503,21,4.5
503,26,3.0
503,27,3.5
503,29,4.5
503,42,4.0
503,43,2.5
503,48,3.0
503,52,3.5
503,60,4.0
503,93,4.5
503,95,4.0
503,98,4.0
503,99,4.0
503,100,4.5
503,101,4.0
503,103,2.5
503,146,3.5
503,154,4.5
503,157,3.0
503,160,3.0
503,165,4.0
503,210,4.0
503,220,5.0
503,231,4.0
503,290,3.5
503,356,2.5
503,388,0.5
503,473,2.5
503,491,3.5
503,493,1.5
503,510,4.0
503,610,2.5
503,636,3.5
503,698,3.0
503,785,4.0
503,796,3.5
504,5,4.0
504,8,4.0
504,11,4.0
504,14,4.0
504,107,4.0
504,148,4.0
504,158,4.0
504,160,4.0
504,221,4.0
504,491,4.0
504,495,4.5
504,503,5.0
504,508,4.0
504,610,4.0
504,638,4.0
504,789,3.5
504,796,4.5
504,804,4.0
504,832,4.5
504,844,4.5
504,915,4.5
504,949,3.5
504,957,4.0
504,992,4.0
505,10,5.0
505,27,5.0
505,38,3.5
505,60,5.0
505,498,5.0
505,685,5.0
505,687,5.0
505,843,5.0
505,924,5.0
506,18,5.0
506,44,3.5
506,147,4.0
506,213,3.0
506,348,3.5
506,603,4.0
506,616,3.0
506,627,1.0
506,948,3.0
506,978,3.0
507,12,4.0
507,27,3.0
507,28,3.0
507,92,3.0
507,146,4.0
507,368,3.0
507,385,3.0
507,649,4.0
507,786,3.0
507,966,3.0
508,39,4.5
508,105,4.5
508,504,2.0
508,536,1.5
508,613,4.0
508,653,2.0
509,2,3.5
509,5,5.0
509,8,3.5
509,9,3.5
509,11,5.0
509,14,5.0
509,18,3.0
509,21,3.5
509,22,4.0
509,26,3.5
509,38,3.5
509,41,3.0
509,48,4.0
509,53,3.0
509,57,3.5
509,61,4.0
509,63,4.0
509,64,4.0
509,72,3.5
509,78,3.5
509,85,4.5
509,97,3.5
509,107,4.0
509,109,3.5
509,112,4.0
509,148,4.0
509,152,3.0
509,157,4.0
509,160,3.5
509,162,4.0
509,165,4.0
509,169,4.0
509,214,3.5
509,216,3.5
509,223,3.5
509,226,3.5
509,242,3.5
509,250,4.5
509,266,4.0
509,283,3.5
509,348,4.0
509,353,4.0
509,356,4.0
509,358,4.5
509,362,4.0
509,363,3.5
509,370,2.5
509,371,3.0
509,372,3.5
509,373,3.0
509,374,4.0
509,380,3.5
509,382,4.0
509,385,3.5
509,480,3.0
509,481,3.5
509,482,3.5
509,483,4.0
509,489,3.0
509,495,4.0
509,499,3.5
509,502,3.5
509,506,3.5
509,507,3.5
509,510,3.5
509,514,4.0
509,536,3.0
509,603,4.0
509,605,3.5
509,609,3.5
509,611,3.5
509,627,2.5
509,630,3.5
509,631,3.5
509,655,3.5
509,662,4.5
509,670,4.0
509,679,4.5
509,686,3.0
509,706,3.5
509,765,3.5
509,767,2.5
509,769,3.5
509,770,1.0
509,775,4.0
509,778,1.0
509,780,3.5
509,793,4.0
509,795,4.0
509,802,2.5
509,817,3.0
509,820,4.5
509,833,4.5
509,854,4.0
509,874,3.5
509,931,3.5
509,937,3.5
509,945,3.5
509,948,3.5
509,953,3.0
509,961,4.0
509,969,3.5
509,970,3.0
509,977,2.0
510,1,4.5
510,3,3.5
510,11,2.5
510,14,3.0
510,19,3.5
510,22,3.5
510,27,3.5
510,47,4.0
510,63,4.0
510,67,4.0
510,71,4.0
510,72,3.5
510,74,4.5
510,102,3.5
510,141,4.0
510,146,3.0
510,154,4.0
510,155,1.0
510,157,2.5
510,170,4.0
510,182,4.5
510,210,4.5
510,220,3.5
510,363,3.5
510,365,3.0
510,367,2.5
510,373,4.0
510,379,4.0
510,391,4.0
510,394,3.0
510,430,4.5
510,487,3.0
510,491,3.0
510,522,4.5
510,538,3.0
510,618,1.0
510,629,3.0
510,636,3.5
510,649,4.5
510,661,0.5
510,672,3.5
510,678,3.5
510,773,4.0
510,805,2.0
510,811,3.5
510,959,3.0
510,972,4.5
510,987,1.0
511,0,5.0
511,3,5.0
511,5,5.0
511,9,5.0
511,10,5.0
511,11,5.0
511,12,4.5
511,18,4.5
511,21,5.0
511,57,4.5
511,61,5.0
511,63,5.0
511,64,4.0
511,109,4.5
511,215,4.0
511,251,4.0
511,350,5.0
511,351,4.0
511,358,4.5
511,476,4.0
511,484,4.0
511,536,3.5
511,650,4.0
511,669,4.0
511,670,4.0
511,764,4.0
511,782,4.5
511,873,4.0
511,976,4.0
512,0,5.0
512,3,5.0
512,8,5.0
512,12,5.0
512,27,5.0
512,28,3.0
512,47,5.0
512,48,4.0
512,92,5.0
512,146,4.0
512,368,3.0
512,372,3.0
512,374,5.0
512,385,4.0
512,618,3.0
512,649,5.0
512,778,3.0
512,786,4.0
512,810,3.0
512,966,5.0
513,0,5.0
513,5,3.5
513,8,4.5
513,14,3.0
513,27,4.0
513,67,2.5
513,72,5.0
513,74,5.0
513,92,4.0
513,95,4.0
513,114,4.0
513,117,4.0
513,167,5.0
513,374,4.0
513,394,4.5
513,490,4.0
513,495,4.0
513,522,4.5
513,649,4.5
513,695,4.5
513,786,4.5
513,848,4.5
513,987,3.0
514,2,3.0
514,5,3.0
514,8,4.0
514,9,4.0
514,10,2.5
514,11,2.0
514,12,4.0
514,14,2.0
514,18,4.0
514,19,4.5
514,20,4.0
514,21,4.0
514,22,5.0
514,26,4.0
514,27,5.0
514,28,4.0
514,39,5.0
514,43,2.75
514,44,4.5
514,48,4.0
514,61,3.0
514,63,5.0
514,67,3.0
514,68,5.0
514,93,4.0
514,95,4.0
514,97,4.0
514,99,4.0
514,100,4.0
514,107,4.0
514,114,4.0
514,122,4.5
514,140,4.0
514,144,4.0
514,145,4.0
514,146,4.5
514,148,4.0
514,153,4.0
514,154,4.0
514,155,3.5
514,157,4.0
514,158,4.0
514,160,4.0
514,161,4.0
514,168,4.0
514,169,4.0
514,210,4.0
514,211,5.0
514,214,4.0
514,219,4.0
514,220,4.5
514,226,4.0
514,228,4.0
514,231,4.0
514,233,4.0
514,235,4.5
514,239,2.5
514,240,4.0
514,241,4.0
514,250,4.0
514,348,3.0
514,351,4.0
514,353,5.0
514,362,3.5
514,364,3.5
514,365,4.0
514,367,4.0
514,372,4.0
514,373,4.0
514,376,4.0
514,380,4.0
514,384,4.0
514,385,4.0
514,447,4.0
514,473,4.0
514,478,3.5
514,481,4.0
514,482,4.0
514,487,4.5
514,491,3.5
514,494,4.5
514,495,4.0
514,503,2.0
514,508,4.0
514,522,4.0
514,531,3.5
514,538,4.0
514,573,5.0
514,602,2.5
514,606,4.0
514,610,4.0
514,612,3.0
514,613,2.0
514,615,2.5
514,619,4.0
514,623,5.0
514,629,4.0
514,631,4.0
514,632,3.5
514,634,4.0
514,636,4.0
514,643,4.0
514,646,4.0
514,649,4.0
514,660,4.0
514,662,4.0
514,706,3.0
514,762,3.5
514,770,4.0
514,773,4.0
514,777,4.5
514,778,3.5
514,782,3.0
514,784,2.5
514,786,4.0
514,787,4.0
514,797,4.0
514,798,4.0
514,799,2.5
514,802,3.0
514,803,3.5
514,811,3.0
514,818,2.5
514,821,4.0
514,831,4.0
514,832,4.5
514,850,4.0
514,934,4.0
514,938,3.5
514,939,4.0
514,946,4.5
514,954,4.0
514,960,4.5
514,964,3.5
514,977,4.0
514,981,3.5
515,0,5.0
515,2,5.0
515,3,5.0
515,9,5.0
515,10,5.0
515,12,5.0
515,26,5.0
515,29,5.0
515,38,5.0
515,42,5.0
515,44,5.0
515,47,4.5
515,61,5.0
515,78,5.0
515,141,5.0
515,229,5.0
515,346,5.0
515,349,5.0
515,480,5.0
515,484,5.0
515,598,4.0
515,615,4.5
515,768,4.0
516,63,4.0
516,146,4.0
516,233,5.0
516,241,3.0
516,353,4.0
516,495,5.0
516,649,4.0
516,777,3.0
516,804,4.0
517,0,4.0
517,3,3.5
517,5,3.0
517,12,3.5
517,20,1.5
517,21,2.5
517,26,3.0
517,27,3.0
517,29,4.0
517,35,4.5
517,39,5.0
517,41,1.0
517,48,4.5
517,52,1.0
517,53,4.0
517,74,1.0
517,78,2.5
517,92,1.5
517,93,0.5
517,95,1.0
517,97,2.5
517,99,3.0
517,101,0.5
517,103,1.5
517,107,4.0
517,109,5.0
517,111,2.0
517,114,2.0
517,118,4.5
517,122,2.0
517,123,0.5
517,143,1.0
517,146,1.0
517,148,1.5
517,158,3.5
517,160,4.0
517,161,0.5
517,167,4.0
517,168,0.5
517,169,2.0
517,170,4.0
517,172,4.0
517,210,1.0
517,216,2.5
517,221,2.0
517,224,3.5
517,228,2.5
517,233,0.5
517,234,2.0
517,235,4.5
517,242,2.0
517,248,1.0
517,249,5.0
517,265,0.5
517,273,1.0
517,274,0.5
517,278,0.5
517,347,1.0
517,349,4.0
517,364,1.5
517,365,3.5
517,372,3.0
517,373,3.0
517,379,2.5
517,380,3.5
517,382,4.0
517,385,4.0
517,388,2.0
517,394,2.0
517,396,1.5
517,403,3.0
517,407,4.0
517,413,1.5
517,439,3.0
517,473,3.5
517,482,4.5
517,493,2.75
517,494,5.0
517,495,4.0
517,498,1.0
517,504,3.0
517,506,1.0
517,525,3.0
517,545,2.0
517,560,0.5
517,573,4.75
517,603,0.5
517,613,4.0
517,616,4.0
517,619,2.0
517,621,1.0
517,627,3.5
517,628,0.5
517,631,1.0
517,638,4.0
517,642,1.0
517,649,2.5
517,654,3.0
517,657,2.0
517,664,5.0
517,674,2.5
517,675,4.0
517,696,4.5
517,717,1.0
517,765,3.0
517,769,0.5
517,773,3.5
517,775,1.0
517,778,5.0
517,804,3.0
517,807,2.5
517,811,0.5
517,816,3.0
517,817,0.5
517,821,3.0
517,822,4.0
517,824,3.5
517,828,2.0
517,835,1.0
517,836,1.5
517,854,4.5
517,874,5.0
517,879,1.0
517,924,2.5
517,931,4.0
517,932,1.0
517,951,0.5
517,959,1.5
517,960,1.0
517,966,2.5
517,969,2.0
517,970,3.5
517,977,4.5
517,986,1.0
517,995,2.0
518,160,5.0
518,253,4.5
518,491,4.5
519,0,5.0
519,12,5.0
519,49,5.0
519,97,5.0
519,221,4.0
519,475,4.0
519,610,3.0
519,643,5.0
519,763,5.0
519,769,4.0
519,770,5.0
520,0,5.0
520,1,2.0
520,5,4.0
520,11,4.0
520,12,3.5
520,14,3.5
520,21,5.0
520,28,4.5
520,29,4.0
520,38,3.5
520,39,5.0
520,43,5.0
520,58,4.0
520,63,5.0
520,68,5.0
520,74,5.0
520,78,4.5
520,84,5.0
520,85,4.5
520,93,4.5
520,98,3.0
520,119,5.0
520,122,5.0
520,144,4.0
520,148,4.5
520,151,4.5
520,158,4.0
520,169,5.0
520,217,5.0
520,219,4.0
520,223,3.5
520,242,4.0
520,274,4.0
520,300,4.0
520,333,3.0
520,353,5.0
520,362,4.0
520,364,3.0
520,371,4.0
520,373,5.0
520,374,3.5
520,376,5.0
520,380,5.0
520,398,4.5
520,475,4.5
520,480,5.0
520,495,4.0
520,514,4.5
520,517,4.0
520,613,4.0
520,619,4.0
520,634,4.0
520,636,4.0
520,638,3.5
520,661,5.0
520,695,3.5
520,697,4.0
520,773,4.0
520,778,4.0
520,784,4.0
520,804,5.0
520,837,4.0
520,939,3.0
520,940,3.5
520,945,4.0
520,949,3.5
520,951,4.0
520,953,2.0
520,957,4.0
521,94,4.0
521,231,5.0
521,374,3.0
521,611,4.0
521,779,4.0
521,987,3.0
522,0,5.0
522,1,4.5
522,2,5.0
522,5,3.5
522,6,4.0
522,8,5.0
522,9,5.0
522,10,4.0
522,11,3.5
522,12,3.5
522,14,2.5
522,19,3.5
522,20,4.0
522,21,4.0
522,22,4.5
522,26,5.0
522,39,5.0
522,41,4.0
522,42,5.0
522,43,5.0
522,47,4.5
522,48,3.0
522,49,4.5
522,60,3.5
522,61,4.0
522,63,3.5
522,64,5.0
522,68,4.5
522,92,4.0
522,93,4.5
522,95,5.0
522,96,3.0
522,97,4.5
522,100,4.0
522,103,4.0
522,107,3.0
522,114,4.0
522,122,4.5
522,141,4.0
522,143,4.5
522,144,4.5
522,146,3.5
522,151,4.0
522,154,4.0
522,161,3.5
522,162,4.5
522,169,4.5
522,216,5.0
522,217,2.5
522,223,4.5
522,224,4.0
522,231,3.0
522,239,4.0
522,250,3.5
522,304,3.5
522,348,5.0
522,353,4.5
522,355,4.5
522,356,4.0
522,358,5.0
522,364,5.0
522,372,4.0
522,373,4.5
522,380,5.0
522,475,1.0
522,480,4.0
522,481,3.5
522,490,4.0
522,493,4.0
522,498,4.0
522,502,4.5
522,505,0.5
522,621,4.0
522,623,4.5
522,628,4.5
522,631,2.5
522,636,4.5
522,639,4.5
522,642,4.5
522,655,5.0
522,656,3.5
522,660,4.0
522,661,4.0
522,769,4.5
522,770,4.0
522,771,3.5
522,778,1.0
522,780,4.5
522,781,3.5
522,804,4.0
522,809,2.5
522,816,4.0
522,821,4.0
522,827,4.5
522,837,4.5
522,847,5.0
522,848,4.5
522,933,5.0
522,934,3.0
522,937,1.0
522,945,4.5
522,946,4.0
522,960,4.5
522,986,3.5
523,0,5.0
523,2,5.0
523,3,4.5
523,5,5.0
523,10,4.5
523,11,5.0
523,12,4.5
523,14,5.0
523,29,5.0
523,41,5.0
523,48,5.0
523,61,5.0
523,96,4.5
523,97,5.0
523,103,5.0
523,140,5.0
523,145,5.0
523,158,5.0
523,216,4.5
523,221,5.0
523,229,5.0
523,250,5.0
523,349,5.0
523,351,3.5
523,352,5.0
523,355,3.5
523,361,4.5
523,371,5.0
523,473,5.0
523,648,5.0
523,865,5.0
523,970,4.0
524,0,1.0
524,20,1.0
524,22,5.0
524,27,4.0
524,28,5.0
524,39,5.0
524,43,3.0
524,47,2.0
524,53,3.0
524,63,5.0
524,68,5.0
524,71,4.0
524,72,5.0
524,92,3.0
524,94,4.0
524,98,4.0
524,107,4.0
524,114,3.0
524,117,3.0
524,122,4.0
524,144,5.0
524,146,4.0
524,168,5.0
524,169,5.0
524,193,3.0
524,217,5.0
524,219,4.0
524,234,3.0
524,274,4.0
524,353,5.0
524,372,4.0
524,374,3.0
524,376,5.0
524,413,3.0
524,490,3.0
524,494,2.0
524,539,4.0
524,618,4.0
524,649,5.0
524,678,5.0
524,690,4.0
524,695,4.0
524,722,5.0
524,778,3.0
524,786,5.0
524,824,3.0
524,848,5.0
524,879,3.0
524,966,3.0
525,0,4.5
525,2,4.0
525,3,4.0
525,9,4.0
525,10,3.5
525,12,4.0
525,18,4.0
525,21,4.0
525,22,4.5
525,27,3.5
525,35,3.5
525,38,4.0
525,39,4.0
525,41,3.5
525,44,3.0
525,47,4.5
525,48,4.0
525,60,4.0
525,61,3.5
525,63,4.0
525,74,3.5
525,75,4.5
525,78,3.5
525,95,4.0
525,96,4.0
525,101,3.5
525,103,3.5
525,105,3.5
525,107,4.0
525,109,3.5
525,112,3.5
525,114,4.0
525,118,4.5
525,141,3.0
525,146,4.0
525,148,4.5
525,152,4.5
525,154,4.5
525,158,3.5
525,160,4.5
525,162,3.5
525,165,4.0
525,167,3.5
525,169,4.5
525,213,3.5
525,214,4.0
525,215,4.5
525,216,4.5
525,220,4.0
525,221,3.5
525,224,3.5
525,226,3.5
525,228,4.0
525,231,4.5
525,232,4.0
525,233,3.5
525,234,4.5
525,235,3.5
525,240,3.5
525,242,3.5
525,249,4.5
525,250,4.0
525,348,4.5
525,349,4.0
525,351,4.0
525,352,3.5
525,353,4.5
525,355,4.0
525,356,4.0
525,358,4.5
525,361,3.0
525,362,3.5
525,363,3.5
525,364,3.5
525,371,3.5
525,372,3.5
525,373,4.0
525,377,4.0
525,380,4.0
525,385,3.5
525,403,4.0
525,409,3.5
525,475,3.0
525,478,4.5
525,480,3.0
525,481,3.0
525,482,4.5
525,483,4.5
525,489,3.5
525,490,4.0
525,491,4.5
525,495,3.5
525,496,3.5
525,498,4.5
525,499,3.5
525,500,4.0
525,502,4.0
525,506,3.5
525,507,4.0
525,508,4.0
525,510,4.0
525,514,4.0
525,573,4.5
525,603,4.5
525,605,3.5
525,610,4.5
525,611,3.5
525,619,4.0
525,622,2.5
525,623,4.0
525,631,4.5
525,635,4.0
525,636,4.5
525,637,4.5
525,638,3.5
525,639,4.5
525,642,4.0
525,645,3.5
525,649,3.5
525,652,4.5
525,655,4.0
525,661,4.0
525,664,4.5
525,696,4.0
525,706,4.0
525,762,3.5
525,764,4.5
525,765,3.0
525,767,4.0
525,769,4.5
525,770,3.0
525,774,4.0
525,775,3.5
525,778,3.5
525,780,2.5
525,781,4.0
525,786,4.0
525,790,4.0
525,793,3.5
525,795,3.5
525,796,4.0
525,797,4.0
525,799,3.0
525,809,4.0
525,811,4.0
525,812,4.0
525,819,3.0
525,821,3.5
525,832,3.5
525,837,4.5
525,840,4.0
525,847,3.5
525,854,3.5
525,874,3.5
525,893,4.0
525,924,4.5
525,931,3.0
525,933,3.5
525,934,3.5
525,937,3.5
525,940,4.5
525,942,3.5
525,945,4.5
525,951,3.0
525,953,3.0
525,955,4.0
525,957,4.5
525,961,3.5
525,969,3.0
525,970,1.5
525,977,4.0
525,984,3.5
525,987,3.5
526,0,4.0
526,8,4.0
526,10,4.0
526,26,3.0
526,27,4.0
526,72,4.0
526,75,4.0
526,78,4.0
526,95,4.0
526,109,3.5
526,140,4.0
526,214,4.0
526,223,4.5
526,231,4.5
526,234,4.5
526,237,4.5
526,239,4.0
526,243,5.0
526,255,3.0
526,351,4.5
526,359,4.0
526,362,4.0
526,365,4.0
526,371,4.5
526,380,4.0
526,505,4.5
526,509,5.0
526,621,4.5
526,627,3.0
526,631,5.0
526,642,3.5
526,804,5.0
526,832,3.5
526,854,5.0
526,957,4.0
527,3,1.0
527,22,5.0
527,27,5.0
527,29,5.0
527,39,4.0
527,43,5.0
527,48,4.0
527,53,4.0
527,63,5.0
527,67,5.0
527,101,3.0
527,114,5.0
527,144,4.0
527,146,5.0
527,153,5.0
527,167,3.0
527,193,4.0
527,210,5.0
527,211,5.0
527,220,4.0
527,234,4.0
527,235,5.0
527,249,5.0
527,265,4.0
527,274,3.0
527,357,4.0
527,365,5.0
527,368,5.0
527,372,5.0
527,375,5.0
527,385,5.0
527,413,4.0
527,494,5.0
527,510,4.0
527,514,3.0
527,536,3.0
527,560,4.0
527,610,5.0
527,611,5.0
527,619,4.0
527,636,4.0
527,646,5.0
527,664,3.0
527,783,4.0
527,798,5.0
527,811,2.0
527,835,3.0
527,840,4.0
527,848,5.0
527,861,4.0
527,874,3.0
527,879,4.0
527,931,5.0
527,955,4.0
527,959,5.0
527,964,5.0
527,981,5.0
528,2,5.0
528,8,4.0
528,12,5.0
528,19,4.0
528,21,5.0
528,27,4.0
528,28,4.0
528,29,3.5
528,41,5.0
528,42,4.5
528,49,4.5
528,61,4.5
528,72,3.5
528,92,5.0
528,95,1.0
528,97,5.0
528,105,4.0
528,107,2.5
528,140,4.0
528,141,4.5
528,143,1.0
528,144,3.5
528,151,5.0
528,152,3.5
528,154,5.0
528,158,4.5
528,160,2.0
528,162,3.5
528,219,4.0
528,224,1.0
528,239,4.0
528,242,3.5
528,257,3.5
528,355,1.5
528,358,3.5
528,365,3.5
528,377,3.5
528,381,2.5
528,480,3.0
528,493,5.0
528,623,3.5
528,628,4.0
528,649,4.0
528,654,4.5
528,781,1.5
528,786,4.0
528,790,3.5
528,946,4.5
528,965,1.0
529,107,3.0
529,374,5.0
529,611,3.0
529,987,2.0
530,12,5.0
530,27,4.0
530,146,4.0
530,368,5.0
530,649,5.0
530,778,3.0
530,786,4.0
531,11,5.0
531,27,5.0
531,63,5.0
531,144,5.0
531,146,4.0
531,220,5.0
531,235,3.0
531,365,5.0
531,368,3.0
531,805,4.0
531,843,2.0
532,0,4.0
532,1,5.0
532,3,5.0
532,10,5.0
532,19,5.0
532,21,5.0
532,26,5.0
532,27,4.0
532,28,4.0
532,29,5.0
532,43,5.0
532,49,4.0
532,63,4.0
532,68,5.0
532,92,5.0
532,94,5.0
532,95,4.0
532,97,3.0
532,102,4.0
532,144,5.0
532,146,4.0
532,149,4.0
532,153,4.0
532,219,4.0
532,231,4.0
532,233,3.0
532,394,3.0
532,473,5.0
532,536,4.0
532,547,3.0
532,634,5.0
532,649,5.0
532,678,5.0
532,836,4.0
532,859,4.0
532,894,5.0
533,9,4.0
533,10,5.0
533,12,5.0
533,21,5.0
533,43,4.0
533,67,4.5
533,68,4.0
533,107,5.0
533,109,5.0
533,153,5.0
533,210,5.0
533,211,4.0
533,242,5.0
533,357,3.5
533,498,3.0
533,526,3.0
533,631,3.5
533,636,3.5
533,764,5.0
533,945,4.0
533,964,3.0
534,2,2.0
534,5,4.5
534,9,4.5
534,11,4.0
534,12,4.5
534,14,4.0
534,18,3.5
534,21,4.0
534,22,4.5
534,26,4.5
534,27,4.0
534,39,5.0
534,41,4.5
534,48,4.0
534,49,4.0
534,63,4.0
534,64,2.0
534,78,2.5
534,93,4.0
534,95,3.5
534,107,4.0
534,109,3.0
534,114,4.5
534,141,3.0
534,144,4.5
534,146,4.5
534,148,5.0
534,151,4.0
534,152,4.5
534,154,4.5
534,157,4.0
534,158,4.0
534,160,4.0
534,162,4.0
534,211,4.5
534,215,3.0
534,216,4.5
534,226,4.0
534,232,3.5
534,242,4.0
534,250,3.5
534,348,4.5
534,351,3.0
534,352,5.0
534,358,4.0
534,362,4.0
534,363,4.5
534,364,4.0
534,372,4.5
534,377,4.5
534,382,4.0
534,397,4.0
534,473,4.5
534,475,3.0
534,478,4.5
534,480,4.0
534,481,4.5
534,482,3.5
534,493,4.5
534,494,4.0
534,495,4.5
534,498,4.5
534,499,3.5
534,500,4.0
534,507,4.0
534,510,4.5
534,514,4.0
534,536,4.0
534,613,4.5
534,619,4.5
534,621,4.5
534,627,4.5
534,630,3.0
534,631,2.5
534,635,3.5
534,642,3.5
534,648,4.5
534,655,4.0
534,659,3.0
534,662,2.5
534,679,3.0
534,762,4.0
534,764,4.5
534,765,4.0
534,769,4.0
534,770,4.0
534,775,4.5
534,778,4.5
534,780,3.5
534,793,4.5
534,795,4.0
534,811,4.0
534,814,4.5
534,821,3.5
534,828,4.5
534,840,4.0
534,847,4.0
534,874,4.5
534,931,4.0
534,933,2.0
534,934,3.0
534,937,4.0
534,939,3.0
534,940,4.5
534,941,4.5
534,942,4.5
534,947,5.0
534,948,4.5
534,949,4.5
534,951,4.0
534,953,4.0
534,961,4.0
534,966,4.5
534,969,4.5
534,976,1.5
535,21,4.0
535,95,5.0
535,157,5.0
536,3,5.0
536,12,5.0
536,27,4.0
536,28,3.0
536,92,5.0
536,146,4.0
536,368,3.0
536,511,1.0
536,602,5.0
536,649,3.0
536,786,5.0
536,966,2.0
537,0,4.0
537,2,3.5
537,3,1.0
537,5,4.5
537,9,5.0
537,11,4.5
537,14,4.5
537,21,4.0
537,29,4.0
537,42,4.5
537,49,4.5
537,64,4.5
537,140,5.0
537,216,5.0
537,221,5.0
537,358,1.5
537,473,3.0
537,475,5.0
537,605,1.5
537,623,4.0
537,654,5.0
537,656,5.0
537,769,5.0
537,770,4.0
537,802,3.0
537,809,4.5
538,2,4.5
538,48,4.5
538,109,5.0
538,249,5.0
538,353,5.0
538,372,5.0
538,376,4.0
538,380,5.0
538,385,5.0
538,482,4.5
538,516,4.0
538,636,4.5
538,678,2.5
538,767,4.5
538,797,4.5
538,961,4.0
539,0,4.0
539,3,3.5
539,49,3.5
539,109,5.0
539,160,5.0
539,216,4.5
539,226,5.0
539,242,4.5
539,353,5.0
539,362,4.5
539,373,3.5
539,495,5.0
539,770,5.0
539,945,2.5
539,948,5.0
539,951,4.5
539,990,3.0
540,8,5.0
540,10,4.5
540,11,4.0
540,21,4.0
540,22,5.0
540,26,5.0
540,28,4.5
540,42,5.0
540,49,5.0
540,114,5.0
540,162,5.0
540,216,4.5
540,242,3.5
540,363,5.0
540,498,4.5
540,611,4.0
540,949,4.0
540,953,5.0
541,0,4.0
541,12,5.0
541,27,4.0
541,28,3.0
541,47,5.0
541,48,3.0
541,92,5.0
541,107,3.0
541,146,5.0
541,231,3.0
541,368,5.0
541,372,3.0
541,385,3.0
541,514,3.0
541,618,4.0
541,649,5.0
541,778,1.0
541,824,5.0
541,877,1.0
541,966,3.0
541,970,5.0
541,977,5.0
541,987,4.0
542,0,5.0
542,8,3.5
542,10,5.0
542,12,5.0
542,21,5.0
542,38,4.5
542,42,3.5
542,48,5.0
542,49,4.0
542,60,5.0
542,68,4.0
542,95,4.5
542,96,4.0
542,98,4.0
542,101,4.0
542,103,4.0
542,152,2.5
542,158,4.5
542,160,4.5
542,162,4.0
542,210,1.5
542,216,4.0
542,221,4.5
542,223,0.5
542,234,5.0
542,242,3.5
542,255,0.5
542,362,3.0
542,377,1.5
542,473,3.0
542,493,4.0
542,494,4.0
542,495,5.0
542,498,5.0
542,611,5.0
542,636,4.5
542,669,4.5
542,769,5.0
542,807,2.0
542,821,3.5
542,837,3.5
542,838,5.0
542,874,4.0
542,940,5.0
542,941,5.0
542,949,3.5
542,952,4.0
542,970,4.0
543,10,5.0
543,12,3.0
543,21,5.0
543,39,5.0
543,48,5.0
543,60,5.0
543,64,4.0
543,78,5.0
543,80,5.0
543,93,4.0
543,95,5.0
543,103,5.0
543,141,5.0
543,154,5.0
543,157,5.0
543,160,5.0
543,211,5.0
543,221,5.0
543,226,5.0
543,242,5.0
543,372,5.0
543,373,5.0
543,382,5.0
543,385,5.0
543,475,5.0
543,502,5.0
543,543,0.5
543,621,3.0
543,639,2.0
543,702,5.0
543,773,5.0
543,808,5.0
543,966,5.0
544,107,3.0
544,374,3.0
545,141,3.5
545,544,5.0
545,871,3.0
545,944,4.0
546,28,5.0
546,39,3.0
546,95,5.0
546,146,4.0
546,231,2.0
546,241,1.0
546,249,2.0
546,367,1.0
546,375,3.0
546,487,5.0
546,773,4.0
546,932,2.0
546,964,3.0
547,95,5.0
547,217,5.0
547,333,4.0
547,508,5.0
547,512,5.0
547,634,3.0
547,692,2.0
547,785,5.0
547,885,5.0
548,2,5.0
548,12,5.0
548,21,5.0
548,22,3.5
548,41,4.0
548,152,4.5
548,352,3.0
548,619,3.0
548,637,5.0
548,789,5.0
549,0,4.0
549,2,4.0
549,3,1.0
549,9,5.0
549,10,5.0
549,14,3.5
549,21,5.0
549,22,2.0
549,26,5.0
549,28,3.0
549,42,5.0
549,60,5.0
549,63,4.5
549,92,3.0
549,114,2.0
549,144,3.0
549,154,4.0
550,0,4.5
550,2,4.0
550,9,5.0
550,12,4.0
550,18,5.0
550,21,4.5
550,78,4.0
550,107,4.0
550,109,4.5
550,140,4.0
550,215,4.0
550,221,4.0
550,348,4.5
550,349,4.5
550,351,4.0
550,352,5.0
550,358,5.0
550,480,2.75
550,782,4.5
551,0,4.0
551,5,2.0
551,8,3.5
551,9,4.0
551,10,4.5
551,11,2.0
551,12,4.5
551,14,2.0
551,21,4.0
551,26,4.5
551,27,4.5
551,28,4.0
551,29,4.0
551,39,4.0
551,60,3.0
551,78,4.5
551,92,3.5
551,97,4.5
551,102,3.5
551,109,4.0
551,114,3.5
551,140,4.0
551,144,3.0
551,152,0.5
551,154,4.5
551,157,4.0
551,160,4.0
551,221,4.0
551,224,4.0
551,229,3.0
551,257,3.0
551,348,3.0
551,349,4.0
551,351,4.5
551,358,4.0
551,364,4.5
551,370,4.0
551,377,1.0
551,381,4.0
551,473,3.5
551,475,3.5
551,480,4.0
551,482,4.0
551,493,4.5
551,495,4.0
551,499,3.5
551,500,3.0
551,506,4.0
551,604,4.0
551,621,3.5
551,625,4.0
551,630,1.0
551,633,1.0
551,642,4.5
551,643,4.5
551,679,3.5
551,763,4.0
551,771,4.0
551,799,0.5
551,940,2.5
551,949,4.0
551,959,4.0
552,3,4.0
552,4,3.5
552,5,5.0
552,8,4.0
552,10,4.5
552,12,4.0
552,20,4.0
552,21,4.5
552,22,5.0
552,71,4.0
552,74,4.0
552,97,4.0
552,103,4.0
552,105,4.0
552,117,4.5
552,128,2.5
552,157,4.0
552,158,4.0
552,160,4.5
552,161,4.5
552,169,5.0
552,217,5.0
552,220,3.5
552,356,5.0
552,366,3.5
552,490,4.0
552,510,4.5
552,514,4.0
552,611,4.5
552,618,1.5
552,619,3.5
552,634,4.0
552,648,3.5
552,664,3.5
552,676,4.0
552,695,4.0
552,696,3.5
552,697,3.5
552,762,3.5
552,783,3.0
552,789,3.0
552,811,4.0
552,816,3.0
552,821,3.5
552,824,3.5
552,854,3.5
552,861,4.0
552,931,3.5
552,945,5.0
552,970,4.0
553,1,5.0
553,6,5.0
553,8,5.0
553,10,5.0
553,19,5.0
553,21,3.5
553,42,5.0
553,47,4.0
553,94,5.0
553,95,5.0
553,96,5.0
553,97,4.0
553,100,4.5
553,103,5.0
553,143,4.0
553,151,5.0
553,155,5.0
553,221,5.0
553,223,3.5
553,231,3.5
553,237,5.0
553,239,5.0
553,374,5.0
553,381,4.0
553,384,3.5
553,387,5.0
553,388,4.0
553,486,3.5
553,491,5.0
553,493,4.0
553,503,3.5
553,511,4.0
553,641,4.5
553,656,5.0
553,666,4.0
553,669,4.0
553,769,4.5
553,805,5.0
553,807,4.5
553,812,5.0
553,827,4.0
553,859,4.0
553,945,4.0
553,966,4.5
553,972,3.0
553,988,4.5
554,1,5.0
554,3,5.0
554,19,5.0
554,21,5.0
554,22,5.0
554,26,5.0
554,27,5.0
554,35,4.0
554,48,4.0
554,53,5.0
554,71,3.0
554,72,5.0
554,95,5.0
554,99,5.0
554,114,5.0
554,116,5.0
554,117,2.0
554,118,5.0
554,120,5.0
554,182,4.0
554,231,2.0
554,235,5.0
554,249,5.0
554,253,5.0
554,372,5.0
554,379,4.0
554,385,3.0
554,398,3.0
554,487,5.0
554,490,1.0
554,494,5.0
554,514,2.0
554,538,4.0
554,664,5.0
554,696,4.0
554,874,1.0
554,876,4.0
554,970,3.0
554,977,4.0
555,0,5.0
555,8,4.0
555,10,4.0
555,12,5.0
555,19,5.0
555,21,5.0
555,22,5.0
555,26,5.0
555,27,5.0
555,28,5.0
555,29,5.0
555,39,3.0
555,43,5.0
555,47,5.0
555,49,5.0
555,63,4.0
555,67,5.0
555,68,5.0
555,71,5.0
555,72,4.0
555,92,5.0
555,95,5.0
555,100,5.0
555,101,4.0
555,105,4.0
555,107,4.0
555,114,5.0
555,146,4.0
555,153,4.0
555,154,4.0
555,157,4.0
555,168,4.0
555,182,4.0
555,210,3.0
555,217,4.0
555,219,5.0
555,220,5.0
555,223,4.0
555,231,5.0
555,239,5.0
555,241,5.0
555,265,3.0
555,353,5.0
555,357,5.0
555,373,4.0
555,374,4.0
555,375,5.0
555,398,5.0
555,410,3.0
555,413,5.0
555,486,3.0
555,490,4.0
555,494,5.0
555,508,4.0
555,536,3.0
555,538,5.0
555,560,5.0
555,610,5.0
555,613,3.0
555,629,5.0
555,636,4.0
555,649,4.0
555,657,4.0
555,687,3.0
555,717,5.0
555,773,2.0
555,778,4.0
555,785,3.0
555,786,4.0
555,797,4.0
555,803,3.0
555,805,4.0
555,810,5.0
555,811,4.0
555,821,5.0
555,832,5.0
555,837,5.0
555,843,4.0
555,848,3.0
555,864,3.0
555,879,3.0
555,939,4.0
555,940,3.0
555,952,4.0
555,959,5.0
555,964,4.0
555,981,3.0
556,5,4.0
556,11,4.5
556,14,4.0
556,165,4.0
556,216,4.0
556,224,4.5
556,250,5.0
556,348,5.0
556,372,5.0
556,475,4.0
556,482,4.0
556,630,4.0
556,765,4.0
556,931,5.0
557,0,4.5
557,3,4.0
557,21,4.5
557,22,3.0
557,26,3.5
557,63,3.5
557,78,4.0
557,114,3.0
557,144,4.0
557,154,5.0
557,351,3.5
557,473,3.5
557,495,4.5
557,786,4.5
557,931,4.5
557,966,5.0
558,8,3.0
558,11,5.0
558,26,4.0
558,27,4.0
558,105,5.0
558,220,4.0
558,242,4.0
558,473,4.0
558,486,3.0
558,494,4.0
558,495,5.0
558,610,5.0
558,611,5.0
558,774,5.0
558,811,4.0
558,847,4.0
559,0,5.0
559,8,3.0
559,12,4.0
559,28,4.0
559,48,4.0
559,92,4.0
559,94,5.0
559,107,5.0
559,114,4.0
559,146,5.0
559,231,4.0
559,262,5.0
559,372,4.0
559,374,3.0
559,385,3.0
559,514,4.0
559,611,3.0
559,649,3.0
559,786,3.0
559,824,4.0
559,940,5.0
559,966,3.0
559,970,3.0
559,977,3.0
560,2,4.5
560,5,4.0
560,8,4.0
560,9,4.0
560,10,4.5
560,11,4.0
560,12,3.5
560,14,4.0
560,18,3.0
560,20,3.5
560,21,4.5
560,22,4.0
560,26,3.5
560,27,4.0
560,28,3.0
560,29,4.0
560,41,4.0
560,42,4.0
560,43,3.5
560,44,3.5
560,47,4.0
560,49,4.0
560,60,3.5
560,61,3.5
560,63,4.0
560,64,3.5
560,71,4.0
560,78,4.0
560,92,4.0
560,93,4.0
560,95,4.0
560,96,4.0
560,97,4.0
560,100,4.0
560,103,4.0
560,105,4.0
560,107,3.0
560,109,3.5
560,114,4.0
560,117,4.0
560,119,3.5
560,140,4.0
560,141,3.5
560,144,4.0
560,145,3.5
560,148,4.0
560,151,4.0
560,152,4.0
560,157,4.0
560,158,3.5
560,162,4.5
560,165,4.0
560,169,4.0
560,213,4.0
560,214,4.0
560,215,4.0
560,216,3.5
560,221,4.0
560,223,4.5
560,224,3.0
560,231,4.0
560,232,3.5
560,234,3.5
560,237,4.0
560,239,4.5
560,255,3.0
560,257,3.5
560,266,3.5
560,268,3.0
560,349,3.0
560,350,2.5
560,351,4.0
560,352,3.0
560,355,4.0
560,356,3.5
560,363,4.5
560,364,4.0
560,365,3.5
560,370,3.0
560,371,3.0
560,374,3.5
560,377,4.0
560,381,3.5
560,382,3.5
560,386,3.5
560,388,4.0
560,404,3.5
560,446,4.0
560,473,3.5
560,478,3.0
560,482,3.0
560,487,4.0
560,490,3.5
560,491,3.0
560,493,4.0
560,495,3.5
560,496,4.5
560,498,4.5
560,500,4.0
560,502,4.0
560,505,4.0
560,507,4.0
560,508,4.0
560,512,4.0
560,514,4.0
560,536,3.0
560,604,4.5
560,605,2.5
560,606,4.5
560,612,3.5
560,619,3.5
560,621,4.0
560,623,4.0
560,624,4.0
560,628,4.0
560,631,3.5
560,635,4.0
560,638,3.0
560,639,3.5
560,643,4.0
560,652,4.0
560,661,2.0
560,669,4.0
560,672,4.0
560,761,4.0
560,769,4.0
560,775,3.5
560,786,4.0
560,787,3.5
560,788,3.0
560,795,4.0
560,804,4.5
560,807,4.0
560,808,3.0
560,814,3.5
560,838,4.0
560,847,4.0
560,854,3.5
560,865,3.5
560,898,4.0
560,931,3.0
560,933,4.5
560,934,4.0
560,937,3.5
560,940,4.5
560,942,3.5
560,949,3.5
560,953,4.0
560,955,4.0
560,957,4.0
560,960,4.0
560,961,3.5
560,971,4.0
560,978,4.0
560,994,4.0
561,0,5.0
561,2,5.0
561,3,4.0
561,5,5.0
561,8,4.5
561,9,3.5
561,10,4.0
561,11,5.0
561,12,4.0
561,14,5.0
561,18,3.0
561,19,4.0
561,21,4.0
561,22,5.0
561,26,4.5
561,27,4.0
561,28,4.0
561,38,3.5
561,39,4.5
561,41,5.0
561,42,4.5
561,43,4.5
561,47,4.5
561,48,4.0
561,49,3.5
561,61,4.0
561,63,5.0
561,64,3.0
561,67,4.5
561,68,4.5
561,78,5.0
561,83,4.5
561,92,5.0
561,93,3.5
561,94,4.0
561,95,3.5
561,97,4.0
561,98,4.0
561,100,3.5
561,101,2.0
561,102,4.0
561,103,3.0
561,105,4.5
561,107,4.0
561,109,4.5
561,112,4.5
561,114,4.5
561,117,4.0
561,141,4.0
561,144,4.5
561,145,3.0
561,146,4.5
561,148,3.5
561,151,4.5
561,152,4.5
561,153,4.5
561,154,4.5
561,157,4.0
561,160,3.5
561,162,3.0
561,165,1.5
561,166,4.5
561,210,3.5
561,211,5.0
561,212,3.0
561,214,3.5
561,215,4.5
561,216,4.5
561,219,4.0
561,220,4.0
561,221,3.0
561,223,5.0
561,226,3.0
561,231,3.0
561,232,3.0
561,233,4.5
561,234,4.0
561,235,3.5
561,242,4.0
561,248,4.0
561,257,3.0
561,274,5.0
561,278,3.5
561,348,4.0
561,350,3.5
561,351,3.5
561,352,2.0
561,353,5.0
561,356,5.0
561,358,4.5
561,362,3.0
561,363,3.0
561,364,3.0
561,371,3.0
561,373,4.5
561,374,3.5
561,375,4.0
561,376,3.5
561,377,4.0
561,381,3.0
561,382,4.0
561,388,4.5
561,396,4.0
561,413,4.5
561,473,3.0
561,475,3.0
561,476,3.5
561,478,1.5
561,480,3.5
561,481,4.0
561,486,2.5
561,493,4.5
561,494,4.5
561,498,4.0
561,502,3.5
561,506,3.0
561,507,4.0
561,510,3.0
561,514,3.5
561,536,3.0
561,538,4.5
561,604,4.5
561,610,4.0
561,611,4.5
561,619,5.0
561,621,4.0
561,622,3.0
561,623,4.0
561,629,5.0
561,631,3.5
561,634,4.5
561,635,4.0
561,636,4.0
561,642,3.0
561,643,2.5
561,645,3.5
561,646,3.0
561,648,4.0
561,649,4.0
561,654,3.5
561,657,4.0
561,659,3.5
561,661,4.0
561,662,3.0
561,685,4.0
561,762,4.5
561,763,3.0
561,766,3.5
561,769,3.5
561,771,3.5
561,773,4.0
561,777,4.0
561,778,3.5
561,780,3.5
561,787,2.0
561,789,4.0
561,792,4.5
561,795,3.5
561,796,3.0
561,798,4.0
561,800,4.0
561,803,4.5
561,804,4.0
561,807,4.0
561,812,3.0
561,814,4.0
561,816,3.0
561,821,3.0
561,837,3.0
561,848,4.5
561,874,4.0
561,934,3.5
561,937,3.5
561,939,4.0
561,942,3.0
561,945,4.5
561,949,3.0
561,951,3.5
561,952,3.0
561,953,3.5
561,957,5.0
561,958,3.5
561,959,3.5
561,964,3.5
561,972,4.0
561,976,3.5
561,981,3.5
562,0,5.0
562,2,4.0
562,3,4.5
562,8,5.0
562,9,3.0
562,10,4.5
562,12,5.0
562,21,5.0
562,22,3.0
562,26,3.0
562,27,5.0
562,28,4.5
562,29,4.0
562,41,3.5
562,43,4.5
562,47,4.0
562,48,5.0
562,52,4.0
562,67,4.0
562,68,4.0
562,92,4.0
562,93,4.0
562,95,5.0
562,96,5.0
562,97,5.0
562,107,4.5
562,112,4.5
562,148,5.0
562,152,4.5
562,153,4.0
562,157,4.0
562,158,5.0
562,160,4.5
562,165,4.0
562,210,3.5
562,211,3.5
562,216,3.0
562,219,5.0
562,220,5.0
562,221,4.0
562,234,5.0
562,242,4.5
562,255,4.0
562,278,3.5
562,283,5.0
562,353,5.0
562,363,4.5
562,365,5.0
562,368,2.5
562,371,4.0
562,372,4.0
562,373,4.0
562,382,5.0
562,385,3.0
562,491,4.0
562,494,3.5
562,495,5.0
562,498,2.5
562,503,5.0
562,538,1.0
562,604,3.0
562,610,5.0
562,636,5.0
562,646,4.5
562,657,4.0
562,669,4.5
562,676,3.0
562,685,3.5
562,687,4.5
562,719,3.5
562,762,5.0
562,769,4.5
562,774,4.0
562,777,4.5
562,783,4.0
562,784,4.5
562,786,3.0
562,789,4.0
562,790,4.5
562,798,5.0
562,800,3.5
562,807,3.0
562,810,4.0
562,812,4.5
562,821,5.0
562,824,4.0
562,829,4.0
562,832,5.0
562,847,4.0
562,888,3.0
562,939,4.5
562,940,4.5
562,955,4.0
562,959,5.0
562,971,4.5
562,972,3.0
562,981,4.0
563,12,4.0
563,39,3.5
563,44,4.5
563,53,4.0
563,109,3.5
563,118,4.5
563,211,4.0
563,228,4.0
563,232,4.0
563,235,4.0
563,249,5.0
563,251,4.0
563,353,3.0
563,355,4.0
563,359,3.0
563,372,4.0
563,379,3.5
563,380,4.0
563,385,4.0
563,403,4.0
563,489,4.0
563,505,3.5
563,603,4.0
563,605,3.5
563,610,5.0
563,611,4.0
563,631,2.5
563,636,3.5
563,664,4.5
563,696,4.0
563,764,4.0
563,765,3.5
563,770,2.5
563,790,3.5
563,808,4.0
563,820,3.5
563,854,4.0
563,954,4.0
563,961,3.5
564,0,3.0
564,12,3.0
564,39,4.0
564,140,3.0
564,148,1.0
564,373,5.0
564,496,3.0
564,606,3.5
564,609,4.0
564,610,4.0
564,613,4.0
564,627,1.5
564,642,3.0
564,662,1.0
564,764,4.0
564,767,4.0
564,770,3.5
564,790,3.5
564,832,5.0
564,934,4.0
564,990,3.5
565,0,4.0
565,3,5.0
565,8,5.0
565,12,4.0
565,47,5.0
565,368,5.0
565,372,3.0
565,374,5.0
565,649,4.0
565,786,3.0
565,966,3.0
566,0,5.0
566,3,5.0
566,8,4.0
566,12,5.0
566,47,5.0
566,48,2.0
566,92,5.0
566,146,4.0
566,217,4.0
566,368,4.0
566,372,3.0
566,374,4.0
566,514,1.0
566,602,5.0
566,618,1.0
566,649,4.0
566,695,2.0
566,786,3.0
566,810,3.0
566,817,5.0
566,966,3.0
566,987,4.0
567,2,4.0
567,4,4.5
567,5,3.0
567,9,3.0
567,11,3.0
567,12,3.0
567,14,3.0
567,18,3.0
567,22,2.0
567,38,3.5
567,44,3.5
567,47,1.0
567,48,2.5
567,52,2.5
567,60,3.5
567,63,2.5
567,74,3.0
567,77,1.5
567,78,3.0
567,97,3.0
567,98,1.0
567,103,5.0
567,107,3.5
567,109,3.0
567,112,2.0
567,114,1.5
567,116,0.5
567,127,3.5
567,141,2.5
567,146,2.0
567,147,5.0
567,160,3.0
567,165,3.0
567,214,5.0
567,215,4.0
567,217,3.5
567,218,3.0
567,226,4.0
567,229,4.0
567,232,2.0
567,238,2.5
567,240,2.5
567,246,3.0
567,250,2.5
567,265,0.5
567,283,5.0
567,304,2.0
567,346,5.0
567,347,3.0
567,348,3.5
567,349,3.0
567,350,3.0
567,351,3.0
567,353,2.5
567,356,3.5
567,358,4.0
567,361,2.5
567,362,3.5
567,386,0.5
567,387,4.0
567,475,1.0
567,476,4.0
567,478,2.5
567,480,3.0
567,481,1.0
567,484,3.0
567,498,2.5
567,499,3.0
567,502,3.0
567,506,2.0
567,509,0.5
567,510,3.5
567,548,3.5
567,598,3.5
567,606,3.0
567,615,2.0
567,621,3.0
567,623,3.5
567,625,2.0
567,639,3.5
567,642,3.0
567,645,2.5
567,651,3.5
567,654,3.0
567,655,3.5
567,662,2.0
567,667,3.5
567,669,3.0
567,679,2.5
567,686,3.5
567,761,3.5
567,764,3.0
567,780,2.0
567,793,2.0
567,795,4.5
567,797,4.5
567,802,1.5
567,808,1.5
567,814,2.5
567,872,3.0
567,939,1.5
567,950,0.5
567,951,2.5
567,953,1.5
567,961,1.5
567,969,0.5
567,976,2.0
568,8,4.5
568,12,5.0
568,27,5.0
568,47,5.0
568,146,3.0
568,171,5.0
568,410,5.0
568,534,5.0
568,983,5.0
569,8,5.0
569,12,3.0
569,47,3.0
569,146,4.0
569,368,4.0
569,372,4.0
569,385,4.0
569,966,5.0
570,0,4.0
570,1,3.0
570,3,4.5
570,5,3.5
570,10,4.0
570,11,4.0
570,12,4.0
570,20,3.0
570,21,4.5
570,22,4.0
570,26,4.0
570,28,4.0
570,29,4.0
570,38,3.5
570,39,4.0
570,41,4.0
570,42,3.5
570,43,3.5
570,48,3.5
570,52,3.0
570,60,4.0
570,63,4.0
570,67,3.0
570,68,4.0
570,72,3.0
570,92,3.5
570,95,4.0
570,97,3.5
570,101,3.5
570,103,4.0
570,107,4.0
570,114,4.0
570,116,2.5
570,117,2.5
570,122,2.5
570,141,3.5
570,144,4.0
570,148,3.5
570,149,3.0
570,154,4.0
570,157,4.0
570,167,2.5
570,170,3.0
570,211,3.0
570,216,3.5
570,219,3.5
570,221,3.5
570,231,4.0
570,234,3.5
570,239,4.0
570,242,3.5
570,353,4.0
570,356,4.5
570,364,4.0
570,365,3.5
570,370,4.0
570,373,4.0
570,374,4.0
570,381,3.5
570,398,3.0
570,473,3.0
570,491,3.0
570,494,4.5
570,495,4.0
570,500,4.0
570,510,3.5
570,512,3.5
570,610,4.0
570,613,3.5
570,619,3.5
570,638,4.5
570,649,4.0
570,669,4.0
570,773,3.0
570,778,2.0
570,784,4.0
570,786,4.0
570,810,3.0
570,811,3.0
570,821,4.0
570,824,3.5
570,832,3.5
570,837,3.5
570,844,4.0
570,848,3.5
570,874,3.0
570,940,4.0
570,941,4.0
570,949,4.5
570,959,3.5
570,966,4.0
570,986,3.5
570,992,4.0
571,22,3.0
571,39,4.0
571,43,2.0
571,52,4.0
571,67,5.0
571,153,2.0
571,211,5.0
571,357,4.0
571,376,4.0
571,526,3.0
571,536,3.0
571,560,3.0
571,619,3.0
571,646,4.0
571,687,5.0
571,964,2.0
571,981,4.0
572,0,5.0
572,1,5.0
572,3,5.0
572,6,5.0
572,12,4.0
572,20,5.0
572,22,5.0
572,26,5.0
572,27,4.0
572,35,5.0
572,43,4.0
572,53,5.0
572,55,5.0
572,63,4.0
572,71,5.0
572,72,5.0
572,74,5.0
572,97,5.0
572,98,5.0
572,107,4.0
572,111,5.0
572,114,5.0
572,120,5.0
572,122,5.0
572,144,4.0
572,146,4.0
572,148,3.0
572,149,4.0
572,166,5.0
572,169,4.0
572,170,5.0
572,178,5.0
572,211,5.0
572,220,4.0
572,231,4.0
572,233,4.0
572,253,5.0
572,254,4.0
572,265,5.0
572,266,4.0
572,273,5.0
572,274,5.0
572,365,5.0
572,368,5.0
572,373,1.0
572,379,5.0
572,394,5.0
572,396,5.0
572,407,4.0
572,490,2.0
572,497,5.0
572,508,5.0
572,510,4.0
572,531,5.0
572,539,5.0
572,541,5.0
572,544,5.0
572,619,3.0
572,649,5.0
572,653,5.0
572,692,4.0
572,786,4.0
572,792,3.0
572,811,2.0
572,817,5.0
572,832,5.0
572,836,5.0
572,841,5.0
572,848,4.0
572,851,5.0
572,879,5.0
572,952,4.0
573,0,4.5
573,1,5.0
573,2,5.0
573,5,5.0
573,6,3.0
573,8,5.0
573,9,5.0
573,10,5.0
573,11,5.0
573,12,4.5
573,14,4.5
573,18,5.0
573,19,4.5
573,20,4.0
573,21,5.0
573,22,5.0
573,26,5.0
573,27,4.5
573,28,5.0
573,38,5.0
573,39,4.5
573,41,3.5
573,42,5.0
573,43,4.5
573,47,5.0
573,48,4.5
573,49,5.0
573,60,5.0
573,61,5.0
573,63,5.0
573,64,5.0
573,68,4.0
573,72,4.5
573,78,4.5
573,92,5.0
573,93,5.0
573,94,4.5
573,95,2.0
573,100,4.5
573,102,5.0
573,107,5.0
573,109,4.5
573,112,5.0
573,114,5.0
573,141,4.5
573,144,5.0
573,145,4.5
573,146,5.0
573,151,4.5
573,152,4.5
573,154,5.0
573,157,4.0
573,160,4.0
573,165,4.0
573,169,4.5
573,211,4.5
573,216,5.0
573,219,4.5
573,220,4.0
573,221,4.0
573,235,4.0
573,241,3.5
573,242,4.0
573,253,4.0
573,257,4.5
573,266,5.0
573,278,3.5
573,348,4.5
573,353,3.0
573,356,4.5
573,358,5.0
573,362,4.5
573,363,4.5
573,364,4.5
573,372,4.5
573,376,4.5
573,381,4.0
573,385,4.5
573,473,1.5
573,475,5.0
573,480,4.5
573,481,4.5
573,491,3.5
573,495,4.5
573,498,4.5
573,499,5.0
573,500,4.5
573,502,5.0
573,510,5.0
573,521,5.0
573,536,4.5
573,604,4.0
573,611,4.5
573,613,4.5
573,621,4.5
573,622,4.0
573,623,5.0
573,628,2.5
573,629,5.0
573,630,5.0
573,636,5.0
573,638,3.5
573,642,5.0
573,643,4.5
573,648,4.0
573,649,4.5
573,661,3.0
573,685,4.5
573,691,3.0
573,704,5.0
573,762,5.0
573,763,4.0
573,770,4.5
573,771,5.0
573,773,5.0
573,774,4.0
573,775,4.5
573,778,5.0
573,780,5.0
573,784,4.5
573,786,3.0
573,789,4.5
573,803,4.5
573,807,4.5
573,827,4.5
573,876,3.0
573,933,5.0
573,934,5.0
573,935,4.5
573,937,4.5
573,939,4.5
573,940,4.5
573,942,4.5
573,945,4.5
573,949,4.5
573,953,4.5
573,955,4.5
573,956,4.0
573,957,4.0
573,958,5.0
573,966,5.0
574,0,5.0
574,8,3.0
574,27,5.0
574,92,5.0
574,372,5.0
574,385,4.0
574,786,4.0
575,8,5.0
575,21,4.0
575,220,5.0
575,697,3.0
576,690,2.0
576,843,3.0
577,0,5.0
577,1,5.0
577,3,5.0
577,4,4.0
577,6,4.0
577,12,5.0
577,19,4.0
577,22,3.0
577,26,5.0
577,27,4.0
577,39,5.0
577,43,3.5
577,53,5.0
577,63,4.0
577,68,3.0
577,72,4.0
577,92,4.0
577,94,4.0
577,98,3.0
577,105,4.0
577,114,4.0
577,117,3.0
577,120,5.0
577,144,4.0
577,146,5.0
577,153,4.0
577,154,3.0
577,167,5.0
577,170,5.0
577,211,5.0
577,217,3.0
577,219,4.0
577,220,3.0
577,231,3.0
577,233,4.0
577,235,3.0
577,241,3.0
577,248,4.0
577,265,5.0
577,274,5.0
577,284,5.0
577,353,3.0
577,365,4.0
577,368,5.0
577,375,5.0
577,394,3.0
577,407,4.0
577,490,4.0
577,494,4.0
577,508,3.0
577,536,3.0
577,538,4.0
577,539,5.0
577,610,3.0
577,634,4.0
577,649,4.0
577,690,5.0
577,702,4.0
577,722,4.0
577,785,3.0
577,811,4.0
577,840,5.0
577,848,3.0
577,860,3.0
577,861,4.0
577,871,3.0
577,879,4.0
577,939,3.0
577,959,4.0
577,964,2.0
578,380,5.0
578,605,5.0
578,898,4.0
578,942,4.5
579,3,5.0
579,12,5.0
579,21,5.0
579,26,3.0
579,48,5.0
579,92,5.0
579,107,4.0
579,146,4.0
579,157,3.0
579,385,5.0
579,510,5.0
579,669,5.0
579,817,5.0
579,961,4.0
579,977,2.0
580,0,5.0
580,1,4.5
580,3,3.0
580,4,0.5
580,5,4.0
580,6,4.0
580,8,5.0
580,10,5.0
580,11,4.5
580,12,4.0
580,14,4.5
580,19,4.0
580,20,4.0
580,21,5.0
580,22,4.0
580,26,5.0
580,27,4.5
580,28,4.0
580,29,3.0
580,39,3.5
580,41,4.0
580,42,4.5
580,43,4.0
580,47,5.0
580,48,3.0
580,49,4.0
580,53,0.5
580,60,5.0
580,63,4.5
580,68,4.5
580,71,3.5
580,72,4.0
580,92,4.5
580,94,4.0
580,95,5.0
580,96,3.5
580,97,4.5
580,98,3.5
580,99,0.5
580,100,5.0
580,101,4.0
580,102,4.0
580,103,4.0
580,105,5.0
580,107,3.0
580,114,4.0
580,120,1.5
580,122,2.0
580,141,5.0
580,144,4.0
580,146,4.0
580,148,4.5
580,149,4.0
580,151,4.0
580,152,5.0
580,154,4.0
580,155,4.5
580,157,4.5
580,158,3.5
580,160,4.5
580,161,4.0
580,162,4.5
580,168,4.0
580,169,5.0
580,170,0.5
580,182,1.0
580,193,0.5
580,216,4.0
580,217,5.0
580,219,3.5
580,223,4.5
580,231,4.0
580,234,4.0
580,235,2.0
580,239,5.0
580,241,4.0
580,248,3.0
580,255,4.5
580,271,2.0
580,274,0.5
580,275,4.0
580,278,3.0
580,356,4.0
580,362,4.5
580,363,5.0
580,364,4.5
580,365,4.0
580,368,4.0
580,372,2.0
580,374,5.0
580,375,3.0
580,377,4.5
580,388,5.0
580,389,4.0
580,394,3.0
580,404,3.5
580,413,0.5
580,473,4.0
580,486,2.5
580,493,4.5
580,494,3.0
580,495,4.0
580,500,5.0
580,510,3.5
580,512,4.0
580,522,3.5
580,536,4.0
580,552,0.5
580,613,3.5
580,619,4.0
580,629,3.5
580,634,2.5
580,636,1.0
580,648,4.0
580,649,3.0
580,661,5.0
580,669,4.0
580,685,4.0
580,763,3.5
580,769,4.0
580,784,4.0
580,789,3.5
580,792,3.5
580,796,5.0
580,800,4.5
580,804,4.5
580,807,2.5
580,810,4.0
580,812,3.5
580,821,4.0
580,824,4.0
580,827,4.0
580,828,4.0
580,844,3.5
580,847,3.5
580,848,4.0
580,865,2.5
580,871,3.5
580,888,2.5
580,920,4.0
580,932,3.0
580,937,5.0
580,939,3.5
580,940,4.5
580,941,3.5
580,949,4.5
580,953,5.0
580,958,4.5
580,978,3.0
580,988,4.0
580,992,3.0
580,997,4.0
581,0,5.0
581,3,5.0
581,5,4.5
581,9,4.5
581,10,4.5
581,11,4.5
581,12,4.5
581,14,4.5
581,18,4.5
581,21,3.5
581,29,5.0
581,44,4.5
581,46,5.0
581,60,4.5
581,78,4.0
581,96,4.5
581,97,4.0
581,103,5.0
581,109,4.0
581,157,4.5
581,158,4.5
581,160,4.5
581,162,4.5
581,165,3.0
581,221,3.5
581,242,4.5
581,349,4.0
581,351,4.0
581,371,3.5
581,380,4.5
581,480,4.0
581,482,4.5
581,495,4.5
581,638,4.5
581,931,5.0
582,2,4.5
582,9,5.0
582,10,4.0
582,11,3.5
582,18,4.5
582,21,5.0
582,22,4.0
582,27,4.0
582,38,3.5
582,42,4.0
582,60,4.0
582,61,4.5
582,64,4.5
582,78,4.0
582,93,4.0
582,109,3.5
582,145,4.0
582,162,3.5
582,214,4.0
582,224,5.0
582,250,4.5
582,349,3.5
582,351,4.0
582,358,5.0
582,364,4.5
582,480,4.5
582,481,4.5
582,482,4.5
582,628,4.0
582,635,4.5
582,642,4.5
582,662,3.5
582,765,4.5
582,781,5.0
582,802,4.5
582,814,3.0
582,942,2.5
582,969,5.0
583,8,4.0
583,12,4.0
583,27,2.5
583,223,3.5
583,250,4.0
583,372,3.5
583,385,4.0
583,473,4.0
583,495,3.0
583,605,2.0
583,631,3.0
583,770,3.0
583,961,4.0
583,970,2.0
584,8,3.0
584,12,5.0
584,27,4.0
584,28,5.0
584,48,5.0
584,92,5.0
584,107,5.0
584,146,5.0
584,368,5.0
584,372,4.0
584,385,5.0
584,602,5.0
584,649,4.0
584,778,4.0
584,786,5.0
584,810,3.0
584,824,5.0
584,966,5.0
585,1,5.0
585,2,4.0
585,8,5.0
585,9,4.0
585,10,5.0
585,19,5.0
585,42,4.5
585,49,5.0
585,55,4.0
585,93,5.0
585,95,4.5
585,100,4.5
585,102,3.0
585,105,4.0
585,143,4.5
585,145,5.0
585,149,4.5
585,151,5.0
585,155,5.0
585,223,4.0
585,254,5.0
585,257,4.5
585,356,3.0
585,363,4.0
585,384,4.0
585,387,4.5
585,486,5.0
585,511,4.0
585,623,4.5
585,632,5.0
585,641,5.0
585,656,5.0
585,660,4.0
585,763,4.5
585,775,4.0
585,785,4.0
585,789,4.0
585,800,4.0
585,805,4.5
585,847,4.5
585,849,4.0
585,934,5.0
585,941,2.5
585,945,4.0
585,988,4.0
586,0,5.0
586,1,3.0
586,2,4.5
586,3,2.5
586,5,5.0
586,6,3.0
586,11,5.0
586,14,5.0
586,21,5.0
586,22,4.5
586,26,2.5
586,28,5.0
586,29,4.0
586,39,4.5
586,41,5.0
586,61,4.5
586,63,5.0
586,68,5.0
586,77,4.0
586,78,5.0
586,92,5.0
586,93,4.0
586,97,5.0
586,109,5.0
586,112,4.5
586,114,4.5
586,141,4.0
586,144,4.0
586,145,3.0
586,157,3.0
586,216,5.0
586,226,5.0
586,229,5.0
586,232,5.0
586,242,5.0
586,250,5.0
586,346,2.5
586,348,5.0
586,351,2.5
586,352,4.0
586,358,4.5
586,361,5.0
586,372,4.5
586,373,4.5
586,380,3.0
586,388,4.5
586,475,4.0
586,480,5.0
586,482,5.0
586,484,4.5
586,493,3.5
586,494,4.0
586,499,4.5
586,510,4.5
586,611,4.5
586,613,5.0
586,618,4.5
586,625,3.5
586,630,4.5
586,635,5.0
586,642,3.5
586,643,5.0
586,645,5.0
586,648,3.0
586,649,4.5
586,655,5.0
586,659,5.0
586,769,4.0
586,777,3.5
586,780,4.0
586,793,4.5
586,795,4.5
586,807,5.0
586,821,4.0
586,848,5.0
586,938,4.0
586,949,4.0
586,951,5.0
586,953,4.5
586,969,5.0
587,8,5.0
587,12,4.0
587,20,5.0
587,21,4.0
587,39,5.0
587,47,5.0
587,95,5.0
587,107,5.0
587,122,4.0
587,128,4.0
587,172,4.0
587,220,4.0
587,300,4.0
587,368,5.0
587,374,5.0
587,396,5.0
587,400,3.0
587,413,3.0
587,473,5.0
587,504,4.0
587,510,4.0
587,531,4.0
587,541,4.0
587,611,4.0
587,619,5.0
587,636,4.0
587,664,4.0
587,675,5.0
587,695,4.0
587,703,4.0
587,707,5.0
587,745,4.0
587,750,1.0
587,779,5.0
587,832,5.0
587,837,4.0
587,848,4.0
587,952,3.0
587,959,4.0
587,987,4.0
588,0,5.0
588,3,4.0
588,8,5.0
588,12,3.0
588,27,5.0
588,28,3.0
588,47,5.0
588,48,3.0
588,92,5.0
588,94,5.0
588,146,3.0
588,155,4.0
588,239,5.0
588,368,3.0
588,511,3.0
588,641,4.0
588,649,5.0
588,786,3.0
588,847,5.0
588,966,4.0
589,0,5.0
589,3,5.0
589,8,5.0
589,12,5.0
589,27,5.0
589,149,5.0
589,368,5.0
589,494,4.0
589,695,4.0
589,778,3.0
589,786,4.0
589,810,5.0
589,824,4.0
589,856,4.0
590,0,4.5
590,1,5.0
590,2,4.5
590,3,5.0
590,4,5.0
590,5,4.5
590,6,5.0
590,8,4.5
590,10,3.5
590,11,4.5
590,12,5.0
590,14,5.0
590,19,4.0
590,20,4.5
590,21,4.0
590,22,5.0
590,26,4.0
590,27,3.5
590,28,4.5
590,29,4.5
590,35,5.0
590,38,3.0
590,39,4.5
590,41,4.5
590,42,4.0
590,43,3.25
590,47,4.5
590,48,4.5
590,49,3.0
590,52,3.5
590,53,5.0
590,55,5.0
590,60,3.5
590,63,5.0
590,67,4.0
590,68,4.5
590,71,4.5
590,74,4.5
590,78,4.0
590,83,4.0
590,92,4.0
590,93,4.5
590,94,3.5
590,95,3.0
590,98,5.0
590,99,5.0
590,100,4.0
590,101,3.0
590,102,4.5
590,107,4.0
590,109,4.0
590,111,4.5
590,114,4.5
590,116,4.5
590,117,4.0
590,119,4.0
590,120,5.0
590,122,4.0
590,123,4.0
590,128,4.0
590,141,4.0
590,143,4.0
590,144,4.0
590,146,4.0
590,149,4.0
590,151,4.0
590,152,4.0
590,154,4.0
590,157,3.5
590,158,4.0
590,160,3.5
590,161,3.5
590,162,3.5
590,165,3.5
590,166,3.0
590,167,5.0
590,168,4.5
590,169,3.5
590,170,4.5
590,172,5.0
590,178,4.5
590,182,4.0
590,193,4.0
590,210,4.0
590,211,4.5
590,216,4.0
590,217,4.5
590,219,4.5
590,220,3.5
590,221,3.5
590,223,4.0
590,231,4.0
590,233,4.5
590,234,3.5
590,235,5.0
590,237,2.5
590,241,3.5
590,249,4.5
590,253,5.0
590,254,3.5
590,255,4.0
590,257,4.0
590,264,4.0
590,265,4.5
590,272,4.5
590,273,5.0
590,274,5.0
590,276,4.0
590,278,4.0
590,279,4.5
590,304,5.0
590,305,4.0
590,353,4.5
590,355,4.0
590,356,3.0
590,357,4.0
590,360,3.5
590,362,4.0
590,363,4.0
590,364,4.0
590,365,4.0
590,368,3.0
590,370,3.5
590,371,3.0
590,372,4.0
590,373,4.0
590,374,3.0
590,375,3.75
590,376,4.0
590,377,4.0
590,379,4.0
590,381,3.0
590,382,4.5
590,384,3.5
590,385,4.5
590,388,3.0
590,394,4.5
590,398,4.0
590,400,4.5
590,407,4.0
590,408,4.0
590,412,5.0
590,413,4.5
590,430,4.0
590,437,3.5
590,447,4.0
590,473,3.5
590,475,3.5
590,480,3.5
590,481,4.0
590,482,4.0
590,486,3.5
590,490,4.0
590,491,3.5
590,493,3.5
590,494,4.5
590,495,4.0
590,497,4.0
590,498,3.0
590,502,4.0
590,503,4.0
590,504,4.0
590,507,3.5
590,508,3.0
590,511,4.0
590,513,4.5
590,514,3.5
590,516,4.5
590,521,3.5
590,522,4.0
590,527,4.0
590,533,4.0
590,536,3.5
590,538,4.0
590,539,4.5
590,545,3.5
590,549,4.0
590,551,3.5
590,552,4.0
590,560,3.5
590,564,4.0
590,565,5.0
590,573,4.0
590,611,3.0
590,613,3.0
590,618,4.0
590,619,4.0
590,627,3.5
590,629,3.5
590,632,3.0
590,634,4.0
590,636,4.0
590,638,3.5
590,643,3.0
590,646,3.5
590,648,3.0
590,649,4.0
590,656,3.5
590,664,3.5
590,669,3.0
590,672,3.5
590,674,4.0
590,678,4.0
590,684,4.0
590,687,3.0
590,690,4.0
590,691,4.0
590,696,4.0
590,700,4.0
590,702,5.0
590,707,4.5
590,717,4.0
590,718,3.5
590,722,3.5
590,727,4.0
590,754,4.5
590,762,4.0
590,765,3.0
590,769,3.5
590,770,3.0
590,771,3.5
590,773,3.0
590,774,3.5
590,777,4.0
590,778,3.0
590,781,4.0
590,783,3.5
590,785,3.5
590,786,4.5
590,789,3.5
590,797,3.0
590,798,4.0
590,800,4.0
590,803,3.5
590,804,4.0
590,807,3.0
590,811,3.0
590,812,4.0
590,817,3.5
590,824,4.0
590,827,3.5
590,831,3.5
590,832,3.0
590,836,3.5
590,840,4.5
590,848,4.5
590,850,4.0
590,856,4.0
590,859,4.0
590,860,4.5
590,861,4.0
590,879,4.5
590,888,3.5
590,894,3.5
590,902,4.0
590,909,3.5
590,924,3.5
590,931,3.5
590,933,3.0
590,937,3.5
590,939,3.0
590,940,3.0
590,949,3.0
590,952,4.0
590,953,3.5
590,954,3.5
590,959,3.5
590,960,4.0
590,964,3.5
590,966,3.0
590,970,5.0
590,977,4.5
590,981,4.5
590,986,4.0
590,987,3.5
591,10,2.0
591,12,4.0
591,21,5.0
591,41,5.0
591,114,5.0
591,157,4.0
591,266,4.0
591,367,2.0
591,491,3.0
591,510,5.0
591,619,3.0
591,637,4.0
591,687,2.0
591,837,2.0
591,847,4.0
592,0,4.0
592,8,4.0
592,12,5.0
592,27,5.0
592,28,5.0
592,48,5.0
592,92,5.0
592,94,3.0
592,146,5.0
592,368,4.0
592,372,5.0
592,385,5.0
592,514,1.0
592,573,3.0
592,618,5.0
592,649,5.0
592,778,4.0
592,786,5.0
592,966,3.0
592,970,3.0
593,0,4.5
593,1,5.0
593,3,3.5
593,5,4.5
593,6,4.0
593,10,4.0
593,11,4.5
593,12,4.0
593,14,4.0
593,21,2.5
593,22,5.0
593,27,4.0
593,41,5.0
593,47,4.5
593,48,3.5
593,53,5.0
593,92,3.0
593,95,4.5
593,97,3.0
593,114,4.5
593,158,4.0
593,160,3.0
593,161,4.0
593,162,4.0
593,178,3.5
593,216,1.0
593,221,2.0
593,231,4.5
593,298,4.0
593,353,1.5
593,362,3.0
593,364,3.0
593,372,3.5
593,373,2.5
593,385,3.5
593,473,4.0
593,482,3.5
593,495,3.0
593,507,3.0
593,544,4.0
593,610,1.5
593,611,2.5
593,696,4.0
593,769,2.5
593,786,3.0
593,796,2.0
593,812,4.0
593,821,3.5
593,876,4.0
593,931,2.0
593,953,3.0
593,957,2.5
594,1,4.0
594,21,5.0
594,26,4.0
594,27,5.0
594,28,5.0
594,41,4.5
594,43,3.75
594,48,5.0
594,71,3.0
594,72,4.0
594,92,5.0
594,114,4.0
594,146,5.0
594,154,5.0
594,157,4.0
594,167,4.5
594,219,5.0
594,235,4.0
594,372,4.5
594,385,5.0
594,473,4.5
594,490,4.0
594,605,4.0
594,619,4.0
594,649,4.5
594,777,4.0
594,778,5.0
594,786,3.5
594,817,4.0
594,821,3.0
594,832,5.0
594,847,4.0
594,850,0.5
594,939,4.5
594,940,3.0
594,959,4.5
594,966,4.5
594,970,4.0
594,972,4.0
595,47,5.0
595,266,5.0
595,376,5.0
595,512,5.0
595,825,4.0
595,977,4.0
596,1,3.5
596,2,4.0
596,3,4.0
596,5,3.5
596,6,3.0
596,9,4.0
596,10,4.0
596,11,4.0
596,12,3.5
596,14,3.5
596,18,3.5
596,21,4.0
596,22,3.5
596,27,4.0
596,28,3.0
596,29,3.5
596,38,4.0
596,39,4.0
596,41,3.0
596,43,4.0
596,47,3.5
596,48,4.0
596,55,4.5
596,60,4.5
596,61,3.5
596,63,3.5
596,68,3.5
596,78,4.5
596,93,3.0
596,97,4.0
596,98,4.0
596,103,3.5
596,107,4.0
596,109,3.5
596,112,3.5
596,114,4.0
596,141,4.0
596,144,3.5
596,145,3.5
596,152,3.5
596,153,5.0
596,154,4.0
596,157,4.0
596,158,3.0
596,160,4.0
596,162,3.5
596,169,4.0
596,215,5.0
596,216,3.0
596,217,4.0
596,221,3.0
596,224,3.5
596,229,5.0
596,232,4.5
596,235,4.0
596,240,4.0
596,242,3.5
596,249,4.0
596,250,4.5
596,255,2.5
596,348,3.5
596,351,4.0
596,352,4.0
596,353,3.5
596,356,5.0
596,358,3.5
596,361,4.0
596,362,4.0
596,363,3.5
596,364,3.0
596,365,3.0
596,373,3.0
596,374,3.5
596,377,3.5
596,380,3.5
596,381,2.5
596,385,3.5
596,388,4.0
596,475,3.0
596,478,4.0
596,480,3.5
596,481,4.0
596,484,5.0
596,489,4.0
596,493,3.5
596,494,4.0
596,495,4.0
596,496,5.0
596,498,4.5
596,499,3.0
596,502,4.5
596,503,3.0
596,510,3.5
596,588,3.5
596,610,3.5
596,621,4.5
596,623,3.0
596,627,3.0
596,630,3.5
596,635,4.5
596,636,3.0
596,638,3.0
596,642,3.0
596,645,3.5
596,649,3.5
596,655,5.0
596,661,4.0
596,662,4.0
596,664,4.0
596,669,3.5
596,697,3.5
596,704,4.0
596,711,4.0
596,761,3.5
596,764,3.0
596,765,3.5
596,769,3.5
596,773,3.5
596,775,4.0
596,780,3.0
596,781,4.0
596,786,3.5
596,788,4.0
596,795,3.5
596,800,4.0
596,804,3.5
596,805,3.0
596,807,3.5
596,814,4.0
596,816,3.0
596,819,3.5
596,824,3.5
596,832,3.5
596,835,4.0
596,848,4.0
596,854,4.0
596,931,3.5
596,932,4.0
596,933,3.5
596,939,3.0
596,940,3.5
596,942,3.5
596,949,3.5
596,951,4.0
596,953,3.0
596,955,4.5
596,957,3.5
596,960,3.0
596,961,4.0
596,969,3.5
597,1,5.0
597,6,5.0
597,12,5.0
597,20,5.0
597,22,5.0
597,26,5.0
597,28,5.0
597,35,5.0
597,39,5.0
597,43,5.0
597,47,5.0
597,55,5.0
597,63,5.0
597,68,5.0
597,71,5.0
597,72,5.0
597,83,5.0
597,92,5.0
597,94,3.0
597,95,5.0
597,97,5.0
597,99,5.0
597,100,4.0
597,101,5.0
597,105,5.0
597,106,4.0
597,107,4.0
597,111,5.0
597,114,5.0
597,116,3.0
597,118,4.0
597,122,5.0
597,123,4.0
597,144,5.0
597,146,5.0
597,153,5.0
597,154,4.0
597,157,5.0
597,161,5.0
597,166,5.0
597,169,4.0
597,171,4.0
597,175,4.0
597,178,5.0
597,210,5.0
597,211,5.0
597,217,4.0
597,219,4.0
597,220,5.0
597,223,4.0
597,233,5.0
597,234,5.0
597,235,4.0
597,239,5.0
597,241,5.0
597,248,5.0
597,254,5.0
597,272,3.0
597,273,4.0
597,353,5.0
597,365,5.0
597,372,4.0
597,373,5.0
597,375,5.0
597,376,5.0
597,379,5.0
597,394,5.0
597,396,5.0
597,413,4.0
597,473,4.0
597,486,5.0
597,487,5.0
597,490,4.0
597,494,5.0
597,507,4.0
597,508,5.0
597,527,4.0
597,531,5.0
597,536,5.0
597,538,5.0
597,539,5.0
597,541,5.0
597,544,5.0
597,545,4.0
597,552,5.0
597,564,4.0
597,578,4.0
597,610,5.0
597,611,5.0
597,619,5.0
597,634,5.0
597,636,5.0
597,649,5.0
597,674,5.0
597,690,5.0
597,692,5.0
597,694,4.0
597,695,4.0
597,703,5.0
597,745,5.0
597,773,5.0
597,783,5.0
597,785,4.0
597,798,5.0
597,803,5.0
597,811,5.0
597,817,3.0
597,821,4.0
597,832,5.0
597,836,3.0
597,840,4.0
597,841,5.0
597,847,3.0
597,851,5.0
597,856,5.0
597,861,5.0
597,894,4.0
597,939,4.0
597,940,4.0
597,944,5.0
597,945,4.0
597,952,5.0
597,959,5.0
597,972,5.0
597,987,1.0
598,9,5.0
598,27,0.5
598,60,1.0
598,103,5.0
598,353,2.5
598,382,4.0
598,493,4.0
598,495,1.0
598,631,5.0
598,769,4.0
599,0,4.0
599,1,4.0
599,2,3.5
599,5,3.0
599,6,4.0
599,8,5.0
599,9,3.0
599,10,5.0
599,11,4.0
599,12,3.5
599,14,3.0
599,18,3.5
599,19,4.0
599,21,5.0
599,22,5.0
599,26,3.5
599,27,3.0
599,28,4.5
599,29,3.0
599,35,3.5
599,38,3.0
599,39,3.5
599,41,3.5
599,42,3.0
599,43,4.0
599,44,3.0
599,46,4.0
599,47,3.5
599,48,3.0
599,49,4.0
599,52,3.0
599,53,4.0
599,55,3.0
599,60,4.5
599,61,3.0
599,63,3.5
599,64,3.5
599,67,3.5
599,68,5.0
599,71,5.0
599,72,4.0
599,74,5.0
599,78,4.0
599,82,5.0
599,83,2.5
599,92,3.5
599,93,3.5
599,94,4.5
599,95,5.0
599,96,5.0
599,97,4.5
599,98,5.0
599,100,5.0
599,101,4.5
599,102,3.5
599,103,3.0
599,105,3.5
599,107,3.0
599,109,3.0
599,111,4.0
599,112,2.5
599,114,5.0
599,117,4.0
599,118,3.0
599,119,3.0
599,128,5.0
599,135,2.0
599,140,3.0
599,141,3.0
599,143,3.0
599,144,4.0
599,146,4.0
599,147,3.0
599,148,4.0
599,149,3.5
599,151,3.0
599,152,5.0
599,153,3.5
599,154,4.0
599,155,3.0
599,157,3.5
599,158,2.5
599,161,3.5
599,162,3.5
599,165,3.0
599,166,3.5
599,167,3.0
599,168,3.0
599,169,4.5
599,172,2.5
599,193,3.0
599,210,3.5
599,211,3.5
599,213,3.5
599,215,4.0
599,216,2.5
599,217,4.5
599,219,3.5
599,220,3.0
599,221,3.0
599,223,5.0
599,226,3.0
599,229,3.5
599,231,3.5
599,233,4.0
599,234,4.0
599,235,3.0
599,239,3.5
599,240,3.5
599,241,3.5
599,242,2.5
599,243,4.5
599,248,3.0
599,250,2.5
599,251,3.5
599,254,3.5
599,259,4.0
599,266,3.0
599,268,3.0
599,272,3.0
599,273,4.5
599,276,4.0
599,305,3.0
599,318,3.0
599,346,3.5
599,347,3.5
599,348,3.5
599,351,3.5
599,352,3.5
599,353,3.5
599,355,4.0
599,356,3.5
599,357,3.0
599,358,3.0
599,359,3.0
599,360,3.5
599,362,2.5
599,363,3.5
599,364,3.0
599,365,3.5
599,366,4.0
599,367,5.0
599,370,2.5
599,372,3.0
599,373,4.0
599,374,3.0
599,375,4.0
599,376,3.5
599,377,4.0
599,379,3.5
599,380,3.0
599,382,3.5
599,384,3.5
599,385,3.5
599,386,5.0
599,387,4.0
599,388,2.5
599,389,2.5
599,396,4.0
599,400,4.5
599,403,3.0
599,404,3.5
599,410,2.5
599,412,5.0
599,413,3.5
599,418,3.5
599,430,3.5
599,434,3.0
599,447,3.0
599,473,3.0
599,475,2.5
599,476,3.0
599,478,3.5
599,480,3.0
599,481,3.5
599,483,3.0
599,484,3.0
599,485,4.5
599,486,3.5
599,487,4.0
599,490,3.5
599,491,3.5
599,493,3.0
599,494,4.0
599,495,2.5
599,497,3.5
599,498,3.0
599,499,3.5
599,500,4.0
599,502,3.0
599,503,3.5
599,504,3.5
599,507,4.0
599,511,4.0
599,512,3.5
599,514,3.5
599,517,3.0
599,521,4.0
599,522,4.0
599,527,4.0
599,530,4.0
599,533,3.0
599,534,3.0
599,535,3.0
599,536,3.0
599,538,2.5
599,543,2.5
599,550,2.5
599,552,4.0
599,556,2.5
599,562,3.0
599,573,2.5
599,598,4.0
599,604,3.5
599,606,3.0
599,610,3.5
599,611,3.0
599,612,3.0
599,613,3.5
599,614,3.0
599,615,3.0
599,618,2.5
599,619,4.5
599,621,3.0
599,623,4.5
599,628,3.0
599,629,4.0
599,630,2.5
599,631,2.5
599,632,1.5
599,633,3.5
599,634,3.0
599,635,3.5
599,636,3.5
599,638,2.5
599,639,4.0
599,641,3.0
599,642,3.5
599,643,2.5
599,645,2.5
599,646,2.5
599,648,4.0
599,649,3.0
599,652,3.0
599,653,2.5
599,655,3.0
599,657,3.0
599,660,3.0
599,661,3.5
599,662,2.0
599,664,2.5
599,669,3.5
599,670,3.0
599,676,3.0
599,678,4.0
599,684,3.0
599,685,3.75
599,687,3.0
599,690,3.5
599,692,3.0
599,695,3.5
599,697,2.5
599,699,3.0
599,702,3.5
599,703,4.0
599,704,2.5
599,718,3.0
599,727,5.0
599,761,3.0
599,762,1.5
599,763,2.5
599,766,3.0
599,767,2.5
599,768,3.0
599,769,4.0
599,770,3.0
599,771,2.5
599,773,3.5
599,777,3.0
599,778,3.0
599,779,3.5
599,780,3.0
599,781,3.0
599,782,3.5
599,784,2.5
599,785,3.5
599,786,2.5
599,789,3.0
599,790,3.0
599,792,4.0
599,796,5.0
599,797,3.5
599,798,3.0
599,799,3.5
599,800,3.0
599,802,3.0
599,803,3.0
599,804,3.5
599,805,3.0
599,807,3.0
599,808,3.5
599,810,2.0
599,811,3.5
599,812,2.0
599,816,3.0
599,817,3.5
599,821,3.5
599,824,3.0
599,828,3.0
599,829,2.5
599,830,3.0
599,831,3.0
599,832,3.0
599,834,4.0
599,835,3.0
599,836,3.5
599,837,4.0
599,840,4.0
599,843,3.0
599,844,3.0
599,847,3.5
599,848,3.0
599,851,3.0
599,855,3.0
599,856,3.5
599,859,3.5
599,864,4.5
599,870,3.0
599,871,3.5
599,874,4.0
599,876,3.1666666666666665
599,877,3.0
599,890,3.5
599,894,2.5
599,909,4.5
599,914,2.5
599,924,3.0
599,931,3.0
599,933,3.0
599,934,2.5
599,937,3.0
599,939,3.25
599,940,4.0
599,941,1.5
599,942,3.0
599,944,5.0
599,945,4.0
599,946,3.5
599,949,2.5
599,950,3.5
599,952,2.5
599,953,3.0
599,955,2.5
599,956,4.0
599,957,3.5
599,959,3.5
599,960,3.0
599,963,3.5
599,964,3.0
599,965,3.0
599,966,3.0
599,969,3.0
599,970,3.5
599,972,5.0
599,976,3.0
599,977,3.0
599,981,3.0
599,983,3.5
599,987,2.5
599,988,3.5
599,991,4.5
599,997,3.0
600,0,3.5
600,1,4.0
600,2,3.5
600,3,3.0
600,5,5.0
600,8,4.5
600,10,4.5
600,11,5.0
600,12,4.0
600,14,5.0
600,19,2.0
600,21,3.0
600,22,4.0
600,27,4.0
600,28,3.0
600,29,3.0
600,35,2.0
600,39,4.5
600,43,2.5
600,48,2.5
600,49,4.0
600,52,4.0
600,53,2.5
600,60,4.0
600,63,4.0
600,67,3.5
600,68,2.0
600,74,4.5
600,92,2.0
600,95,4.5
600,96,3.5
600,98,4.0
600,101,5.0
600,103,5.0
600,107,2.5
600,114,4.5
600,117,4.0
600,118,4.5
600,119,4.0
600,141,2.5
600,144,4.0
600,146,3.0
600,148,3.5
600,152,4.5
600,154,3.0
600,157,3.5
600,158,3.0
600,160,4.0
600,161,3.0
600,162,0.5
600,165,4.5
600,169,4.5
600,171,4.0
600,175,4.0
600,219,3.0
600,220,3.0
600,223,3.5
600,231,4.0
600,233,2.0
600,234,2.5
600,235,3.0
600,237,1.5
600,239,3.5
600,242,3.0
600,248,5.0
600,264,2.0
600,272,4.0
600,275,3.0
600,278,2.0
600,280,3.0
600,353,5.0
600,357,3.5
600,363,2.0
600,365,3.5
600,367,3.5
600,371,3.5
600,372,3.5
600,373,4.0
600,374,4.5
600,375,2.25
600,376,4.0
600,377,4.5
600,379,3.5
600,381,1.0
600,385,3.0
600,386,3.5
600,388,1.0
600,396,5.0
600,404,2.0
600,409,1.0
600,430,3.0
600,473,3.0
600,482,4.0
600,487,3.5
600,490,2.5
600,491,3.5
600,493,0.5
600,494,2.0
600,495,3.5
600,498,4.5
600,500,4.0
600,507,4.5
600,508,4.5
600,510,2.0
600,512,5.0
600,514,4.0
600,521,3.0
600,526,2.5
600,531,3.0
600,537,3.5
600,538,3.0
600,541,5.0
600,573,2.0
600,579,5.0
600,602,3.0
600,603,2.0
600,605,3.0
600,611,5.0
600,613,4.5
600,616,1.5
600,619,4.5
600,631,4.5
600,636,4.0
600,646,3.5
600,649,3.0
600,664,3.0
600,692,1.0
600,696,4.5
600,703,5.0
600,712,3.5
600,715,3.5
600,745,3.5
600,762,4.5
600,765,4.0
600,769,1.0
600,773,3.5
600,774,1.5
600,775,4.0
600,777,3.0
600,779,3.5
600,786,2.0
600,797,4.0
600,804,4.0
600,807,0.5
600,810,4.0
600,811,3.0
600,817,3.5
600,821,3.0
600,824,2.0
600,829,4.0
600,832,2.5
600,837,4.5
600,844,5.0
600,846,2.5
600,847,2.5
600,856,3.5
600,865,2.0
600,874,2.5
600,890,4.0
600,893,5.0
600,898,2.5
600,922,4.5
600,925,5.0
600,928,3.5
600,931,4.0
600,932,3.5
600,939,2.0
600,944,1.0
600,945,4.5
600,952,3.0
600,953,1.0
600,955,3.0
600,964,2.0
600,966,2.5
600,970,3.0
600,977,3.0
600,978,4.0
600,981,4.0
600,987,3.5
601,0,5.0
601,1,5.0
601,3,5.0
601,4,5.0
601,5,5.0
601,6,4.5
601,9,5.0
601,10,5.0
601,11,5.0
601,14,5.0
601,18,5.0
601,20,4.0
601,21,5.0
601,26,5.0
601,35,4.5
601,38,4.5
601,41,4.5
601,42,5.0
601,44,5.0
601,47,5.0
601,53,4.0
601,55,5.0
601,60,5.0
601,61,4.5
601,63,4.0
601,64,4.0
601,77,4.5
601,78,5.0
601,93,4.0
601,97,4.5
601,99,4.0
601,103,4.5
601,107,4.0
601,109,5.0
601,112,4.0
601,120,4.5
601,140,4.5
601,141,4.5
601,145,4.5
601,157,4.5
601,158,4.0
601,160,5.0
601,162,4.0
601,165,4.0
601,169,4.0
601,170,4.5
601,213,4.0
601,221,4.5
601,226,5.0
601,228,4.5
601,232,5.0
601,242,5.0
601,250,5.0
601,346,4.0
601,348,4.0
601,349,4.0
601,353,5.0
601,358,4.5
601,361,4.5
601,362,5.0
601,364,4.0
601,380,4.0
601,382,4.0
601,388,4.0
601,473,4.0
601,475,4.0
601,480,5.0
601,484,3.5
601,495,4.0
601,502,4.5
601,510,3.5
601,598,4.0
601,623,4.5
601,628,4.5
601,631,3.5
601,662,4.5
601,769,4.5
601,781,4.5
601,940,4.0
601,949,4.0
602,0,5.0
602,3,5.0
602,8,5.0
602,12,3.0
602,27,5.0
602,28,5.0
602,47,5.0
602,48,4.0
602,92,5.0
602,94,3.0
602,146,4.0
602,155,3.0
602,231,5.0
602,243,3.0
602,262,5.0
602,368,3.0
602,374,3.0
602,486,3.0
602,511,3.0
602,514,4.0
602,547,3.0
602,618,2.0
602,641,3.0
602,649,5.0
602,695,4.0
602,778,1.0
602,786,4.0
602,810,5.0
602,824,3.0
602,825,2.0
602,877,1.0
602,966,5.0
602,977,3.0
603,1,5.0
603,3,3.0
603,6,5.0
603,8,5.0
603,10,4.0
603,12,3.0
603,19,4.0
603,20,4.0
603,21,5.0
603,22,3.0
603,26,5.0
603,27,5.0
603,29,4.0
603,39,2.0
603,41,4.0
603,43,4.5
603,49,3.0
603,52,5.0
603,53,5.0
603,55,5.0
603,60,5.0
603,63,4.0
603,67,3.0
603,68,4.0
603,71,5.0
603,72,4.0
603,92,1.0
603,94,4.0
603,95,5.0
603,97,3.0
603,98,5.0
603,100,5.0
603,101,5.0
603,105,3.0
603,106,4.0
603,107,4.0
603,114,3.0
603,116,5.0
603,117,5.0
603,118,4.0
603,120,4.0
603,122,4.0
603,123,4.0
603,128,5.0
603,144,3.0
603,148,2.0
603,149,5.0
603,151,4.0
603,154,4.0
603,155,4.0
603,157,5.0
603,161,5.0
603,166,5.0
603,167,4.0
603,172,4.0
603,175,4.0
603,178,4.0
603,182,5.0
603,193,5.0
603,210,4.0
603,211,4.0
603,217,3.0
603,219,4.0
603,223,5.0
603,231,5.0
603,233,4.0
603,234,3.0
603,235,5.0
603,239,2.0
603,243,5.0
603,248,5.0
603,252,3.0
603,254,5.0
603,265,4.0
603,273,5.0
603,275,5.0
603,276,4.0
603,353,3.0
603,357,4.0
603,360,3.0
603,367,4.0
603,368,3.0
603,373,5.0
603,374,3.0
603,375,2.5
603,376,5.0
603,379,5.0
603,384,4.0
603,386,1.0
603,387,5.0
603,394,4.0
603,396,4.0
603,398,4.0
603,399,4.0
603,403,3.0
603,404,5.0
603,410,1.0
603,412,5.0
603,413,5.0
603,418,4.0
603,426,5.0
603,430,4.0
603,437,5.0
603,443,5.0
603,473,3.0
603,486,4.0
603,487,5.0
603,490,3.0
603,494,4.0
603,504,5.0
603,507,4.0
603,511,3.0
603,512,5.0
603,527,4.0
603,530,4.0
603,531,4.0
603,533,5.0
603,534,5.0
603,535,5.0
603,541,3.0
603,544,5.0
603,545,4.0
603,547,4.0
603,550,4.0
603,563,4.0
603,564,5.0
603,579,5.0
603,602,4.0
603,611,3.0
603,613,1.0
603,619,3.0
603,634,4.0
603,636,4.0
603,649,3.0
603,664,4.0
603,669,4.0
603,674,4.0
603,675,3.0
603,676,4.0
603,687,5.0
603,692,4.0
603,694,4.0
603,695,4.0
603,696,5.0
603,699,4.0
603,700,4.0
603,703,5.0
603,705,5.0
603,708,4.0
603,717,5.0
603,728,5.0
603,745,4.0
603,784,1.0
603,785,5.0
603,789,4.0
603,798,4.0
603,804,3.0
603,805,3.0
603,811,3.0
603,817,3.0
603,818,3.0
603,824,4.0
603,825,5.0
603,829,3.0
603,831,4.0
603,832,4.0
603,836,4.0
603,837,5.0
603,840,4.0
603,841,4.0
603,843,4.0
603,846,4.0
603,847,3.0
603,848,1.0
603,849,4.0
603,861,4.0
603,871,4.0
603,877,5.0
603,879,5.0
603,885,4.0
603,894,4.5
603,896,4.0
603,917,4.0
603,922,4.0
603,932,5.0
603,939,4.0
603,944,3.0
603,955,4.0
603,959,3.0
603,960,3.0
603,964,4.0
603,972,5.0
603,981,4.0
603,983,5.0
603,985,1.0
603,987,4.0
604,8,5.0
604,27,5.0
604,48,4.0
604,92,3.0
604,94,3.0
604,107,3.0
604,149,4.0
604,372,3.0
604,374,4.0
604,385,3.0
604,514,3.0
604,573,4.0
604,602,4.0
604,618,4.0
604,695,3.0
604,817,4.0
604,847,4.0
604,966,4.0
604,985,2.0
605,5,5.0
605,8,2.0
605,11,5.0
605,12,3.0
605,14,5.0
605,28,3.5
605,39,4.0
605,92,3.0
605,107,4.0
605,114,5.0
605,141,3.5
605,146,3.0
605,216,5.0
605,235,2.0
605,242,3.0
605,250,4.0
605,353,5.0
605,358,2.0
605,368,3.0
605,372,3.5
605,385,4.0
605,475,3.5
605,482,4.0
605,495,3.5
605,507,3.5
605,510,3.5
605,522,4.0
605,560,3.5
605,565,4.0
605,611,4.0
605,613,4.0
605,616,3.0
605,664,4.0
605,697,3.5
605,762,3.5
605,765,3.5
605,773,5.0
605,786,5.0
605,876,3.0
605,931,3.5
605,937,3.0
605,948,4.0
605,953,2.0
605,970,3.0
606,0,3.5
606,1,4.0
606,3,5.0
606,5,4.5
606,6,4.0
606,8,5.0
606,10,5.0
606,11,4.5
606,12,4.0
606,14,4.5
606,20,4.5
606,21,5.0
606,22,4.5
606,26,4.0
606,27,4.5
606,28,3.5
606,29,3.5
606,35,4.0
606,38,4.0
606,39,3.5
606,41,3.5
606,42,3.5
606,43,3.5
606,46,4.5
606,47,4.5
606,49,4.0
606,52,4.5
606,53,4.5
606,54,4.5
606,55,4.5
606,57,4.5
606,58,4.0
606,60,4.0
606,63,3.5
606,67,4.5
606,68,3.5
606,71,4.5
606,72,4.0
606,74,4.0
606,75,5.0
606,78,4.0
606,85,4.0
606,92,3.5
606,95,4.5
606,97,4.5
606,98,5.0
606,100,5.0
606,101,4.5
606,102,4.0
606,103,4.0
606,105,4.0
606,106,4.0
606,107,2.5
606,111,4.0
606,114,4.5
606,116,4.0
606,118,4.0
606,119,4.25
606,120,4.5
606,122,4.5
606,123,4.0
606,127,4.0
606,135,5.0
606,143,3.0
606,144,4.0
606,146,2.5
606,148,4.5
606,149,3.5
606,152,4.5
606,157,4.0
606,158,4.0
606,160,4.0
606,165,4.0
606,167,4.0
606,169,4.0
606,171,4.0
606,172,5.0
606,175,4.0
606,178,4.5
606,182,4.0
606,210,3.0
606,216,3.0
606,217,5.0
606,219,4.0
606,220,4.0
606,221,3.0
606,223,4.5
606,226,4.0
606,233,3.5
606,234,4.0
606,237,4.0
606,239,4.0
606,241,4.0
606,242,4.0
606,243,4.0
606,250,4.0
606,252,4.0
606,255,4.0
606,256,4.0
606,257,4.5
606,262,4.0
606,271,3.5
606,274,3.5
606,276,4.5
606,278,3.5
606,282,5.0
606,296,4.5
606,318,4.5
606,337,4.0
606,357,4.0
606,360,4.0
606,362,4.0
606,363,4.0
606,365,4.0
606,366,4.0
606,367,4.0
606,368,4.0
606,370,3.5
606,371,4.0
606,374,4.0
606,376,3.5
606,377,4.5
606,379,4.5
606,381,3.5
606,382,5.0
606,386,4.0
606,387,4.5
606,389,4.5
606,396,4.5
606,403,4.5
606,404,3.0
606,407,4.0
606,414,4.0
606,426,4.0
606,440,4.0
606,446,4.5
606,455,4.5
606,473,4.0
606,475,3.0
606,482,4.0
606,490,4.5
606,491,3.5
606,493,4.0
606,494,3.5
606,495,4.0
606,503,4.5
606,504,5.0
606,507,4.0
606,511,4.0
606,512,4.0
606,514,3.0
606,517,4.5
606,521,3.0
606,522,3.5
606,527,4.5
606,536,3.5
606,537,4.0
606,541,3.5
606,545,3.0
606,551,4.0
606,560,4.5
606,571,4.0
606,592,4.5
606,602,3.75
606,603,3.5
606,610,4.0
606,613,3.5
606,616,3.5
606,619,3.5
606,628,4.0
606,631,4.0
606,634,4.0
606,638,3.5
606,646,4.0
606,648,4.0
606,657,4.0
606,661,2.5
606,664,4.0
606,669,3.5
606,674,4.0
606,675,3.5
606,691,4.0
606,692,3.5
606,695,3.5
606,696,5.0
606,698,3.0
606,703,5.0
606,705,4.0
606,707,5.0
606,715,4.0
606,728,4.0
606,733,3.5
606,762,2.5
606,765,3.5
606,769,4.0
606,788,4.5
606,796,4.0
606,804,4.5
606,805,4.0
606,810,4.0
606,811,3.0
606,812,2.5
606,817,4.0
606,821,4.0
606,824,3.5
606,829,4.5
606,832,4.5
606,837,5.0
606,840,3.5
606,846,4.0
606,847,4.5
606,849,4.0
606,854,4.5
606,871,4.0
606,874,4.5
606,876,3.75
606,879,4.0
606,885,4.0
606,887,4.0
606,894,3.5
606,898,4.5
606,899,4.0
606,922,4.5
606,928,4.0
606,931,4.0
606,932,3.0
606,940,4.0
606,949,4.0
606,953,4.0
606,955,4.5
606,957,4.0
606,959,2.5
606,964,4.0
606,970,3.5
606,977,2.5
606,978,4.0
606,981,3.5
606,984,4.0
606,985,3.5
606,987,3.5
606,988,4.0
606,991,4.0
606,992,4.0
606,997,4.0
607,0,5.0
607,1,4.0
607,3,5.0
607,8,3.0
607,19,4.0
607,21,5.0
607,22,3.0
607,26,5.0
607,27,5.0
607,28,4.0
607,29,5.0
607,39,3.0
607,43,3.0
607,52,3.0
607,67,5.0
607,92,5.0
607,95,3.0
607,99,4.0
607,107,4.0
607,114,3.0
607,144,4.0
607,146,4.0
607,154,5.0
607,157,5.0
607,167,2.0
607,171,4.0
607,210,5.0
607,211,4.0
607,219,5.0
607,220,5.0
607,231,2.0
607,233,4.0
607,235,5.0
607,360,4.0
607,373,3.0
607,375,5.0
607,394,4.0
607,494,5.0
607,510,3.0
607,573,5.0
607,610,5.0
607,618,4.0
607,619,4.0
607,634,5.0
607,636,3.0
607,638,4.0
607,646,5.0
607,649,5.0
607,657,4.0
607,708,4.0
607,719,3.0
607,773,4.0
607,777,5.0
607,784,5.0
607,786,5.0
607,798,5.0
607,803,5.0
607,810,3.0
607,832,4.0
607,848,1.0
607,856,4.0
607,874,3.0
607,939,3.0
607,940,4.0
607,959,5.0
607,966,4.0
608,0,4.5
608,1,5.0
608,3,4.0
608,5,4.0
608,6,4.5
608,8,5.0
608,10,5.0
608,11,4.5
608,12,3.0
608,14,4.5
608,19,4.5
608,20,3.5
608,21,5.0
608,22,4.0
608,26,4.5
608,27,4.0
608,28,3.0
608,29,4.0
608,35,0.5
608,39,2.0
608,41,4.25
608,43,4.0
608,47,4.5
608,48,3.5
608,49,4.0
608,52,3.0
608,60,4.5
608,67,4.0
608,68,4.5
608,71,3.0
608,74,4.0
608,92,4.0
608,95,5.0
608,96,5.0
608,97,4.5
608,98,3.0
608,100,4.0
608,101,3.5
608,102,4.0
608,103,4.5
608,105,3.0
608,107,2.5
608,114,4.0
608,117,3.5
608,119,4.5
608,144,4.0
608,146,3.0
608,148,4.5
608,149,3.0
608,151,5.0
608,152,4.0
608,154,3.0
608,155,4.5
608,157,4.5
608,158,4.5
608,160,4.0
608,161,3.0
608,162,4.0
608,169,3.0
608,210,4.5
608,211,2.5
608,216,4.0
608,217,3.5
608,219,3.5
608,221,4.0
608,223,4.0
608,231,3.0
608,233,4.5
608,235,2.5
608,239,3.0
608,242,4.0
608,266,4.5
608,274,3.0
608,356,4.5
608,358,4.0
608,362,4.0
608,363,5.0
608,365,4.5
608,366,4.0
608,367,4.0
608,368,3.0
608,371,4.0
608,372,3.0
608,373,3.5
608,374,3.5
608,375,3.25
608,377,4.0
608,384,4.0
608,385,2.5
608,386,4.0
608,473,2.0
608,482,4.0
608,486,3.5
608,487,3.5
608,490,4.0
608,491,4.0
608,493,4.5
608,494,2.5
608,495,4.5
608,498,5.0
608,503,3.0
608,507,3.5
608,508,2.0
608,510,2.5
608,514,3.5
608,544,3.5
608,573,2.5
608,610,4.0
608,611,3.5
608,613,2.5
608,618,3.5
608,619,3.0
608,621,4.5
608,629,3.0
608,632,0.5
608,634,3.5
608,636,4.0
608,638,3.0
608,646,3.0
608,648,4.0
608,649,3.0
608,661,4.0
608,666,3.5
608,669,5.0
608,685,4.0
608,763,4.5
608,769,4.5
608,774,4.0
608,778,1.0
608,784,4.0
608,786,2.0
608,789,4.5
608,800,4.5
608,804,4.5
608,805,4.5
608,807,4.0
608,811,3.0
608,816,4.0
608,821,3.5
608,824,4.0
608,827,4.0
608,829,2.5
608,830,3.5
608,836,4.5
608,837,2.0
608,843,4.0
608,844,4.0
608,847,2.5
608,865,4.5
608,874,2.0
608,890,3.0
608,893,2.5
608,924,3.0
608,931,3.0
608,934,4.5
608,935,3.5
608,937,5.0
608,939,2.0
608,940,4.0
608,941,4.0
608,945,5.0
608,949,4.5
608,955,4.5
608,959,3.5
608,961,3.5
608,964,3.0
608,970,2.5
608,988,4.0
608,992,2.5
609,0,4.0
609,8,4.0
609,12,4.0
609,28,3.0
609,92,3.0
609,107,3.0
609,146,3.0
609,368,4.0
609,649,4.0
609,786,3.0
610,0,3.0
610,1,5.0
610,2,4.5
610,3,3.5
610,5,5.0
610,6,5.0
610,8,5.0
610,9,4.0
610,10,5.0
610,11,5.0
610,12,3.0
610,14,5.0
610,18,3.5
610,19,5.0
610,21,5.0
610,22,5.0
610,26,5.0
610,27,4.5
610,28,5.0
610,29,2.5
610,38,4.0
610,39,5.0
610,41,5.0
610,42,5.0
610,43,4.5
610,47,4.0
610,53,3.5
610,54,5.0
610,55,5.0
610,60,5.0
610,61,4.5
610,63,5.0
610,64,4.5
610,67,5.0
610,68,5.0
610,71,5.0
610,74,4.5
610,75,3.0
610,78,4.5
610,92,4.5
610,93,5.0
610,94,5.0
610,95,3.5
610,96,3.5
610,98,4.5
610,100,5.0
610,102,4.5
610,103,5.0
610,105,4.5
610,106,4.0
610,107,5.0
610,109,3.5
610,112,5.0
610,114,5.0
610,116,5.0
610,117,4.0
610,123,4.5
610,140,4.5
610,141,4.0
610,143,5.0
610,144,4.5
610,145,4.5
610,146,5.0
610,147,5.0
610,148,5.0
610,149,5.0
610,151,4.5
610,152,4.5
610,153,5.0
610,154,5.0
610,155,4.5
610,157,4.5
610,160,4.0
610,162,3.5
610,165,4.0
610,169,5.0
610,210,4.0
610,212,4.0
610,213,4.0
610,214,4.5
610,215,5.0
610,216,4.0
610,217,5.0
610,219,5.0
610,221,3.5
610,223,4.5
610,224,4.5
610,226,5.0
610,229,5.0
610,231,4.5
610,232,3.5
610,235,3.5
610,237,3.5
610,239,5.0
610,240,3.5
610,241,4.0
610,242,4.0
610,243,5.0
610,244,3.5
610,246,4.0
610,250,5.0
610,253,4.5
610,254,5.0
610,283,4.5
610,348,4.5
610,350,4.5
610,351,3.5
610,352,3.0
610,353,4.5
610,355,3.5
610,356,5.0
610,358,5.0
610,359,5.0
610,361,4.0
610,362,5.0
610,363,4.5
610,364,5.0
610,371,4.0
610,373,4.5
610,374,4.5
610,375,2.0
610,377,4.5
610,379,5.0
610,380,3.5
610,381,3.0
610,382,5.0
610,384,5.0
610,386,5.0
610,387,5.0
610,388,5.0
610,396,3.0
610,397,4.0
610,398,4.5
610,400,5.0
610,412,3.0
610,473,3.0
610,475,4.5
610,476,5.0
610,478,4.0
610,480,4.0
610,481,4.0
610,482,4.5
610,483,4.0
610,491,5.0
610,493,4.0
610,494,4.5
610,495,3.5
610,496,5.0
610,498,5.0
610,499,4.0
610,500,5.0
610,502,4.5
610,505,4.0
610,506,4.0
610,509,5.0
610,510,5.0
610,512,4.5
610,521,4.0
610,536,3.5
610,544,3.0
610,548,4.0
610,604,5.0
610,606,4.0
610,609,4.0
610,610,4.0
610,612,4.5
610,615,5.0
610,619,4.0
610,621,5.0
610,624,4.5
610,628,4.0
610,629,5.0
610,630,3.5
610,631,5.0
610,635,4.5
610,636,3.5
610,637,3.5
610,638,3.5
610,639,4.0
610,642,4.0
610,643,3.5
610,645,5.0
610,648,3.5
610,649,4.5
610,652,4.0
610,654,3.0
610,655,4.5
610,656,3.5
610,660,4.0
610,662,4.0
610,679,5.0
610,683,4.5
610,685,4.5
610,687,4.0
610,702,2.5
610,761,4.5
610,763,4.0
610,764,4.5
610,765,3.5
610,766,5.0
610,767,3.5
610,769,4.0
610,770,4.0
610,771,4.5
610,773,3.5
610,774,4.0
610,775,4.0
610,780,3.0
610,781,5.0
610,785,5.0
610,787,3.5
610,789,4.5
610,790,4.5
610,791,3.5
610,795,4.0
610,796,5.0
610,797,5.0
610,798,3.75
610,799,5.0
610,803,4.5
610,804,4.5
610,807,4.5
610,809,4.0
610,814,4.0
610,816,3.5
610,821,4.0
610,827,3.0
610,835,3.5
610,836,5.0
610,839,5.0
610,843,5.0
610,844,4.0
610,849,5.0
610,854,4.5
610,856,4.0
610,859,5.0
610,861,4.0
610,885,5.0
610,890,4.0
610,894,3.5
610,896,5.0
610,931,4.0
610,932,4.5
610,933,3.5
610,934,5.0
610,935,3.0
610,937,4.0
610,939,5.0
610,940,4.5
610,942,3.5
610,947,4.5
610,948,4.0
610,949,4.0
610,950,4.0
610,951,3.5
610,953,4.0
610,955,4.0
610,956,4.5
610,957,4.0
610,958,4.5
610,959,5.0
610,960,4.0
610,963,4.0
610,965,4.0
610,969,4.0
610,971,4.0
610,975,4.0
610,976,4.5
610,977,4.0
610,988,5.0
610,989,4.0
610,990,4.0
610,991,4.5
